Workbook
Name DESCRIPTORS: 'Helper (Do Not Delete)'!$T$3:$W$7
Name FemaleLearners: 'INPUT DATA'!$P$9:$P$58
Name MaleLearners: 'INPUT DATA'!$J$9:$J$58
Name NewTransmu: 'Helper (Do Not Delete)'!$H$3:$K$43

Sheet INPUT DATA
B2: INPUT DATA SHEET
B5: INFORMATION | H5: LEARNERS' NAMES
D8: REGION: | E8: X | I8: MALE | O8: FEMALE
D9: DIVISION: | E9: EDUCATORS FILES | I9: 1 | O9: 1
D10: SCHOOL NAME: | E10: EFILES NATIONAL HIGH SCHOOL | I10: 2 | O10: 2
D11: SCHOOL ID: | E11: 123456 | I11: 3 | O11: 3
D12: SCHOOL YEAR: | E12: 2026-2027 | I12: 4 | O12: 4
I13: 5 | O13: 5
D14: GRADE & SECTION: | E14: VI - MASIPAG | I14: 6 | O14: 6
D15: SUBJECT: | E15: MAPEH | I15: 7 | O15: 7
I16: 8 | O16: 8
D17: TEACHER: | E17: SAMUEL A. SILVERIO | I17: 9 | O17: 9
D18: POSITION: | E18: TEACHER VI | I18: 10 | O18: 10
I19: 11 | O19: 11
D20: SCHOOL HEAD: | E20: PEDRO MAPAGBIGAY | I20: 12 | O20: 12
D21: POSITION: | E21: PRINCIPAL III | I21: 13 | O21: 13
I22: 14 | O22: 14
I23: 15 | O23: 15
I24: 16 | O24: 16
E25: This Excel-based tool is not the official E-Class Record issued by the Department of Education (DepEd). It is an independently developed EduFilesPH resource designed to assist teachers in recording, computing, organizing, and monitoring learners’ grades more efficiently. The assessment components, grading weights, grade computation, transmutation, descriptors, and reporting features implemented in this tool are based on and aligned with DepEd Order No. 015, s. 2026, titled “Revised Guidelines on Classroom Assessment, Grading System, and Awards and Recognition for the K to 12 Basic Education Program.” Should DepEd release future orders, memoranda, official templates, or revised guidelines that introduce changes affecting classroom assessment, grading, or learner reporting, EduFilesPH may review and update this tool to maintain alignment with the latest applicable policies. | I25: 17 | O25: 17
I26: 18 | O26: 18
I27: 19 | O27: 19
I28: 20 | O28: 20
I29: 21 | O29: 21
I30: 22 | O30: 22
I31: 23 | O31: 23
I32: 24 | O32: 24
I33: 25 | O33: 25
I34: 26 | O34: 26
I35: 27 | O35: 27
I36: 28 | O36: 28
I37: 29 | O37: 29
... I58: 50 | O58: 50

Sheet MA_T1
A1: Class Record
B4: REGION | G4: ='INPUT DATA'!E8 -> X | I4: DIVISION | L4: ='INPUT DATA'!E9 -> EDUCATORS FILES
B5: SCHOOL NAME | G5: ='INPUT DATA'!E10 -> EFILES NATIONAL HIGH SCHOOL | Q5: SCHOOL ID | S5: ='INPUT DATA'!E11 -> 123456 | V5: SCHOOL YEAR | AB5: ='INPUT DATA'!E12 -> 2026-2027
A7: TERM 1 | F7: GRADE & SECTION: | J7: ='INPUT DATA'!E14 -> VI - MASIPAG | N7: TEACHER: | Q7: ='INPUT DATA'!E17 -> SAMUEL A. SILVERIO | Z7: SUBJECT: | AB7: MUSIC AND ARTS
B8: LEARNERS' NAMES | F8: WRITTEN / ORAL WORKS (20%) | N8: PRODUCT / PERFORMANCE TASKS (60%) | T8: SUMMATIVE TESTS AND TERM EXAMINATIONS (20%) | AB8: Initial Grade | AC8: TERM GRADE | AD8: DESCRIPTOR
F9: 1 | G9: 2 | H9: 3 | I9: 4 | J9: 5 | K9: Total | L9: PS | M9: WS | N9: 1 | O9: 2 | P9: 3 | Q9: Total | R9: PS | S9: WS | T9: ST1 | U9: ST2 | V9: TE | W9: WS ST1 (30%) | X9: WS ST2 (30%) | Y9: WS TE (40%) | Z9: PS ST&TE | AA9: WS ST&TE
B10: HIGHEST POSSIBLE SCORE | K10: =IF(COUNT($F10:$J10)=0,"",SUM($F10:$J10)) | L10: 100 | M10: 0.2 | Q10: =IF(COUNT($N10:$P10)=0,"",SUM($N10:$P10)) | R10: 100 | S10: 0.6 | W10: 30 | X10: 30 | Y10: 40 | Z10: 100 | AA10: 0.2
B11: MALE | AQ11: ST1 | AR11: ST2 | AS11: TE
A12: 1 | B12: ='INPUT DATA'!J9 -> 0 | K12: =IF(COUNT($F12:$J12)=0,"",SUM($F12:$J12)) | L12: =IF(ISERROR(IF($K12="","",ROUND(($K12/$K$10)*$L$10,2))),"",IF($K12="","",ROUND(($K12/$K$10)*$L$10,2))) | M12: =IF($L12="","",ROUND($L12*$M$10,2)) | Q12: =IF(COUNT($N12:$P12)=0,"",SUM($N12:$P12)) | R12: =IF(ISERROR(IF($Q12="","",ROUND(($Q12/$Q$10)*$R$10,2))),"",IF($Q12="","",ROUND(($Q12/$Q$10)*$R$10,2))) | S12: =IF($R12="","",ROUND($R12*$S$10,2)) | W12: =IF(OR(T12="",$T$10=""),"",(T12/$T$10)*$W$10) | X12: =IF(OR(U12="",$U$10=""),"",(U12/$U$10)*$X$10) | Y12: =IF(OR(V12="",$V$10=""),"",(V12/$V$10)*$Y$10) | Z12: =IF(COUNT($W12:$Y12)=0,"",IFERROR(ROUND((SUM($W12:$Y12)/SUM($W$10:$Y$10))*$Z$10,2),"")) | AA12: =IF($Z12="","",ROUND($Z12*$AA$10,2)) | AB12: =IF(ISERROR(IF($Z12="","",ROUND(SUM($M12,$S12,$AA12),2))),"",IF($Z12="","",ROUND(SUM($M12,$S12,$AA12),2))) | AC12: =IF(ISERROR(IF($Z12="","",VLOOKUP(AB12,NewTransmu,4,TRUE))),"",IF($Z12="","",VLOOKUP(AB12,NewTransmu,4,TRUE))) | AD12: =IF(ISERROR(IF(AC12="","",VLOOKUP(AC12,DESCRIPTORS,4,TRUE))),"",IF(AC12="","",VLOOKUP(AC12,DESCRIPTORS,4,TRUE))) | AQ12: =(T12/$T$10)*100 -> #DIV/0! | AR12: =(U12/$U$10)*100 -> #DIV/0! | AS12: =(V12/$V$10)*100 -> #DIV/0!
A13: 2 | B13: ='INPUT DATA'!J10 -> 0 | K13: =IF(COUNT($F13:$J13)=0,"",SUM($F13:$J13)) | L13: =IF(ISERROR(IF($K13="","",ROUND(($K13/$K$10)*$L$10,2))),"",IF($K13="","",ROUND(($K13/$K$10)*$L$10,2))) | M13: =IF($L13="","",ROUND($L13*$M$10,2)) | Q13: =IF(COUNT($N13:$P13)=0,"",SUM($N13:$P13)) | R13: =IF(ISERROR(IF($Q13="","",ROUND(($Q13/$Q$10)*$R$10,2))),"",IF($Q13="","",ROUND(($Q13/$Q$10)*$R$10,2))) | S13: =IF($R13="","",ROUND($R13*$S$10,2)) | W13: =IF(OR(T13="",$T$10=""),"",(T13/$T$10)*$W$10) | X13: =IF(OR(U13="",$U$10=""),"",(U13/$U$10)*$X$10) | Y13: =IF(OR(V13="",$V$10=""),"",(V13/$V$10)*$Y$10) | Z13: =IF(COUNT($W13:$Y13)=0,"",IFERROR(ROUND((SUM($W13:$Y13)/SUM($W$10:$Y$10))*$Z$10,2),"")) | AA13: =IF($Z13="","",ROUND($Z13*$AA$10,2)) | AB13: =IF(ISERROR(IF($Z13="","",ROUND(SUM($M13,$S13,$AA13),2))),"",IF($Z13="","",ROUND(SUM($M13,$S13,$AA13),2))) | AC13: =IF(ISERROR(IF($Z13="","",VLOOKUP(AB13,NewTransmu,4,TRUE))),"",IF($Z13="","",VLOOKUP(AB13,NewTransmu,4,TRUE))) | AD13: =IF(ISERROR(IF(AC13="","",VLOOKUP(AC13,DESCRIPTORS,4,TRUE))),"",IF(AC13="","",VLOOKUP(AC13,DESCRIPTORS,4,TRUE))) | AQ13: =(T13/$T$10)*100 -> #DIV/0! | AR13: =(U13/$U$10)*100 -> #DIV/0! | AS13: =(V13/$V$10)*100 -> #DIV/0!
A14: 3 | B14: ='INPUT DATA'!J11 -> 0 | K14: =IF(COUNT($F14:$J14)=0,"",SUM($F14:$J14)) | L14: =IF(ISERROR(IF($K14="","",ROUND(($K14/$K$10)*$L$10,2))),"",IF($K14="","",ROUND(($K14/$K$10)*$L$10,2))) | M14: =IF($L14="","",ROUND($L14*$M$10,2)) | Q14: =IF(COUNT($N14:$P14)=0,"",SUM($N14:$P14)) | R14: =IF(ISERROR(IF($Q14="","",ROUND(($Q14/$Q$10)*$R$10,2))),"",IF($Q14="","",ROUND(($Q14/$Q$10)*$R$10,2))) | S14: =IF($R14="","",ROUND($R14*$S$10,2)) | W14: =IF(OR(T14="",$T$10=""),"",(T14/$T$10)*$W$10) | X14: =IF(OR(U14="",$U$10=""),"",(U14/$U$10)*$X$10) | Y14: =IF(OR(V14="",$V$10=""),"",(V14/$V$10)*$Y$10) | Z14: =IF(COUNT($W14:$Y14)=0,"",IFERROR(ROUND((SUM($W14:$Y14)/SUM($W$10:$Y$10))*$Z$10,2),"")) | AA14: =IF($Z14="","",ROUND($Z14*$AA$10,2)) | AB14: =IF(ISERROR(IF($Z14="","",ROUND(SUM($M14,$S14,$AA14),2))),"",IF($Z14="","",ROUND(SUM($M14,$S14,$AA14),2))) | AC14: =IF(ISERROR(IF($Z14="","",VLOOKUP(AB14,NewTransmu,4,TRUE))),"",IF($Z14="","",VLOOKUP(AB14,NewTransmu,4,TRUE))) | AD14: =IF(ISERROR(IF(AC14="","",VLOOKUP(AC14,DESCRIPTORS,4,TRUE))),"",IF(AC14="","",VLOOKUP(AC14,DESCRIPTORS,4,TRUE))) | AQ14: =(T14/$T$10)*100 -> #DIV/0! | AR14: =(U14/$U$10)*100 -> #DIV/0! | AS14: =(V14/$V$10)*100 -> #DIV/0!
A15: 4 | B15: ='INPUT DATA'!J12 -> 0 | K15: =IF(COUNT($F15:$J15)=0,"",SUM($F15:$J15)) | L15: =IF(ISERROR(IF($K15="","",ROUND(($K15/$K$10)*$L$10,2))),"",IF($K15="","",ROUND(($K15/$K$10)*$L$10,2))) | M15: =IF($L15="","",ROUND($L15*$M$10,2)) | Q15: =IF(COUNT($N15:$P15)=0,"",SUM($N15:$P15)) | R15: =IF(ISERROR(IF($Q15="","",ROUND(($Q15/$Q$10)*$R$10,2))),"",IF($Q15="","",ROUND(($Q15/$Q$10)*$R$10,2))) | S15: =IF($R15="","",ROUND($R15*$S$10,2)) | W15: =IF(OR(T15="",$T$10=""),"",(T15/$T$10)*$W$10) | X15: =IF(OR(U15="",$U$10=""),"",(U15/$U$10)*$X$10) | Y15: =IF(OR(V15="",$V$10=""),"",(V15/$V$10)*$Y$10) | Z15: =IF(COUNT($W15:$Y15)=0,"",IFERROR(ROUND((SUM($W15:$Y15)/SUM($W$10:$Y$10))*$Z$10,2),"")) | AA15: =IF($Z15="","",ROUND($Z15*$AA$10,2)) | AB15: =IF(ISERROR(IF($Z15="","",ROUND(SUM($M15,$S15,$AA15),2))),"",IF($Z15="","",ROUND(SUM($M15,$S15,$AA15),2))) | AC15: =IF(ISERROR(IF($Z15="","",VLOOKUP(AB15,NewTransmu,4,TRUE))),"",IF($Z15="","",VLOOKUP(AB15,NewTransmu,4,TRUE))) | AD15: =IF(ISERROR(IF(AC15="","",VLOOKUP(AC15,DESCRIPTORS,4,TRUE))),"",IF(AC15="","",VLOOKUP(AC15,DESCRIPTORS,4,TRUE))) | AQ15: =(T15/$T$10)*100 -> #DIV/0! | AR15: =(U15/$U$10)*100 -> #DIV/0! | AS15: =(V15/$V$10)*100 -> #DIV/0!
A16: 5 | B16: ='INPUT DATA'!J13 -> 0 | K16: =IF(COUNT($F16:$J16)=0,"",SUM($F16:$J16)) | L16: =IF(ISERROR(IF($K16="","",ROUND(($K16/$K$10)*$L$10,2))),"",IF($K16="","",ROUND(($K16/$K$10)*$L$10,2))) | M16: =IF($L16="","",ROUND($L16*$M$10,2)) | Q16: =IF(COUNT($N16:$P16)=0,"",SUM($N16:$P16)) | R16: =IF(ISERROR(IF($Q16="","",ROUND(($Q16/$Q$10)*$R$10,2))),"",IF($Q16="","",ROUND(($Q16/$Q$10)*$R$10,2))) | S16: =IF($R16="","",ROUND($R16*$S$10,2)) | W16: =IF(OR(T16="",$T$10=""),"",(T16/$T$10)*$W$10) | X16: =IF(OR(U16="",$U$10=""),"",(U16/$U$10)*$X$10) | Y16: =IF(OR(V16="",$V$10=""),"",(V16/$V$10)*$Y$10) | Z16: =IF(COUNT($W16:$Y16)=0,"",IFERROR(ROUND((SUM($W16:$Y16)/SUM($W$10:$Y$10))*$Z$10,2),"")) | AA16: =IF($Z16="","",ROUND($Z16*$AA$10,2)) | AB16: =IF(ISERROR(IF($Z16="","",ROUND(SUM($M16,$S16,$AA16),2))),"",IF($Z16="","",ROUND(SUM($M16,$S16,$AA16),2))) | AC16: =IF(ISERROR(IF($Z16="","",VLOOKUP(AB16,NewTransmu,4,TRUE))),"",IF($Z16="","",VLOOKUP(AB16,NewTransmu,4,TRUE))) | AD16: =IF(ISERROR(IF(AC16="","",VLOOKUP(AC16,DESCRIPTORS,4,TRUE))),"",IF(AC16="","",VLOOKUP(AC16,DESCRIPTORS,4,TRUE))) | AQ16: =(T16/$T$10)*100 -> #DIV/0! | AR16: =(U16/$U$10)*100 -> #DIV/0! | AS16: =(V16/$V$10)*100 -> #DIV/0!
A17: 6 | B17: ='INPUT DATA'!J14 -> 0 | K17: =IF(COUNT($F17:$J17)=0,"",SUM($F17:$J17)) | L17: =IF(ISERROR(IF($K17="","",ROUND(($K17/$K$10)*$L$10,2))),"",IF($K17="","",ROUND(($K17/$K$10)*$L$10,2))) | M17: =IF($L17="","",ROUND($L17*$M$10,2)) | Q17: =IF(COUNT($N17:$P17)=0,"",SUM($N17:$P17)) | R17: =IF(ISERROR(IF($Q17="","",ROUND(($Q17/$Q$10)*$R$10,2))),"",IF($Q17="","",ROUND(($Q17/$Q$10)*$R$10,2))) | S17: =IF($R17="","",ROUND($R17*$S$10,2)) | W17: =IF(OR(T17="",$T$10=""),"",(T17/$T$10)*$W$10) | X17: =IF(OR(U17="",$U$10=""),"",(U17/$U$10)*$X$10) | Y17: =IF(OR(V17="",$V$10=""),"",(V17/$V$10)*$Y$10) | Z17: =IF(COUNT($W17:$Y17)=0,"",IFERROR(ROUND((SUM($W17:$Y17)/SUM($W$10:$Y$10))*$Z$10,2),"")) | AA17: =IF($Z17="","",ROUND($Z17*$AA$10,2)) | AB17: =IF(ISERROR(IF($Z17="","",ROUND(SUM($M17,$S17,$AA17),2))),"",IF($Z17="","",ROUND(SUM($M17,$S17,$AA17),2))) | AC17: =IF(ISERROR(IF($Z17="","",VLOOKUP(AB17,NewTransmu,4,TRUE))),"",IF($Z17="","",VLOOKUP(AB17,NewTransmu,4,TRUE))) | AD17: =IF(ISERROR(IF(AC17="","",VLOOKUP(AC17,DESCRIPTORS,4,TRUE))),"",IF(AC17="","",VLOOKUP(AC17,DESCRIPTORS,4,TRUE))) | AQ17: =(T17/$T$10)*100 -> #DIV/0! | AR17: =(U17/$U$10)*100 -> #DIV/0! | AS17: =(V17/$V$10)*100 -> #DIV/0!
A18: 7 | B18: ='INPUT DATA'!J15 -> 0 | K18: =IF(COUNT($F18:$J18)=0,"",SUM($F18:$J18)) | L18: =IF(ISERROR(IF($K18="","",ROUND(($K18/$K$10)*$L$10,2))),"",IF($K18="","",ROUND(($K18/$K$10)*$L$10,2))) | M18: =IF($L18="","",ROUND($L18*$M$10,2)) | Q18: =IF(COUNT($N18:$P18)=0,"",SUM($N18:$P18)) | R18: =IF(ISERROR(IF($Q18="","",ROUND(($Q18/$Q$10)*$R$10,2))),"",IF($Q18="","",ROUND(($Q18/$Q$10)*$R$10,2))) | S18: =IF($R18="","",ROUND($R18*$S$10,2)) | W18: =IF(OR(T18="",$T$10=""),"",(T18/$T$10)*$W$10) | X18: =IF(OR(U18="",$U$10=""),"",(U18/$U$10)*$X$10) | Y18: =IF(OR(V18="",$V$10=""),"",(V18/$V$10)*$Y$10) | Z18: =IF(COUNT($W18:$Y18)=0,"",IFERROR(ROUND((SUM($W18:$Y18)/SUM($W$10:$Y$10))*$Z$10,2),"")) | AA18: =IF($Z18="","",ROUND($Z18*$AA$10,2)) | AB18: =IF(ISERROR(IF($Z18="","",ROUND(SUM($M18,$S18,$AA18),2))),"",IF($Z18="","",ROUND(SUM($M18,$S18,$AA18),2))) | AC18: =IF(ISERROR(IF($Z18="","",VLOOKUP(AB18,NewTransmu,4,TRUE))),"",IF($Z18="","",VLOOKUP(AB18,NewTransmu,4,TRUE))) | AD18: =IF(ISERROR(IF(AC18="","",VLOOKUP(AC18,DESCRIPTORS,4,TRUE))),"",IF(AC18="","",VLOOKUP(AC18,DESCRIPTORS,4,TRUE))) | AQ18: =(T18/$T$10)*100 -> #DIV/0! | AR18: =(U18/$U$10)*100 -> #DIV/0! | AS18: =(V18/$V$10)*100 -> #DIV/0!
A19: 8 | B19: ='INPUT DATA'!J16 -> 0 | K19: =IF(COUNT($F19:$J19)=0,"",SUM($F19:$J19)) | L19: =IF(ISERROR(IF($K19="","",ROUND(($K19/$K$10)*$L$10,2))),"",IF($K19="","",ROUND(($K19/$K$10)*$L$10,2))) | M19: =IF($L19="","",ROUND($L19*$M$10,2)) | Q19: =IF(COUNT($N19:$P19)=0,"",SUM($N19:$P19)) | R19: =IF(ISERROR(IF($Q19="","",ROUND(($Q19/$Q$10)*$R$10,2))),"",IF($Q19="","",ROUND(($Q19/$Q$10)*$R$10,2))) | S19: =IF($R19="","",ROUND($R19*$S$10,2)) | W19: =IF(OR(T19="",$T$10=""),"",(T19/$T$10)*$W$10) | X19: =IF(OR(U19="",$U$10=""),"",(U19/$U$10)*$X$10) | Y19: =IF(OR(V19="",$V$10=""),"",(V19/$V$10)*$Y$10) | Z19: =IF(COUNT($W19:$Y19)=0,"",IFERROR(ROUND((SUM($W19:$Y19)/SUM($W$10:$Y$10))*$Z$10,2),"")) | AA19: =IF($Z19="","",ROUND($Z19*$AA$10,2)) | AB19: =IF(ISERROR(IF($Z19="","",ROUND(SUM($M19,$S19,$AA19),2))),"",IF($Z19="","",ROUND(SUM($M19,$S19,$AA19),2))) | AC19: =IF(ISERROR(IF($Z19="","",VLOOKUP(AB19,NewTransmu,4,TRUE))),"",IF($Z19="","",VLOOKUP(AB19,NewTransmu,4,TRUE))) | AD19: =IF(ISERROR(IF(AC19="","",VLOOKUP(AC19,DESCRIPTORS,4,TRUE))),"",IF(AC19="","",VLOOKUP(AC19,DESCRIPTORS,4,TRUE))) | AQ19: =(T19/$T$10)*100 -> #DIV/0! | AR19: =(U19/$U$10)*100 -> #DIV/0! | AS19: =(V19/$V$10)*100 -> #DIV/0!
A20: 9 | B20: ='INPUT DATA'!J17 -> 0 | K20: =IF(COUNT($F20:$J20)=0,"",SUM($F20:$J20)) | L20: =IF(ISERROR(IF($K20="","",ROUND(($K20/$K$10)*$L$10,2))),"",IF($K20="","",ROUND(($K20/$K$10)*$L$10,2))) | M20: =IF($L20="","",ROUND($L20*$M$10,2)) | Q20: =IF(COUNT($N20:$P20)=0,"",SUM($N20:$P20)) | R20: =IF(ISERROR(IF($Q20="","",ROUND(($Q20/$Q$10)*$R$10,2))),"",IF($Q20="","",ROUND(($Q20/$Q$10)*$R$10,2))) | S20: =IF($R20="","",ROUND($R20*$S$10,2)) | W20: =IF(OR(T20="",$T$10=""),"",(T20/$T$10)*$W$10) | X20: =IF(OR(U20="",$U$10=""),"",(U20/$U$10)*$X$10) | Y20: =IF(OR(V20="",$V$10=""),"",(V20/$V$10)*$Y$10) | Z20: =IF(COUNT($W20:$Y20)=0,"",IFERROR(ROUND((SUM($W20:$Y20)/SUM($W$10:$Y$10))*$Z$10,2),"")) | AA20: =IF($Z20="","",ROUND($Z20*$AA$10,2)) | AB20: =IF(ISERROR(IF($Z20="","",ROUND(SUM($M20,$S20,$AA20),2))),"",IF($Z20="","",ROUND(SUM($M20,$S20,$AA20),2))) | AC20: =IF(ISERROR(IF($Z20="","",VLOOKUP(AB20,NewTransmu,4,TRUE))),"",IF($Z20="","",VLOOKUP(AB20,NewTransmu,4,TRUE))) | AD20: =IF(ISERROR(IF(AC20="","",VLOOKUP(AC20,DESCRIPTORS,4,TRUE))),"",IF(AC20="","",VLOOKUP(AC20,DESCRIPTORS,4,TRUE))) | AQ20: =(T20/$T$10)*100 -> #DIV/0! | AR20: =(U20/$U$10)*100 -> #DIV/0! | AS20: =(V20/$V$10)*100 -> #DIV/0!
A21: 10 | B21: ='INPUT DATA'!J18 -> 0 | K21: =IF(COUNT($F21:$J21)=0,"",SUM($F21:$J21)) | L21: =IF(ISERROR(IF($K21="","",ROUND(($K21/$K$10)*$L$10,2))),"",IF($K21="","",ROUND(($K21/$K$10)*$L$10,2))) | M21: =IF($L21="","",ROUND($L21*$M$10,2)) | Q21: =IF(COUNT($N21:$P21)=0,"",SUM($N21:$P21)) | R21: =IF(ISERROR(IF($Q21="","",ROUND(($Q21/$Q$10)*$R$10,2))),"",IF($Q21="","",ROUND(($Q21/$Q$10)*$R$10,2))) | S21: =IF($R21="","",ROUND($R21*$S$10,2)) | W21: =IF(OR(T21="",$T$10=""),"",(T21/$T$10)*$W$10) | X21: =IF(OR(U21="",$U$10=""),"",(U21/$U$10)*$X$10) | Y21: =IF(OR(V21="",$V$10=""),"",(V21/$V$10)*$Y$10) | Z21: =IF(COUNT($W21:$Y21)=0,"",IFERROR(ROUND((SUM($W21:$Y21)/SUM($W$10:$Y$10))*$Z$10,2),"")) | AA21: =IF($Z21="","",ROUND($Z21*$AA$10,2)) | AB21: =IF(ISERROR(IF($Z21="","",ROUND(SUM($M21,$S21,$AA21),2))),"",IF($Z21="","",ROUND(SUM($M21,$S21,$AA21),2))) | AC21: =IF(ISERROR(IF($Z21="","",VLOOKUP(AB21,NewTransmu,4,TRUE))),"",IF($Z21="","",VLOOKUP(AB21,NewTransmu,4,TRUE))) | AD21: =IF(ISERROR(IF(AC21="","",VLOOKUP(AC21,DESCRIPTORS,4,TRUE))),"",IF(AC21="","",VLOOKUP(AC21,DESCRIPTORS,4,TRUE))) | AQ21: =(T21/$T$10)*100 -> #DIV/0! | AR21: =(U21/$U$10)*100 -> #DIV/0! | AS21: =(V21/$V$10)*100 -> #DIV/0!
A22: 11 | B22: ='INPUT DATA'!J19 -> 0 | K22: =IF(COUNT($F22:$J22)=0,"",SUM($F22:$J22)) | L22: =IF(ISERROR(IF($K22="","",ROUND(($K22/$K$10)*$L$10,2))),"",IF($K22="","",ROUND(($K22/$K$10)*$L$10,2))) | M22: =IF($L22="","",ROUND($L22*$M$10,2)) | Q22: =IF(COUNT($N22:$P22)=0,"",SUM($N22:$P22)) | R22: =IF(ISERROR(IF($Q22="","",ROUND(($Q22/$Q$10)*$R$10,2))),"",IF($Q22="","",ROUND(($Q22/$Q$10)*$R$10,2))) | S22: =IF($R22="","",ROUND($R22*$S$10,2)) | W22: =IF(OR(T22="",$T$10=""),"",(T22/$T$10)*$W$10) | X22: =IF(OR(U22="",$U$10=""),"",(U22/$U$10)*$X$10) | Y22: =IF(OR(V22="",$V$10=""),"",(V22/$V$10)*$Y$10) | Z22: =IF(COUNT($W22:$Y22)=0,"",IFERROR(ROUND((SUM($W22:$Y22)/SUM($W$10:$Y$10))*$Z$10,2),"")) | AA22: =IF($Z22="","",ROUND($Z22*$AA$10,2)) | AB22: =IF(ISERROR(IF($Z22="","",ROUND(SUM($M22,$S22,$AA22),2))),"",IF($Z22="","",ROUND(SUM($M22,$S22,$AA22),2))) | AC22: =IF(ISERROR(IF($Z22="","",VLOOKUP(AB22,NewTransmu,4,TRUE))),"",IF($Z22="","",VLOOKUP(AB22,NewTransmu,4,TRUE))) | AD22: =IF(ISERROR(IF(AC22="","",VLOOKUP(AC22,DESCRIPTORS,4,TRUE))),"",IF(AC22="","",VLOOKUP(AC22,DESCRIPTORS,4,TRUE))) | AQ22: =(T22/$T$10)*100 -> #DIV/0! | AR22: =(U22/$U$10)*100 -> #DIV/0! | AS22: =(V22/$V$10)*100 -> #DIV/0!
A23: 12 | B23: ='INPUT DATA'!J20 -> 0 | K23: =IF(COUNT($F23:$J23)=0,"",SUM($F23:$J23)) | L23: =IF(ISERROR(IF($K23="","",ROUND(($K23/$K$10)*$L$10,2))),"",IF($K23="","",ROUND(($K23/$K$10)*$L$10,2))) | M23: =IF($L23="","",ROUND($L23*$M$10,2)) | Q23: =IF(COUNT($N23:$P23)=0,"",SUM($N23:$P23)) | R23: =IF(ISERROR(IF($Q23="","",ROUND(($Q23/$Q$10)*$R$10,2))),"",IF($Q23="","",ROUND(($Q23/$Q$10)*$R$10,2))) | S23: =IF($R23="","",ROUND($R23*$S$10,2)) | W23: =IF(OR(T23="",$T$10=""),"",(T23/$T$10)*$W$10) | X23: =IF(OR(U23="",$U$10=""),"",(U23/$U$10)*$X$10) | Y23: =IF(OR(V23="",$V$10=""),"",(V23/$V$10)*$Y$10) | Z23: =IF(COUNT($W23:$Y23)=0,"",IFERROR(ROUND((SUM($W23:$Y23)/SUM($W$10:$Y$10))*$Z$10,2),"")) | AA23: =IF($Z23="","",ROUND($Z23*$AA$10,2)) | AB23: =IF(ISERROR(IF($Z23="","",ROUND(SUM($M23,$S23,$AA23),2))),"",IF($Z23="","",ROUND(SUM($M23,$S23,$AA23),2))) | AC23: =IF(ISERROR(IF($Z23="","",VLOOKUP(AB23,NewTransmu,4,TRUE))),"",IF($Z23="","",VLOOKUP(AB23,NewTransmu,4,TRUE))) | AD23: =IF(ISERROR(IF(AC23="","",VLOOKUP(AC23,DESCRIPTORS,4,TRUE))),"",IF(AC23="","",VLOOKUP(AC23,DESCRIPTORS,4,TRUE))) | AQ23: =(T23/$T$10)*100 -> #DIV/0! | AR23: =(U23/$U$10)*100 -> #DIV/0! | AS23: =(V23/$V$10)*100 -> #DIV/0!
... A61: 50 | B61: ='INPUT DATA'!J58 -> 0 | K61: =IF(COUNT($F61:$J61)=0,"",SUM($F61:$J61)) | L61: =IF(ISERROR(IF($K61="","",ROUND(($K61/$K$10)*$L$10,2))),"",IF($K61="","",ROUND(($K61/$K$10)*$L$10,2))) | M61: =IF($L61="","",ROUND($L61*$M$10,2)) | Q61: =IF(COUNT($N61:$P61)=0,"",SUM($N61:$P61)) | R61: =IF(ISERROR(IF($Q61="","",ROUND(($Q61/$Q$10)*$R$10,2))),"",IF($Q61="","",ROUND(($Q61/$Q$10)*$R$10,2))) | S61: =IF($R61="","",ROUND($R61*$S$10,2)) | W61: =IF(OR(T61="",$T$10=""),"",(T61/$T$10)*$W$10) | X61: =IF(OR(U61="",$U$10=""),"",(U61/$U$10)*$X$10) | Y61: =IF(OR(V61="",$V$10=""),"",(V61/$V$10)*$Y$10) | Z61: =IF(COUNT($W61:$Y61)=0,"",IFERROR(ROUND((SUM($W61:$Y61)/SUM($W$10:$Y$10))*$Z$10,2),"")) | AA61: =IF($Z61="","",ROUND($Z61*$AA$10,2)) | AB61: =IF(ISERROR(IF($Z61="","",ROUND(SUM($M61,$S61,$AA61),2))),"",IF($Z61="","",ROUND(SUM($M61,$S61,$AA61),2))) | AC61: =IF(ISERROR(IF($Z61="","",VLOOKUP(AB61,NewTransmu,4,TRUE))),"",IF($Z61="","",VLOOKUP(AB61,NewTransmu,4,TRUE))) | AD61: =IF(ISERROR(IF(AC61="","",VLOOKUP(AC61,DESCRIPTORS,4,TRUE))),"",IF(AC61="","",VLOOKUP(AC61,DESCRIPTORS,4,TRUE))) | AQ61: =(T61/$T$10)*100 -> #DIV/0! | AR61: =(U61/$U$10)*100 -> #DIV/0! | AS61: =(V61/$V$10)*100 -> #DIV/0!
B62: FEMALE | AQ62: =(T62/$T$10)*100 -> #DIV/0! | AR62: =(U62/$U$10)*100 -> #DIV/0! | AS62: =(V62/$V$10)*100 -> #DIV/0!
A63: 1 | B63: ='INPUT DATA'!P9 -> 0 | K63: =IF(COUNT($F63:$J63)=0,"",SUM($F63:$J63)) | L63: =IF(ISERROR(IF($K63="","",ROUND(($K63/$K$10)*$L$10,2))),"",IF($K63="","",ROUND(($K63/$K$10)*$L$10,2))) | M63: =IF($L63="","",ROUND($L63*$M$10,2)) | Q63: =IF(COUNT($N63:$P63)=0,"",SUM($N63:$P63)) | R63: =IF(ISERROR(IF($Q63="","",ROUND(($Q63/$Q$10)*$R$10,2))),"",IF($Q63="","",ROUND(($Q63/$Q$10)*$R$10,2))) | S63: =IF($R63="","",ROUND($R63*$S$10,2)) | W63: =IF(OR(T63="",$T$10=""),"",(T63/$T$10)*$W$10) | X63: =IF(OR(U63="",$U$10=""),"",(U63/$U$10)*$X$10) | Y63: =IF(OR(V63="",$V$10=""),"",(V63/$V$10)*$Y$10) | Z63: =IF(COUNT($W63:$Y63)=0,"",IFERROR(ROUND((SUM($W63:$Y63)/SUM($W$10:$Y$10))*$Z$10,2),"")) | AA63: =IF($Z63="","",ROUND($Z63*$AA$10,2)) | AB63: =IF(ISERROR(IF($Z63="","",ROUND(SUM($M63,$S63,$AA63),2))),"",IF($Z63="","",ROUND(SUM($M63,$S63,$AA63),2))) | AC63: =IF(ISERROR(IF($Z63="","",VLOOKUP(AB63,NewTransmu,4,TRUE))),"",IF($Z63="","",VLOOKUP(AB63,NewTransmu,4,TRUE))) | AD63: =IF(ISERROR(IF(AC63="","",VLOOKUP(AC63,DESCRIPTORS,4,TRUE))),"",IF(AC63="","",VLOOKUP(AC63,DESCRIPTORS,4,TRUE))) | AQ63: =(T63/$T$10)*100 -> #DIV/0! | AR63: =(U63/$U$10)*100 -> #DIV/0! | AS63: =(V63/$V$10)*100 -> #DIV/0!
A64: 2 | B64: ='INPUT DATA'!P10 -> 0 | K64: =IF(COUNT($F64:$J64)=0,"",SUM($F64:$J64)) | L64: =IF(ISERROR(IF($K64="","",ROUND(($K64/$K$10)*$L$10,2))),"",IF($K64="","",ROUND(($K64/$K$10)*$L$10,2))) | M64: =IF($L64="","",ROUND($L64*$M$10,2)) | Q64: =IF(COUNT($N64:$P64)=0,"",SUM($N64:$P64)) | R64: =IF(ISERROR(IF($Q64="","",ROUND(($Q64/$Q$10)*$R$10,2))),"",IF($Q64="","",ROUND(($Q64/$Q$10)*$R$10,2))) | S64: =IF($R64="","",ROUND($R64*$S$10,2)) | W64: =IF(OR(T64="",$T$10=""),"",(T64/$T$10)*$W$10) | X64: =IF(OR(U64="",$U$10=""),"",(U64/$U$10)*$X$10) | Y64: =IF(OR(V64="",$V$10=""),"",(V64/$V$10)*$Y$10) | Z64: =IF(COUNT($W64:$Y64)=0,"",IFERROR(ROUND((SUM($W64:$Y64)/SUM($W$10:$Y$10))*$Z$10,2),"")) | AA64: =IF($Z64="","",ROUND($Z64*$AA$10,2)) | AB64: =IF(ISERROR(IF($Z64="","",ROUND(SUM($M64,$S64,$AA64),2))),"",IF($Z64="","",ROUND(SUM($M64,$S64,$AA64),2))) | AC64: =IF(ISERROR(IF($Z64="","",VLOOKUP(AB64,NewTransmu,4,TRUE))),"",IF($Z64="","",VLOOKUP(AB64,NewTransmu,4,TRUE))) | AD64: =IF(ISERROR(IF(AC64="","",VLOOKUP(AC64,DESCRIPTORS,4,TRUE))),"",IF(AC64="","",VLOOKUP(AC64,DESCRIPTORS,4,TRUE))) | AQ64: =(T64/$T$10)*100 -> #DIV/0! | AR64: =(U64/$U$10)*100 -> #DIV/0! | AS64: =(V64/$V$10)*100 -> #DIV/0!
A65: 3 | B65: ='INPUT DATA'!P11 -> 0 | K65: =IF(COUNT($F65:$J65)=0,"",SUM($F65:$J65)) | L65: =IF(ISERROR(IF($K65="","",ROUND(($K65/$K$10)*$L$10,2))),"",IF($K65="","",ROUND(($K65/$K$10)*$L$10,2))) | M65: =IF($L65="","",ROUND($L65*$M$10,2)) | Q65: =IF(COUNT($N65:$P65)=0,"",SUM($N65:$P65)) | R65: =IF(ISERROR(IF($Q65="","",ROUND(($Q65/$Q$10)*$R$10,2))),"",IF($Q65="","",ROUND(($Q65/$Q$10)*$R$10,2))) | S65: =IF($R65="","",ROUND($R65*$S$10,2)) | W65: =IF(OR(T65="",$T$10=""),"",(T65/$T$10)*$W$10) | X65: =IF(OR(U65="",$U$10=""),"",(U65/$U$10)*$X$10) | Y65: =IF(OR(V65="",$V$10=""),"",(V65/$V$10)*$Y$10) | Z65: =IF(COUNT($W65:$Y65)=0,"",IFERROR(ROUND((SUM($W65:$Y65)/SUM($W$10:$Y$10))*$Z$10,2),"")) | AA65: =IF($Z65="","",ROUND($Z65*$AA$10,2)) | AB65: =IF(ISERROR(IF($Z65="","",ROUND(SUM($M65,$S65,$AA65),2))),"",IF($Z65="","",ROUND(SUM($M65,$S65,$AA65),2))) | AC65: =IF(ISERROR(IF($Z65="","",VLOOKUP(AB65,NewTransmu,4,TRUE))),"",IF($Z65="","",VLOOKUP(AB65,NewTransmu,4,TRUE))) | AD65: =IF(ISERROR(IF(AC65="","",VLOOKUP(AC65,DESCRIPTORS,4,TRUE))),"",IF(AC65="","",VLOOKUP(AC65,DESCRIPTORS,4,TRUE))) | AQ65: =(T65/$T$10)*100 -> #DIV/0! | AR65: =(U65/$U$10)*100 -> #DIV/0! | AS65: =(V65/$V$10)*100 -> #DIV/0!
A66: 4 | B66: ='INPUT DATA'!P12 -> 0 | K66: =IF(COUNT($F66:$J66)=0,"",SUM($F66:$J66)) | L66: =IF(ISERROR(IF($K66="","",ROUND(($K66/$K$10)*$L$10,2))),"",IF($K66="","",ROUND(($K66/$K$10)*$L$10,2))) | M66: =IF($L66="","",ROUND($L66*$M$10,2)) | Q66: =IF(COUNT($N66:$P66)=0,"",SUM($N66:$P66)) | R66: =IF(ISERROR(IF($Q66="","",ROUND(($Q66/$Q$10)*$R$10,2))),"",IF($Q66="","",ROUND(($Q66/$Q$10)*$R$10,2))) | S66: =IF($R66="","",ROUND($R66*$S$10,2)) | W66: =IF(OR(T66="",$T$10=""),"",(T66/$T$10)*$W$10) | X66: =IF(OR(U66="",$U$10=""),"",(U66/$U$10)*$X$10) | Y66: =IF(OR(V66="",$V$10=""),"",(V66/$V$10)*$Y$10) | Z66: =IF(COUNT($W66:$Y66)=0,"",IFERROR(ROUND((SUM($W66:$Y66)/SUM($W$10:$Y$10))*$Z$10,2),"")) | AA66: =IF($Z66="","",ROUND($Z66*$AA$10,2)) | AB66: =IF(ISERROR(IF($Z66="","",ROUND(SUM($M66,$S66,$AA66),2))),"",IF($Z66="","",ROUND(SUM($M66,$S66,$AA66),2))) | AC66: =IF(ISERROR(IF($Z66="","",VLOOKUP(AB66,NewTransmu,4,TRUE))),"",IF($Z66="","",VLOOKUP(AB66,NewTransmu,4,TRUE))) | AD66: =IF(ISERROR(IF(AC66="","",VLOOKUP(AC66,DESCRIPTORS,4,TRUE))),"",IF(AC66="","",VLOOKUP(AC66,DESCRIPTORS,4,TRUE))) | AQ66: =(T66/$T$10)*100 -> #DIV/0! | AR66: =(U66/$U$10)*100 -> #DIV/0! | AS66: =(V66/$V$10)*100 -> #DIV/0!
A67: 5 | B67: ='INPUT DATA'!P13 -> 0 | K67: =IF(COUNT($F67:$J67)=0,"",SUM($F67:$J67)) | L67: =IF(ISERROR(IF($K67="","",ROUND(($K67/$K$10)*$L$10,2))),"",IF($K67="","",ROUND(($K67/$K$10)*$L$10,2))) | M67: =IF($L67="","",ROUND($L67*$M$10,2)) | Q67: =IF(COUNT($N67:$P67)=0,"",SUM($N67:$P67)) | R67: =IF(ISERROR(IF($Q67="","",ROUND(($Q67/$Q$10)*$R$10,2))),"",IF($Q67="","",ROUND(($Q67/$Q$10)*$R$10,2))) | S67: =IF($R67="","",ROUND($R67*$S$10,2)) | W67: =IF(OR(T67="",$T$10=""),"",(T67/$T$10)*$W$10) | X67: =IF(OR(U67="",$U$10=""),"",(U67/$U$10)*$X$10) | Y67: =IF(OR(V67="",$V$10=""),"",(V67/$V$10)*$Y$10) | Z67: =IF(COUNT($W67:$Y67)=0,"",IFERROR(ROUND((SUM($W67:$Y67)/SUM($W$10:$Y$10))*$Z$10,2),"")) | AA67: =IF($Z67="","",ROUND($Z67*$AA$10,2)) | AB67: =IF(ISERROR(IF($Z67="","",ROUND(SUM($M67,$S67,$AA67),2))),"",IF($Z67="","",ROUND(SUM($M67,$S67,$AA67),2))) | AC67: =IF(ISERROR(IF($Z67="","",VLOOKUP(AB67,NewTransmu,4,TRUE))),"",IF($Z67="","",VLOOKUP(AB67,NewTransmu,4,TRUE))) | AD67: =IF(ISERROR(IF(AC67="","",VLOOKUP(AC67,DESCRIPTORS,4,TRUE))),"",IF(AC67="","",VLOOKUP(AC67,DESCRIPTORS,4,TRUE))) | AQ67: =(T67/$T$10)*100 -> #DIV/0! | AR67: =(U67/$U$10)*100 -> #DIV/0! | AS67: =(V67/$V$10)*100 -> #DIV/0!
A68: 6 | B68: ='INPUT DATA'!P14 -> 0 | K68: =IF(COUNT($F68:$J68)=0,"",SUM($F68:$J68)) | L68: =IF(ISERROR(IF($K68="","",ROUND(($K68/$K$10)*$L$10,2))),"",IF($K68="","",ROUND(($K68/$K$10)*$L$10,2))) | M68: =IF($L68="","",ROUND($L68*$M$10,2)) | Q68: =IF(COUNT($N68:$P68)=0,"",SUM($N68:$P68)) | R68: =IF(ISERROR(IF($Q68="","",ROUND(($Q68/$Q$10)*$R$10,2))),"",IF($Q68="","",ROUND(($Q68/$Q$10)*$R$10,2))) | S68: =IF($R68="","",ROUND($R68*$S$10,2)) | W68: =IF(OR(T68="",$T$10=""),"",(T68/$T$10)*$W$10) | X68: =IF(OR(U68="",$U$10=""),"",(U68/$U$10)*$X$10) | Y68: =IF(OR(V68="",$V$10=""),"",(V68/$V$10)*$Y$10) | Z68: =IF(COUNT($W68:$Y68)=0,"",IFERROR(ROUND((SUM($W68:$Y68)/SUM($W$10:$Y$10))*$Z$10,2),"")) | AA68: =IF($Z68="","",ROUND($Z68*$AA$10,2)) | AB68: =IF(ISERROR(IF($Z68="","",ROUND(SUM($M68,$S68,$AA68),2))),"",IF($Z68="","",ROUND(SUM($M68,$S68,$AA68),2))) | AC68: =IF(ISERROR(IF($Z68="","",VLOOKUP(AB68,NewTransmu,4,TRUE))),"",IF($Z68="","",VLOOKUP(AB68,NewTransmu,4,TRUE))) | AD68: =IF(ISERROR(IF(AC68="","",VLOOKUP(AC68,DESCRIPTORS,4,TRUE))),"",IF(AC68="","",VLOOKUP(AC68,DESCRIPTORS,4,TRUE))) | AQ68: =(T68/$T$10)*100 -> #DIV/0! | AR68: =(U68/$U$10)*100 -> #DIV/0! | AS68: =(V68/$V$10)*100 -> #DIV/0!
A69: 7 | B69: ='INPUT DATA'!P15 -> 0 | K69: =IF(COUNT($F69:$J69)=0,"",SUM($F69:$J69)) | L69: =IF(ISERROR(IF($K69="","",ROUND(($K69/$K$10)*$L$10,2))),"",IF($K69="","",ROUND(($K69/$K$10)*$L$10,2))) | M69: =IF($L69="","",ROUND($L69*$M$10,2)) | Q69: =IF(COUNT($N69:$P69)=0,"",SUM($N69:$P69)) | R69: =IF(ISERROR(IF($Q69="","",ROUND(($Q69/$Q$10)*$R$10,2))),"",IF($Q69="","",ROUND(($Q69/$Q$10)*$R$10,2))) | S69: =IF($R69="","",ROUND($R69*$S$10,2)) | W69: =IF(OR(T69="",$T$10=""),"",(T69/$T$10)*$W$10) | X69: =IF(OR(U69="",$U$10=""),"",(U69/$U$10)*$X$10) | Y69: =IF(OR(V69="",$V$10=""),"",(V69/$V$10)*$Y$10) | Z69: =IF(COUNT($W69:$Y69)=0,"",IFERROR(ROUND((SUM($W69:$Y69)/SUM($W$10:$Y$10))*$Z$10,2),"")) | AA69: =IF($Z69="","",ROUND($Z69*$AA$10,2)) | AB69: =IF(ISERROR(IF($Z69="","",ROUND(SUM($M69,$S69,$AA69),2))),"",IF($Z69="","",ROUND(SUM($M69,$S69,$AA69),2))) | AC69: =IF(ISERROR(IF($Z69="","",VLOOKUP(AB69,NewTransmu,4,TRUE))),"",IF($Z69="","",VLOOKUP(AB69,NewTransmu,4,TRUE))) | AD69: =IF(ISERROR(IF(AC69="","",VLOOKUP(AC69,DESCRIPTORS,4,TRUE))),"",IF(AC69="","",VLOOKUP(AC69,DESCRIPTORS,4,TRUE))) | AQ69: =(T69/$T$10)*100 -> #DIV/0! | AR69: =(U69/$U$10)*100 -> #DIV/0! | AS69: =(V69/$V$10)*100 -> #DIV/0!
A70: 8 | B70: ='INPUT DATA'!P16 -> 0 | K70: =IF(COUNT($F70:$J70)=0,"",SUM($F70:$J70)) | L70: =IF(ISERROR(IF($K70="","",ROUND(($K70/$K$10)*$L$10,2))),"",IF($K70="","",ROUND(($K70/$K$10)*$L$10,2))) | M70: =IF($L70="","",ROUND($L70*$M$10,2)) | Q70: =IF(COUNT($N70:$P70)=0,"",SUM($N70:$P70)) | R70: =IF(ISERROR(IF($Q70="","",ROUND(($Q70/$Q$10)*$R$10,2))),"",IF($Q70="","",ROUND(($Q70/$Q$10)*$R$10,2))) | S70: =IF($R70="","",ROUND($R70*$S$10,2)) | W70: =IF(OR(T70="",$T$10=""),"",(T70/$T$10)*$W$10) | X70: =IF(OR(U70="",$U$10=""),"",(U70/$U$10)*$X$10) | Y70: =IF(OR(V70="",$V$10=""),"",(V70/$V$10)*$Y$10) | Z70: =IF(COUNT($W70:$Y70)=0,"",IFERROR(ROUND((SUM($W70:$Y70)/SUM($W$10:$Y$10))*$Z$10,2),"")) | AA70: =IF($Z70="","",ROUND($Z70*$AA$10,2)) | AB70: =IF(ISERROR(IF($Z70="","",ROUND(SUM($M70,$S70,$AA70),2))),"",IF($Z70="","",ROUND(SUM($M70,$S70,$AA70),2))) | AC70: =IF(ISERROR(IF($Z70="","",VLOOKUP(AB70,NewTransmu,4,TRUE))),"",IF($Z70="","",VLOOKUP(AB70,NewTransmu,4,TRUE))) | AD70: =IF(ISERROR(IF(AC70="","",VLOOKUP(AC70,DESCRIPTORS,4,TRUE))),"",IF(AC70="","",VLOOKUP(AC70,DESCRIPTORS,4,TRUE))) | AQ70: =(T70/$T$10)*100 -> #DIV/0! | AR70: =(U70/$U$10)*100 -> #DIV/0! | AS70: =(V70/$V$10)*100 -> #DIV/0!
A71: 9 | B71: ='INPUT DATA'!P17 -> 0 | K71: =IF(COUNT($F71:$J71)=0,"",SUM($F71:$J71)) | L71: =IF(ISERROR(IF($K71="","",ROUND(($K71/$K$10)*$L$10,2))),"",IF($K71="","",ROUND(($K71/$K$10)*$L$10,2))) | M71: =IF($L71="","",ROUND($L71*$M$10,2)) | Q71: =IF(COUNT($N71:$P71)=0,"",SUM($N71:$P71)) | R71: =IF(ISERROR(IF($Q71="","",ROUND(($Q71/$Q$10)*$R$10,2))),"",IF($Q71="","",ROUND(($Q71/$Q$10)*$R$10,2))) | S71: =IF($R71="","",ROUND($R71*$S$10,2)) | W71: =IF(OR(T71="",$T$10=""),"",(T71/$T$10)*$W$10) | X71: =IF(OR(U71="",$U$10=""),"",(U71/$U$10)*$X$10) | Y71: =IF(OR(V71="",$V$10=""),"",(V71/$V$10)*$Y$10) | Z71: =IF(COUNT($W71:$Y71)=0,"",IFERROR(ROUND((SUM($W71:$Y71)/SUM($W$10:$Y$10))*$Z$10,2),"")) | AA71: =IF($Z71="","",ROUND($Z71*$AA$10,2)) | AB71: =IF(ISERROR(IF($Z71="","",ROUND(SUM($M71,$S71,$AA71),2))),"",IF($Z71="","",ROUND(SUM($M71,$S71,$AA71),2))) | AC71: =IF(ISERROR(IF($Z71="","",VLOOKUP(AB71,NewTransmu,4,TRUE))),"",IF($Z71="","",VLOOKUP(AB71,NewTransmu,4,TRUE))) | AD71: =IF(ISERROR(IF(AC71="","",VLOOKUP(AC71,DESCRIPTORS,4,TRUE))),"",IF(AC71="","",VLOOKUP(AC71,DESCRIPTORS,4,TRUE))) | AQ71: =(T71/$T$10)*100 -> #DIV/0! | AR71: =(U71/$U$10)*100 -> #DIV/0! | AS71: =(V71/$V$10)*100 -> #DIV/0!
A72: 10 | B72: ='INPUT DATA'!P18 -> 0 | K72: =IF(COUNT($F72:$J72)=0,"",SUM($F72:$J72)) | L72: =IF(ISERROR(IF($K72="","",ROUND(($K72/$K$10)*$L$10,2))),"",IF($K72="","",ROUND(($K72/$K$10)*$L$10,2))) | M72: =IF($L72="","",ROUND($L72*$M$10,2)) | Q72: =IF(COUNT($N72:$P72)=0,"",SUM($N72:$P72)) | R72: =IF(ISERROR(IF($Q72="","",ROUND(($Q72/$Q$10)*$R$10,2))),"",IF($Q72="","",ROUND(($Q72/$Q$10)*$R$10,2))) | S72: =IF($R72="","",ROUND($R72*$S$10,2)) | W72: =IF(OR(T72="",$T$10=""),"",(T72/$T$10)*$W$10) | X72: =IF(OR(U72="",$U$10=""),"",(U72/$U$10)*$X$10) | Y72: =IF(OR(V72="",$V$10=""),"",(V72/$V$10)*$Y$10) | Z72: =IF(COUNT($W72:$Y72)=0,"",IFERROR(ROUND((SUM($W72:$Y72)/SUM($W$10:$Y$10))*$Z$10,2),"")) | AA72: =IF($Z72="","",ROUND($Z72*$AA$10,2)) | AB72: =IF(ISERROR(IF($Z72="","",ROUND(SUM($M72,$S72,$AA72),2))),"",IF($Z72="","",ROUND(SUM($M72,$S72,$AA72),2))) | AC72: =IF(ISERROR(IF($Z72="","",VLOOKUP(AB72,NewTransmu,4,TRUE))),"",IF($Z72="","",VLOOKUP(AB72,NewTransmu,4,TRUE))) | AD72: =IF(ISERROR(IF(AC72="","",VLOOKUP(AC72,DESCRIPTORS,4,TRUE))),"",IF(AC72="","",VLOOKUP(AC72,DESCRIPTORS,4,TRUE))) | AQ72: =(T72/$T$10)*100 -> #DIV/0! | AR72: =(U72/$U$10)*100 -> #DIV/0! | AS72: =(V72/$V$10)*100 -> #DIV/0!
A73: 11 | B73: ='INPUT DATA'!P19 -> 0 | K73: =IF(COUNT($F73:$J73)=0,"",SUM($F73:$J73)) | L73: =IF(ISERROR(IF($K73="","",ROUND(($K73/$K$10)*$L$10,2))),"",IF($K73="","",ROUND(($K73/$K$10)*$L$10,2))) | M73: =IF($L73="","",ROUND($L73*$M$10,2)) | Q73: =IF(COUNT($N73:$P73)=0,"",SUM($N73:$P73)) | R73: =IF(ISERROR(IF($Q73="","",ROUND(($Q73/$Q$10)*$R$10,2))),"",IF($Q73="","",ROUND(($Q73/$Q$10)*$R$10,2))) | S73: =IF($R73="","",ROUND($R73*$S$10,2)) | W73: =IF(OR(T73="",$T$10=""),"",(T73/$T$10)*$W$10) | X73: =IF(OR(U73="",$U$10=""),"",(U73/$U$10)*$X$10) | Y73: =IF(OR(V73="",$V$10=""),"",(V73/$V$10)*$Y$10) | Z73: =IF(COUNT($W73:$Y73)=0,"",IFERROR(ROUND((SUM($W73:$Y73)/SUM($W$10:$Y$10))*$Z$10,2),"")) | AA73: =IF($Z73="","",ROUND($Z73*$AA$10,2)) | AB73: =IF(ISERROR(IF($Z73="","",ROUND(SUM($M73,$S73,$AA73),2))),"",IF($Z73="","",ROUND(SUM($M73,$S73,$AA73),2))) | AC73: =IF(ISERROR(IF($Z73="","",VLOOKUP(AB73,NewTransmu,4,TRUE))),"",IF($Z73="","",VLOOKUP(AB73,NewTransmu,4,TRUE))) | AD73: =IF(ISERROR(IF(AC73="","",VLOOKUP(AC73,DESCRIPTORS,4,TRUE))),"",IF(AC73="","",VLOOKUP(AC73,DESCRIPTORS,4,TRUE))) | AQ73: =(T73/$T$10)*100 -> #DIV/0! | AR73: =(U73/$U$10)*100 -> #DIV/0! | AS73: =(V73/$V$10)*100 -> #DIV/0!
A74: 12 | B74: ='INPUT DATA'!P20 -> 0 | K74: =IF(COUNT($F74:$J74)=0,"",SUM($F74:$J74)) | L74: =IF(ISERROR(IF($K74="","",ROUND(($K74/$K$10)*$L$10,2))),"",IF($K74="","",ROUND(($K74/$K$10)*$L$10,2))) | M74: =IF($L74="","",ROUND($L74*$M$10,2)) | Q74: =IF(COUNT($N74:$P74)=0,"",SUM($N74:$P74)) | R74: =IF(ISERROR(IF($Q74="","",ROUND(($Q74/$Q$10)*$R$10,2))),"",IF($Q74="","",ROUND(($Q74/$Q$10)*$R$10,2))) | S74: =IF($R74="","",ROUND($R74*$S$10,2)) | W74: =IF(OR(T74="",$T$10=""),"",(T74/$T$10)*$W$10) | X74: =IF(OR(U74="",$U$10=""),"",(U74/$U$10)*$X$10) | Y74: =IF(OR(V74="",$V$10=""),"",(V74/$V$10)*$Y$10) | Z74: =IF(COUNT($W74:$Y74)=0,"",IFERROR(ROUND((SUM($W74:$Y74)/SUM($W$10:$Y$10))*$Z$10,2),"")) | AA74: =IF($Z74="","",ROUND($Z74*$AA$10,2)) | AB74: =IF(ISERROR(IF($Z74="","",ROUND(SUM($M74,$S74,$AA74),2))),"",IF($Z74="","",ROUND(SUM($M74,$S74,$AA74),2))) | AC74: =IF(ISERROR(IF($Z74="","",VLOOKUP(AB74,NewTransmu,4,TRUE))),"",IF($Z74="","",VLOOKUP(AB74,NewTransmu,4,TRUE))) | AD74: =IF(ISERROR(IF(AC74="","",VLOOKUP(AC74,DESCRIPTORS,4,TRUE))),"",IF(AC74="","",VLOOKUP(AC74,DESCRIPTORS,4,TRUE))) | AQ74: =(T74/$T$10)*100 -> #DIV/0! | AR74: =(U74/$U$10)*100 -> #DIV/0! | AS74: =(V74/$V$10)*100 -> #DIV/0!
... A112: 50 | B112: ='INPUT DATA'!P58 -> 0 | K112: =IF(COUNT($F112:$J112)=0,"",SUM($F112:$J112)) | L112: =IF(ISERROR(IF($K112="","",ROUND(($K112/$K$10)*$L$10,2))),"",IF($K112="","",ROUND(($K112/$K$10)*$L$10,2))) | M112: =IF($L112="","",ROUND($L112*$M$10,2)) | Q112: =IF(COUNT($N112:$P112)=0,"",SUM($N112:$P112)) | R112: =IF(ISERROR(IF($Q112="","",ROUND(($Q112/$Q$10)*$R$10,2))),"",IF($Q112="","",ROUND(($Q112/$Q$10)*$R$10,2))) | S112: =IF($R112="","",ROUND($R112*$S$10,2)) | W112: =IF(OR(T112="",$T$10=""),"",(T112/$T$10)*$W$10) | X112: =IF(OR(U112="",$U$10=""),"",(U112/$U$10)*$X$10) | Y112: =IF(OR(V112="",$V$10=""),"",(V112/$V$10)*$Y$10) | Z112: =IF(COUNT($W112:$Y112)=0,"",IFERROR(ROUND((SUM($W112:$Y112)/SUM($W$10:$Y$10))*$Z$10,2),"")) | AA112: =IF($Z112="","",ROUND($Z112*$AA$10,2)) | AB112: =IF(ISERROR(IF($Z112="","",ROUND(SUM($M112,$S112,$AA112),2))),"",IF($Z112="","",ROUND(SUM($M112,$S112,$AA112),2))) | AC112: =IF(ISERROR(IF($Z112="","",VLOOKUP(AB112,NewTransmu,4,TRUE))),"",IF($Z112="","",VLOOKUP(AB112,NewTransmu,4,TRUE))) | AD112: =IF(ISERROR(IF(AC112="","",VLOOKUP(AC112,DESCRIPTORS,4,TRUE))),"",IF(AC112="","",VLOOKUP(AC112,DESCRIPTORS,4,TRUE))) | AQ112: =(T112/$T$10)*100 -> #DIV/0! | AR112: =(U112/$U$10)*100 -> #DIV/0! | AS112: =(V112/$V$10)*100 -> #DIV/0!

Sheet PEH_T1
A1: Class Record
B4: REGION | G4: ='INPUT DATA'!E8 -> X | I4: DIVISION | L4: ='INPUT DATA'!E9 -> EDUCATORS FILES
B5: SCHOOL NAME | G5: ='INPUT DATA'!E10 -> EFILES NATIONAL HIGH SCHOOL | Q5: SCHOOL ID | S5: ='INPUT DATA'!E11 -> 123456 | V5: SCHOOL YEAR | AB5: ='INPUT DATA'!E12 -> 2026-2027
A7: TERM 1 | F7: GRADE & SECTION: | J7: ='INPUT DATA'!E14 -> VI - MASIPAG | N7: TEACHER: | Q7: ='INPUT DATA'!E17 -> SAMUEL A. SILVERIO | Z7: SUBJECT: | AB7: PE & HEALTH
B8: LEARNERS' NAMES | F8: WRITTEN / ORAL WORKS (20%) | N8: PRODUCT / PERFORMANCE TASKS (60%) | T8: SUMMATIVE TESTS AND TERM EXAMINATIONS (20%) | AB8: Initial Grade | AC8: TERM GRADE | AD8: DESCRIPTOR
F9: 1 | G9: 2 | H9: 3 | I9: 4 | J9: 5 | K9: Total | L9: PS | M9: WS | N9: 1 | O9: 2 | P9: 3 | Q9: Total | R9: PS | S9: WS | T9: ST1 | U9: ST2 | V9: TE | W9: WS ST1 (30%) | X9: WS ST2 (30%) | Y9: WS TE (40%) | Z9: PS ST&TE | AA9: WS ST&TE
B10: HIGHEST POSSIBLE SCORE | K10: =IF(COUNT($F10:$J10)=0,"",SUM($F10:$J10)) | L10: 100 | M10: 0.2 | Q10: =IF(COUNT($N10:$P10)=0,"",SUM($N10:$P10)) | R10: 100 | S10: 0.6 | W10: 30 | X10: 30 | Y10: 40 | Z10: 100 | AA10: 0.2
B11: MALE | AS11: ST1 | AT11: ST2 | AU11: TE
A12: 1 | B12: ='INPUT DATA'!J9 -> 0 | K12: =IF(COUNT($F12:$J12)=0,"",SUM($F12:$J12)) | L12: =IF(ISERROR(IF($K12="","",ROUND(($K12/$K$10)*$L$10,2))),"",IF($K12="","",ROUND(($K12/$K$10)*$L$10,2))) | M12: =IF($L12="","",ROUND($L12*$M$10,2)) | Q12: =IF(COUNT($N12:$P12)=0,"",SUM($N12:$P12)) | R12: =IF(ISERROR(IF($Q12="","",ROUND(($Q12/$Q$10)*$R$10,2))),"",IF($Q12="","",ROUND(($Q12/$Q$10)*$R$10,2))) | S12: =IF($R12="","",ROUND($R12*$S$10,2)) | W12: =IF(OR(T12="",$T$10=""),"",(T12/$T$10)*$W$10) | X12: =IF(OR(U12="",$U$10=""),"",(U12/$U$10)*$X$10) | Y12: =IF(OR(V12="",$V$10=""),"",(V12/$V$10)*$Y$10) | Z12: =IF(COUNT($W12:$Y12)=0,"",IFERROR(ROUND((SUM($W12:$Y12)/SUM($W$10:$Y$10))*$Z$10,2),"")) | AA12: =IF($Z12="","",ROUND($Z12*$AA$10,2)) | AB12: =IF(ISERROR(IF($Z12="","",ROUND(SUM($M12,$S12,$AA12),2))),"",IF($Z12="","",ROUND(SUM($M12,$S12,$AA12),2))) | AC12: =IF(ISERROR(IF($Z12="","",VLOOKUP(AB12,NewTransmu,4,TRUE))),"",IF($Z12="","",VLOOKUP(AB12,NewTransmu,4,TRUE))) | AD12: =IF(ISERROR(IF(AC12="","",VLOOKUP(AC12,DESCRIPTORS,4,TRUE))),"",IF(AC12="","",VLOOKUP(AC12,DESCRIPTORS,4,TRUE))) | AS12: =(T12/$T$10)*100 -> #DIV/0! | AT12: =(U12/$U$10)*100 -> #DIV/0! | AU12: =(V12/$V$10)*100 -> #DIV/0!
A13: 2 | B13: ='INPUT DATA'!J10 -> 0 | K13: =IF(COUNT($F13:$J13)=0,"",SUM($F13:$J13)) | L13: =IF(ISERROR(IF($K13="","",ROUND(($K13/$K$10)*$L$10,2))),"",IF($K13="","",ROUND(($K13/$K$10)*$L$10,2))) | M13: =IF($L13="","",ROUND($L13*$M$10,2)) | Q13: =IF(COUNT($N13:$P13)=0,"",SUM($N13:$P13)) | R13: =IF(ISERROR(IF($Q13="","",ROUND(($Q13/$Q$10)*$R$10,2))),"",IF($Q13="","",ROUND(($Q13/$Q$10)*$R$10,2))) | S13: =IF($R13="","",ROUND($R13*$S$10,2)) | W13: =IF(OR(T13="",$T$10=""),"",(T13/$T$10)*$W$10) | X13: =IF(OR(U13="",$U$10=""),"",(U13/$U$10)*$X$10) | Y13: =IF(OR(V13="",$V$10=""),"",(V13/$V$10)*$Y$10) | Z13: =IF(COUNT($W13:$Y13)=0,"",IFERROR(ROUND((SUM($W13:$Y13)/SUM($W$10:$Y$10))*$Z$10,2),"")) | AA13: =IF($Z13="","",ROUND($Z13*$AA$10,2)) | AB13: =IF(ISERROR(IF($Z13="","",ROUND(SUM($M13,$S13,$AA13),2))),"",IF($Z13="","",ROUND(SUM($M13,$S13,$AA13),2))) | AC13: =IF(ISERROR(IF($Z13="","",VLOOKUP(AB13,NewTransmu,4,TRUE))),"",IF($Z13="","",VLOOKUP(AB13,NewTransmu,4,TRUE))) | AD13: =IF(ISERROR(IF(AC13="","",VLOOKUP(AC13,DESCRIPTORS,4,TRUE))),"",IF(AC13="","",VLOOKUP(AC13,DESCRIPTORS,4,TRUE))) | AS13: =(T13/$T$10)*100 -> #DIV/0! | AT13: =(U13/$U$10)*100 -> #DIV/0! | AU13: =(V13/$V$10)*100 -> #DIV/0!
A14: 3 | B14: ='INPUT DATA'!J11 -> 0 | K14: =IF(COUNT($F14:$J14)=0,"",SUM($F14:$J14)) | L14: =IF(ISERROR(IF($K14="","",ROUND(($K14/$K$10)*$L$10,2))),"",IF($K14="","",ROUND(($K14/$K$10)*$L$10,2))) | M14: =IF($L14="","",ROUND($L14*$M$10,2)) | Q14: =IF(COUNT($N14:$P14)=0,"",SUM($N14:$P14)) | R14: =IF(ISERROR(IF($Q14="","",ROUND(($Q14/$Q$10)*$R$10,2))),"",IF($Q14="","",ROUND(($Q14/$Q$10)*$R$10,2))) | S14: =IF($R14="","",ROUND($R14*$S$10,2)) | W14: =IF(OR(T14="",$T$10=""),"",(T14/$T$10)*$W$10) | X14: =IF(OR(U14="",$U$10=""),"",(U14/$U$10)*$X$10) | Y14: =IF(OR(V14="",$V$10=""),"",(V14/$V$10)*$Y$10) | Z14: =IF(COUNT($W14:$Y14)=0,"",IFERROR(ROUND((SUM($W14:$Y14)/SUM($W$10:$Y$10))*$Z$10,2),"")) | AA14: =IF($Z14="","",ROUND($Z14*$AA$10,2)) | AB14: =IF(ISERROR(IF($Z14="","",ROUND(SUM($M14,$S14,$AA14),2))),"",IF($Z14="","",ROUND(SUM($M14,$S14,$AA14),2))) | AC14: =IF(ISERROR(IF($Z14="","",VLOOKUP(AB14,NewTransmu,4,TRUE))),"",IF($Z14="","",VLOOKUP(AB14,NewTransmu,4,TRUE))) | AD14: =IF(ISERROR(IF(AC14="","",VLOOKUP(AC14,DESCRIPTORS,4,TRUE))),"",IF(AC14="","",VLOOKUP(AC14,DESCRIPTORS,4,TRUE))) | AS14: =(T14/$T$10)*100 -> #DIV/0! | AT14: =(U14/$U$10)*100 -> #DIV/0! | AU14: =(V14/$V$10)*100 -> #DIV/0!
A15: 4 | B15: ='INPUT DATA'!J12 -> 0 | K15: =IF(COUNT($F15:$J15)=0,"",SUM($F15:$J15)) | L15: =IF(ISERROR(IF($K15="","",ROUND(($K15/$K$10)*$L$10,2))),"",IF($K15="","",ROUND(($K15/$K$10)*$L$10,2))) | M15: =IF($L15="","",ROUND($L15*$M$10,2)) | Q15: =IF(COUNT($N15:$P15)=0,"",SUM($N15:$P15)) | R15: =IF(ISERROR(IF($Q15="","",ROUND(($Q15/$Q$10)*$R$10,2))),"",IF($Q15="","",ROUND(($Q15/$Q$10)*$R$10,2))) | S15: =IF($R15="","",ROUND($R15*$S$10,2)) | W15: =IF(OR(T15="",$T$10=""),"",(T15/$T$10)*$W$10) | X15: =IF(OR(U15="",$U$10=""),"",(U15/$U$10)*$X$10) | Y15: =IF(OR(V15="",$V$10=""),"",(V15/$V$10)*$Y$10) | Z15: =IF(COUNT($W15:$Y15)=0,"",IFERROR(ROUND((SUM($W15:$Y15)/SUM($W$10:$Y$10))*$Z$10,2),"")) | AA15: =IF($Z15="","",ROUND($Z15*$AA$10,2)) | AB15: =IF(ISERROR(IF($Z15="","",ROUND(SUM($M15,$S15,$AA15),2))),"",IF($Z15="","",ROUND(SUM($M15,$S15,$AA15),2))) | AC15: =IF(ISERROR(IF($Z15="","",VLOOKUP(AB15,NewTransmu,4,TRUE))),"",IF($Z15="","",VLOOKUP(AB15,NewTransmu,4,TRUE))) | AD15: =IF(ISERROR(IF(AC15="","",VLOOKUP(AC15,DESCRIPTORS,4,TRUE))),"",IF(AC15="","",VLOOKUP(AC15,DESCRIPTORS,4,TRUE))) | AS15: =(T15/$T$10)*100 -> #DIV/0! | AT15: =(U15/$U$10)*100 -> #DIV/0! | AU15: =(V15/$V$10)*100 -> #DIV/0!
A16: 5 | B16: ='INPUT DATA'!J13 -> 0 | K16: =IF(COUNT($F16:$J16)=0,"",SUM($F16:$J16)) | L16: =IF(ISERROR(IF($K16="","",ROUND(($K16/$K$10)*$L$10,2))),"",IF($K16="","",ROUND(($K16/$K$10)*$L$10,2))) | M16: =IF($L16="","",ROUND($L16*$M$10,2)) | Q16: =IF(COUNT($N16:$P16)=0,"",SUM($N16:$P16)) | R16: =IF(ISERROR(IF($Q16="","",ROUND(($Q16/$Q$10)*$R$10,2))),"",IF($Q16="","",ROUND(($Q16/$Q$10)*$R$10,2))) | S16: =IF($R16="","",ROUND($R16*$S$10,2)) | W16: =IF(OR(T16="",$T$10=""),"",(T16/$T$10)*$W$10) | X16: =IF(OR(U16="",$U$10=""),"",(U16/$U$10)*$X$10) | Y16: =IF(OR(V16="",$V$10=""),"",(V16/$V$10)*$Y$10) | Z16: =IF(COUNT($W16:$Y16)=0,"",IFERROR(ROUND((SUM($W16:$Y16)/SUM($W$10:$Y$10))*$Z$10,2),"")) | AA16: =IF($Z16="","",ROUND($Z16*$AA$10,2)) | AB16: =IF(ISERROR(IF($Z16="","",ROUND(SUM($M16,$S16,$AA16),2))),"",IF($Z16="","",ROUND(SUM($M16,$S16,$AA16),2))) | AC16: =IF(ISERROR(IF($Z16="","",VLOOKUP(AB16,NewTransmu,4,TRUE))),"",IF($Z16="","",VLOOKUP(AB16,NewTransmu,4,TRUE))) | AD16: =IF(ISERROR(IF(AC16="","",VLOOKUP(AC16,DESCRIPTORS,4,TRUE))),"",IF(AC16="","",VLOOKUP(AC16,DESCRIPTORS,4,TRUE))) | AS16: =(T16/$T$10)*100 -> #DIV/0! | AT16: =(U16/$U$10)*100 -> #DIV/0! | AU16: =(V16/$V$10)*100 -> #DIV/0!
A17: 6 | B17: ='INPUT DATA'!J14 -> 0 | K17: =IF(COUNT($F17:$J17)=0,"",SUM($F17:$J17)) | L17: =IF(ISERROR(IF($K17="","",ROUND(($K17/$K$10)*$L$10,2))),"",IF($K17="","",ROUND(($K17/$K$10)*$L$10,2))) | M17: =IF($L17="","",ROUND($L17*$M$10,2)) | Q17: =IF(COUNT($N17:$P17)=0,"",SUM($N17:$P17)) | R17: =IF(ISERROR(IF($Q17="","",ROUND(($Q17/$Q$10)*$R$10,2))),"",IF($Q17="","",ROUND(($Q17/$Q$10)*$R$10,2))) | S17: =IF($R17="","",ROUND($R17*$S$10,2)) | W17: =IF(OR(T17="",$T$10=""),"",(T17/$T$10)*$W$10) | X17: =IF(OR(U17="",$U$10=""),"",(U17/$U$10)*$X$10) | Y17: =IF(OR(V17="",$V$10=""),"",(V17/$V$10)*$Y$10) | Z17: =IF(COUNT($W17:$Y17)=0,"",IFERROR(ROUND((SUM($W17:$Y17)/SUM($W$10:$Y$10))*$Z$10,2),"")) | AA17: =IF($Z17="","",ROUND($Z17*$AA$10,2)) | AB17: =IF(ISERROR(IF($Z17="","",ROUND(SUM($M17,$S17,$AA17),2))),"",IF($Z17="","",ROUND(SUM($M17,$S17,$AA17),2))) | AC17: =IF(ISERROR(IF($Z17="","",VLOOKUP(AB17,NewTransmu,4,TRUE))),"",IF($Z17="","",VLOOKUP(AB17,NewTransmu,4,TRUE))) | AD17: =IF(ISERROR(IF(AC17="","",VLOOKUP(AC17,DESCRIPTORS,4,TRUE))),"",IF(AC17="","",VLOOKUP(AC17,DESCRIPTORS,4,TRUE))) | AS17: =(T17/$T$10)*100 -> #DIV/0! | AT17: =(U17/$U$10)*100 -> #DIV/0! | AU17: =(V17/$V$10)*100 -> #DIV/0!
A18: 7 | B18: ='INPUT DATA'!J15 -> 0 | K18: =IF(COUNT($F18:$J18)=0,"",SUM($F18:$J18)) | L18: =IF(ISERROR(IF($K18="","",ROUND(($K18/$K$10)*$L$10,2))),"",IF($K18="","",ROUND(($K18/$K$10)*$L$10,2))) | M18: =IF($L18="","",ROUND($L18*$M$10,2)) | Q18: =IF(COUNT($N18:$P18)=0,"",SUM($N18:$P18)) | R18: =IF(ISERROR(IF($Q18="","",ROUND(($Q18/$Q$10)*$R$10,2))),"",IF($Q18="","",ROUND(($Q18/$Q$10)*$R$10,2))) | S18: =IF($R18="","",ROUND($R18*$S$10,2)) | W18: =IF(OR(T18="",$T$10=""),"",(T18/$T$10)*$W$10) | X18: =IF(OR(U18="",$U$10=""),"",(U18/$U$10)*$X$10) | Y18: =IF(OR(V18="",$V$10=""),"",(V18/$V$10)*$Y$10) | Z18: =IF(COUNT($W18:$Y18)=0,"",IFERROR(ROUND((SUM($W18:$Y18)/SUM($W$10:$Y$10))*$Z$10,2),"")) | AA18: =IF($Z18="","",ROUND($Z18*$AA$10,2)) | AB18: =IF(ISERROR(IF($Z18="","",ROUND(SUM($M18,$S18,$AA18),2))),"",IF($Z18="","",ROUND(SUM($M18,$S18,$AA18),2))) | AC18: =IF(ISERROR(IF($Z18="","",VLOOKUP(AB18,NewTransmu,4,TRUE))),"",IF($Z18="","",VLOOKUP(AB18,NewTransmu,4,TRUE))) | AD18: =IF(ISERROR(IF(AC18="","",VLOOKUP(AC18,DESCRIPTORS,4,TRUE))),"",IF(AC18="","",VLOOKUP(AC18,DESCRIPTORS,4,TRUE))) | AS18: =(T18/$T$10)*100 -> #DIV/0! | AT18: =(U18/$U$10)*100 -> #DIV/0! | AU18: =(V18/$V$10)*100 -> #DIV/0!
A19: 8 | B19: ='INPUT DATA'!J16 -> 0 | K19: =IF(COUNT($F19:$J19)=0,"",SUM($F19:$J19)) | L19: =IF(ISERROR(IF($K19="","",ROUND(($K19/$K$10)*$L$10,2))),"",IF($K19="","",ROUND(($K19/$K$10)*$L$10,2))) | M19: =IF($L19="","",ROUND($L19*$M$10,2)) | Q19: =IF(COUNT($N19:$P19)=0,"",SUM($N19:$P19)) | R19: =IF(ISERROR(IF($Q19="","",ROUND(($Q19/$Q$10)*$R$10,2))),"",IF($Q19="","",ROUND(($Q19/$Q$10)*$R$10,2))) | S19: =IF($R19="","",ROUND($R19*$S$10,2)) | W19: =IF(OR(T19="",$T$10=""),"",(T19/$T$10)*$W$10) | X19: =IF(OR(U19="",$U$10=""),"",(U19/$U$10)*$X$10) | Y19: =IF(OR(V19="",$V$10=""),"",(V19/$V$10)*$Y$10) | Z19: =IF(COUNT($W19:$Y19)=0,"",IFERROR(ROUND((SUM($W19:$Y19)/SUM($W$10:$Y$10))*$Z$10,2),"")) | AA19: =IF($Z19="","",ROUND($Z19*$AA$10,2)) | AB19: =IF(ISERROR(IF($Z19="","",ROUND(SUM($M19,$S19,$AA19),2))),"",IF($Z19="","",ROUND(SUM($M19,$S19,$AA19),2))) | AC19: =IF(ISERROR(IF($Z19="","",VLOOKUP(AB19,NewTransmu,4,TRUE))),"",IF($Z19="","",VLOOKUP(AB19,NewTransmu,4,TRUE))) | AD19: =IF(ISERROR(IF(AC19="","",VLOOKUP(AC19,DESCRIPTORS,4,TRUE))),"",IF(AC19="","",VLOOKUP(AC19,DESCRIPTORS,4,TRUE))) | AS19: =(T19/$T$10)*100 -> #DIV/0! | AT19: =(U19/$U$10)*100 -> #DIV/0! | AU19: =(V19/$V$10)*100 -> #DIV/0!
A20: 9 | B20: ='INPUT DATA'!J17 -> 0 | K20: =IF(COUNT($F20:$J20)=0,"",SUM($F20:$J20)) | L20: =IF(ISERROR(IF($K20="","",ROUND(($K20/$K$10)*$L$10,2))),"",IF($K20="","",ROUND(($K20/$K$10)*$L$10,2))) | M20: =IF($L20="","",ROUND($L20*$M$10,2)) | Q20: =IF(COUNT($N20:$P20)=0,"",SUM($N20:$P20)) | R20: =IF(ISERROR(IF($Q20="","",ROUND(($Q20/$Q$10)*$R$10,2))),"",IF($Q20="","",ROUND(($Q20/$Q$10)*$R$10,2))) | S20: =IF($R20="","",ROUND($R20*$S$10,2)) | W20: =IF(OR(T20="",$T$10=""),"",(T20/$T$10)*$W$10) | X20: =IF(OR(U20="",$U$10=""),"",(U20/$U$10)*$X$10) | Y20: =IF(OR(V20="",$V$10=""),"",(V20/$V$10)*$Y$10) | Z20: =IF(COUNT($W20:$Y20)=0,"",IFERROR(ROUND((SUM($W20:$Y20)/SUM($W$10:$Y$10))*$Z$10,2),"")) | AA20: =IF($Z20="","",ROUND($Z20*$AA$10,2)) | AB20: =IF(ISERROR(IF($Z20="","",ROUND(SUM($M20,$S20,$AA20),2))),"",IF($Z20="","",ROUND(SUM($M20,$S20,$AA20),2))) | AC20: =IF(ISERROR(IF($Z20="","",VLOOKUP(AB20,NewTransmu,4,TRUE))),"",IF($Z20="","",VLOOKUP(AB20,NewTransmu,4,TRUE))) | AD20: =IF(ISERROR(IF(AC20="","",VLOOKUP(AC20,DESCRIPTORS,4,TRUE))),"",IF(AC20="","",VLOOKUP(AC20,DESCRIPTORS,4,TRUE))) | AS20: =(T20/$T$10)*100 -> #DIV/0! | AT20: =(U20/$U$10)*100 -> #DIV/0! | AU20: =(V20/$V$10)*100 -> #DIV/0!
A21: 10 | B21: ='INPUT DATA'!J18 -> 0 | K21: =IF(COUNT($F21:$J21)=0,"",SUM($F21:$J21)) | L21: =IF(ISERROR(IF($K21="","",ROUND(($K21/$K$10)*$L$10,2))),"",IF($K21="","",ROUND(($K21/$K$10)*$L$10,2))) | M21: =IF($L21="","",ROUND($L21*$M$10,2)) | Q21: =IF(COUNT($N21:$P21)=0,"",SUM($N21:$P21)) | R21: =IF(ISERROR(IF($Q21="","",ROUND(($Q21/$Q$10)*$R$10,2))),"",IF($Q21="","",ROUND(($Q21/$Q$10)*$R$10,2))) | S21: =IF($R21="","",ROUND($R21*$S$10,2)) | W21: =IF(OR(T21="",$T$10=""),"",(T21/$T$10)*$W$10) | X21: =IF(OR(U21="",$U$10=""),"",(U21/$U$10)*$X$10) | Y21: =IF(OR(V21="",$V$10=""),"",(V21/$V$10)*$Y$10) | Z21: =IF(COUNT($W21:$Y21)=0,"",IFERROR(ROUND((SUM($W21:$Y21)/SUM($W$10:$Y$10))*$Z$10,2),"")) | AA21: =IF($Z21="","",ROUND($Z21*$AA$10,2)) | AB21: =IF(ISERROR(IF($Z21="","",ROUND(SUM($M21,$S21,$AA21),2))),"",IF($Z21="","",ROUND(SUM($M21,$S21,$AA21),2))) | AC21: =IF(ISERROR(IF($Z21="","",VLOOKUP(AB21,NewTransmu,4,TRUE))),"",IF($Z21="","",VLOOKUP(AB21,NewTransmu,4,TRUE))) | AD21: =IF(ISERROR(IF(AC21="","",VLOOKUP(AC21,DESCRIPTORS,4,TRUE))),"",IF(AC21="","",VLOOKUP(AC21,DESCRIPTORS,4,TRUE))) | AS21: =(T21/$T$10)*100 -> #DIV/0! | AT21: =(U21/$U$10)*100 -> #DIV/0! | AU21: =(V21/$V$10)*100 -> #DIV/0!
A22: 11 | B22: ='INPUT DATA'!J19 -> 0 | K22: =IF(COUNT($F22:$J22)=0,"",SUM($F22:$J22)) | L22: =IF(ISERROR(IF($K22="","",ROUND(($K22/$K$10)*$L$10,2))),"",IF($K22="","",ROUND(($K22/$K$10)*$L$10,2))) | M22: =IF($L22="","",ROUND($L22*$M$10,2)) | Q22: =IF(COUNT($N22:$P22)=0,"",SUM($N22:$P22)) | R22: =IF(ISERROR(IF($Q22="","",ROUND(($Q22/$Q$10)*$R$10,2))),"",IF($Q22="","",ROUND(($Q22/$Q$10)*$R$10,2))) | S22: =IF($R22="","",ROUND($R22*$S$10,2)) | W22: =IF(OR(T22="",$T$10=""),"",(T22/$T$10)*$W$10) | X22: =IF(OR(U22="",$U$10=""),"",(U22/$U$10)*$X$10) | Y22: =IF(OR(V22="",$V$10=""),"",(V22/$V$10)*$Y$10) | Z22: =IF(COUNT($W22:$Y22)=0,"",IFERROR(ROUND((SUM($W22:$Y22)/SUM($W$10:$Y$10))*$Z$10,2),"")) | AA22: =IF($Z22="","",ROUND($Z22*$AA$10,2)) | AB22: =IF(ISERROR(IF($Z22="","",ROUND(SUM($M22,$S22,$AA22),2))),"",IF($Z22="","",ROUND(SUM($M22,$S22,$AA22),2))) | AC22: =IF(ISERROR(IF($Z22="","",VLOOKUP(AB22,NewTransmu,4,TRUE))),"",IF($Z22="","",VLOOKUP(AB22,NewTransmu,4,TRUE))) | AD22: =IF(ISERROR(IF(AC22="","",VLOOKUP(AC22,DESCRIPTORS,4,TRUE))),"",IF(AC22="","",VLOOKUP(AC22,DESCRIPTORS,4,TRUE))) | AS22: =(T22/$T$10)*100 -> #DIV/0! | AT22: =(U22/$U$10)*100 -> #DIV/0! | AU22: =(V22/$V$10)*100 -> #DIV/0!
A23: 12 | B23: ='INPUT DATA'!J20 -> 0 | K23: =IF(COUNT($F23:$J23)=0,"",SUM($F23:$J23)) | L23: =IF(ISERROR(IF($K23="","",ROUND(($K23/$K$10)*$L$10,2))),"",IF($K23="","",ROUND(($K23/$K$10)*$L$10,2))) | M23: =IF($L23="","",ROUND($L23*$M$10,2)) | Q23: =IF(COUNT($N23:$P23)=0,"",SUM($N23:$P23)) | R23: =IF(ISERROR(IF($Q23="","",ROUND(($Q23/$Q$10)*$R$10,2))),"",IF($Q23="","",ROUND(($Q23/$Q$10)*$R$10,2))) | S23: =IF($R23="","",ROUND($R23*$S$10,2)) | W23: =IF(OR(T23="",$T$10=""),"",(T23/$T$10)*$W$10) | X23: =IF(OR(U23="",$U$10=""),"",(U23/$U$10)*$X$10) | Y23: =IF(OR(V23="",$V$10=""),"",(V23/$V$10)*$Y$10) | Z23: =IF(COUNT($W23:$Y23)=0,"",IFERROR(ROUND((SUM($W23:$Y23)/SUM($W$10:$Y$10))*$Z$10,2),"")) | AA23: =IF($Z23="","",ROUND($Z23*$AA$10,2)) | AB23: =IF(ISERROR(IF($Z23="","",ROUND(SUM($M23,$S23,$AA23),2))),"",IF($Z23="","",ROUND(SUM($M23,$S23,$AA23),2))) | AC23: =IF(ISERROR(IF($Z23="","",VLOOKUP(AB23,NewTransmu,4,TRUE))),"",IF($Z23="","",VLOOKUP(AB23,NewTransmu,4,TRUE))) | AD23: =IF(ISERROR(IF(AC23="","",VLOOKUP(AC23,DESCRIPTORS,4,TRUE))),"",IF(AC23="","",VLOOKUP(AC23,DESCRIPTORS,4,TRUE))) | AS23: =(T23/$T$10)*100 -> #DIV/0! | AT23: =(U23/$U$10)*100 -> #DIV/0! | AU23: =(V23/$V$10)*100 -> #DIV/0!
... A61: 50 | B61: ='INPUT DATA'!J58 -> 0 | K61: =IF(COUNT($F61:$J61)=0,"",SUM($F61:$J61)) | L61: =IF(ISERROR(IF($K61="","",ROUND(($K61/$K$10)*$L$10,2))),"",IF($K61="","",ROUND(($K61/$K$10)*$L$10,2))) | M61: =IF($L61="","",ROUND($L61*$M$10,2)) | Q61: =IF(COUNT($N61:$P61)=0,"",SUM($N61:$P61)) | R61: =IF(ISERROR(IF($Q61="","",ROUND(($Q61/$Q$10)*$R$10,2))),"",IF($Q61="","",ROUND(($Q61/$Q$10)*$R$10,2))) | S61: =IF($R61="","",ROUND($R61*$S$10,2)) | W61: =IF(OR(T61="",$T$10=""),"",(T61/$T$10)*$W$10) | X61: =IF(OR(U61="",$U$10=""),"",(U61/$U$10)*$X$10) | Y61: =IF(OR(V61="",$V$10=""),"",(V61/$V$10)*$Y$10) | Z61: =IF(COUNT($W61:$Y61)=0,"",IFERROR(ROUND((SUM($W61:$Y61)/SUM($W$10:$Y$10))*$Z$10,2),"")) | AA61: =IF($Z61="","",ROUND($Z61*$AA$10,2)) | AB61: =IF(ISERROR(IF($Z61="","",ROUND(SUM($M61,$S61,$AA61),2))),"",IF($Z61="","",ROUND(SUM($M61,$S61,$AA61),2))) | AC61: =IF(ISERROR(IF($Z61="","",VLOOKUP(AB61,NewTransmu,4,TRUE))),"",IF($Z61="","",VLOOKUP(AB61,NewTransmu,4,TRUE))) | AD61: =IF(ISERROR(IF(AC61="","",VLOOKUP(AC61,DESCRIPTORS,4,TRUE))),"",IF(AC61="","",VLOOKUP(AC61,DESCRIPTORS,4,TRUE))) | AS61: =(T61/$T$10)*100 -> #DIV/0! | AT61: =(U61/$U$10)*100 -> #DIV/0! | AU61: =(V61/$V$10)*100 -> #DIV/0!
B62: FEMALE | AS62: =(T62/$T$10)*100 -> #DIV/0! | AT62: =(U62/$U$10)*100 -> #DIV/0! | AU62: =(V62/$V$10)*100 -> #DIV/0!
A63: 1 | B63: ='INPUT DATA'!P9 -> 0 | K63: =IF(COUNT($F63:$J63)=0,"",SUM($F63:$J63)) | L63: =IF(ISERROR(IF($K63="","",ROUND(($K63/$K$10)*$L$10,2))),"",IF($K63="","",ROUND(($K63/$K$10)*$L$10,2))) | M63: =IF($L63="","",ROUND($L63*$M$10,2)) | Q63: =IF(COUNT($N63:$P63)=0,"",SUM($N63:$P63)) | R63: =IF(ISERROR(IF($Q63="","",ROUND(($Q63/$Q$10)*$R$10,2))),"",IF($Q63="","",ROUND(($Q63/$Q$10)*$R$10,2))) | S63: =IF($R63="","",ROUND($R63*$S$10,2)) | W63: =IF(OR(T63="",$T$10=""),"",(T63/$T$10)*$W$10) | X63: =IF(OR(U63="",$U$10=""),"",(U63/$U$10)*$X$10) | Y63: =IF(OR(V63="",$V$10=""),"",(V63/$V$10)*$Y$10) | Z63: =IF(COUNT($W63:$Y63)=0,"",IFERROR(ROUND((SUM($W63:$Y63)/SUM($W$10:$Y$10))*$Z$10,2),"")) | AA63: =IF($Z63="","",ROUND($Z63*$AA$10,2)) | AB63: =IF(ISERROR(IF($Z63="","",ROUND(SUM($M63,$S63,$AA63),2))),"",IF($Z63="","",ROUND(SUM($M63,$S63,$AA63),2))) | AC63: =IF(ISERROR(IF($Z63="","",VLOOKUP(AB63,NewTransmu,4,TRUE))),"",IF($Z63="","",VLOOKUP(AB63,NewTransmu,4,TRUE))) | AD63: =IF(ISERROR(IF(AC63="","",VLOOKUP(AC63,DESCRIPTORS,4,TRUE))),"",IF(AC63="","",VLOOKUP(AC63,DESCRIPTORS,4,TRUE))) | AS63: =(T63/$T$10)*100 -> #DIV/0! | AT63: =(U63/$U$10)*100 -> #DIV/0! | AU63: =(V63/$V$10)*100 -> #DIV/0!
A64: 2 | B64: ='INPUT DATA'!P10 -> 0 | K64: =IF(COUNT($F64:$J64)=0,"",SUM($F64:$J64)) | L64: =IF(ISERROR(IF($K64="","",ROUND(($K64/$K$10)*$L$10,2))),"",IF($K64="","",ROUND(($K64/$K$10)*$L$10,2))) | M64: =IF($L64="","",ROUND($L64*$M$10,2)) | Q64: =IF(COUNT($N64:$P64)=0,"",SUM($N64:$P64)) | R64: =IF(ISERROR(IF($Q64="","",ROUND(($Q64/$Q$10)*$R$10,2))),"",IF($Q64="","",ROUND(($Q64/$Q$10)*$R$10,2))) | S64: =IF($R64="","",ROUND($R64*$S$10,2)) | W64: =IF(OR(T64="",$T$10=""),"",(T64/$T$10)*$W$10) | X64: =IF(OR(U64="",$U$10=""),"",(U64/$U$10)*$X$10) | Y64: =IF(OR(V64="",$V$10=""),"",(V64/$V$10)*$Y$10) | Z64: =IF(COUNT($W64:$Y64)=0,"",IFERROR(ROUND((SUM($W64:$Y64)/SUM($W$10:$Y$10))*$Z$10,2),"")) | AA64: =IF($Z64="","",ROUND($Z64*$AA$10,2)) | AB64: =IF(ISERROR(IF($Z64="","",ROUND(SUM($M64,$S64,$AA64),2))),"",IF($Z64="","",ROUND(SUM($M64,$S64,$AA64),2))) | AC64: =IF(ISERROR(IF($Z64="","",VLOOKUP(AB64,NewTransmu,4,TRUE))),"",IF($Z64="","",VLOOKUP(AB64,NewTransmu,4,TRUE))) | AD64: =IF(ISERROR(IF(AC64="","",VLOOKUP(AC64,DESCRIPTORS,4,TRUE))),"",IF(AC64="","",VLOOKUP(AC64,DESCRIPTORS,4,TRUE))) | AS64: =(T64/$T$10)*100 -> #DIV/0! | AT64: =(U64/$U$10)*100 -> #DIV/0! | AU64: =(V64/$V$10)*100 -> #DIV/0!
A65: 3 | B65: ='INPUT DATA'!P11 -> 0 | K65: =IF(COUNT($F65:$J65)=0,"",SUM($F65:$J65)) | L65: =IF(ISERROR(IF($K65="","",ROUND(($K65/$K$10)*$L$10,2))),"",IF($K65="","",ROUND(($K65/$K$10)*$L$10,2))) | M65: =IF($L65="","",ROUND($L65*$M$10,2)) | Q65: =IF(COUNT($N65:$P65)=0,"",SUM($N65:$P65)) | R65: =IF(ISERROR(IF($Q65="","",ROUND(($Q65/$Q$10)*$R$10,2))),"",IF($Q65="","",ROUND(($Q65/$Q$10)*$R$10,2))) | S65: =IF($R65="","",ROUND($R65*$S$10,2)) | W65: =IF(OR(T65="",$T$10=""),"",(T65/$T$10)*$W$10) | X65: =IF(OR(U65="",$U$10=""),"",(U65/$U$10)*$X$10) | Y65: =IF(OR(V65="",$V$10=""),"",(V65/$V$10)*$Y$10) | Z65: =IF(COUNT($W65:$Y65)=0,"",IFERROR(ROUND((SUM($W65:$Y65)/SUM($W$10:$Y$10))*$Z$10,2),"")) | AA65: =IF($Z65="","",ROUND($Z65*$AA$10,2)) | AB65: =IF(ISERROR(IF($Z65="","",ROUND(SUM($M65,$S65,$AA65),2))),"",IF($Z65="","",ROUND(SUM($M65,$S65,$AA65),2))) | AC65: =IF(ISERROR(IF($Z65="","",VLOOKUP(AB65,NewTransmu,4,TRUE))),"",IF($Z65="","",VLOOKUP(AB65,NewTransmu,4,TRUE))) | AD65: =IF(ISERROR(IF(AC65="","",VLOOKUP(AC65,DESCRIPTORS,4,TRUE))),"",IF(AC65="","",VLOOKUP(AC65,DESCRIPTORS,4,TRUE))) | AS65: =(T65/$T$10)*100 -> #DIV/0! | AT65: =(U65/$U$10)*100 -> #DIV/0! | AU65: =(V65/$V$10)*100 -> #DIV/0!
A66: 4 | B66: ='INPUT DATA'!P12 -> 0 | K66: =IF(COUNT($F66:$J66)=0,"",SUM($F66:$J66)) | L66: =IF(ISERROR(IF($K66="","",ROUND(($K66/$K$10)*$L$10,2))),"",IF($K66="","",ROUND(($K66/$K$10)*$L$10,2))) | M66: =IF($L66="","",ROUND($L66*$M$10,2)) | Q66: =IF(COUNT($N66:$P66)=0,"",SUM($N66:$P66)) | R66: =IF(ISERROR(IF($Q66="","",ROUND(($Q66/$Q$10)*$R$10,2))),"",IF($Q66="","",ROUND(($Q66/$Q$10)*$R$10,2))) | S66: =IF($R66="","",ROUND($R66*$S$10,2)) | W66: =IF(OR(T66="",$T$10=""),"",(T66/$T$10)*$W$10) | X66: =IF(OR(U66="",$U$10=""),"",(U66/$U$10)*$X$10) | Y66: =IF(OR(V66="",$V$10=""),"",(V66/$V$10)*$Y$10) | Z66: =IF(COUNT($W66:$Y66)=0,"",IFERROR(ROUND((SUM($W66:$Y66)/SUM($W$10:$Y$10))*$Z$10,2),"")) | AA66: =IF($Z66="","",ROUND($Z66*$AA$10,2)) | AB66: =IF(ISERROR(IF($Z66="","",ROUND(SUM($M66,$S66,$AA66),2))),"",IF($Z66="","",ROUND(SUM($M66,$S66,$AA66),2))) | AC66: =IF(ISERROR(IF($Z66="","",VLOOKUP(AB66,NewTransmu,4,TRUE))),"",IF($Z66="","",VLOOKUP(AB66,NewTransmu,4,TRUE))) | AD66: =IF(ISERROR(IF(AC66="","",VLOOKUP(AC66,DESCRIPTORS,4,TRUE))),"",IF(AC66="","",VLOOKUP(AC66,DESCRIPTORS,4,TRUE))) | AS66: =(T66/$T$10)*100 -> #DIV/0! | AT66: =(U66/$U$10)*100 -> #DIV/0! | AU66: =(V66/$V$10)*100 -> #DIV/0!
A67: 5 | B67: ='INPUT DATA'!P13 -> 0 | K67: =IF(COUNT($F67:$J67)=0,"",SUM($F67:$J67)) | L67: =IF(ISERROR(IF($K67="","",ROUND(($K67/$K$10)*$L$10,2))),"",IF($K67="","",ROUND(($K67/$K$10)*$L$10,2))) | M67: =IF($L67="","",ROUND($L67*$M$10,2)) | Q67: =IF(COUNT($N67:$P67)=0,"",SUM($N67:$P67)) | R67: =IF(ISERROR(IF($Q67="","",ROUND(($Q67/$Q$10)*$R$10,2))),"",IF($Q67="","",ROUND(($Q67/$Q$10)*$R$10,2))) | S67: =IF($R67="","",ROUND($R67*$S$10,2)) | W67: =IF(OR(T67="",$T$10=""),"",(T67/$T$10)*$W$10) | X67: =IF(OR(U67="",$U$10=""),"",(U67/$U$10)*$X$10) | Y67: =IF(OR(V67="",$V$10=""),"",(V67/$V$10)*$Y$10) | Z67: =IF(COUNT($W67:$Y67)=0,"",IFERROR(ROUND((SUM($W67:$Y67)/SUM($W$10:$Y$10))*$Z$10,2),"")) | AA67: =IF($Z67="","",ROUND($Z67*$AA$10,2)) | AB67: =IF(ISERROR(IF($Z67="","",ROUND(SUM($M67,$S67,$AA67),2))),"",IF($Z67="","",ROUND(SUM($M67,$S67,$AA67),2))) | AC67: =IF(ISERROR(IF($Z67="","",VLOOKUP(AB67,NewTransmu,4,TRUE))),"",IF($Z67="","",VLOOKUP(AB67,NewTransmu,4,TRUE))) | AD67: =IF(ISERROR(IF(AC67="","",VLOOKUP(AC67,DESCRIPTORS,4,TRUE))),"",IF(AC67="","",VLOOKUP(AC67,DESCRIPTORS,4,TRUE))) | AS67: =(T67/$T$10)*100 -> #DIV/0! | AT67: =(U67/$U$10)*100 -> #DIV/0! | AU67: =(V67/$V$10)*100 -> #DIV/0!
A68: 6 | B68: ='INPUT DATA'!P14 -> 0 | K68: =IF(COUNT($F68:$J68)=0,"",SUM($F68:$J68)) | L68: =IF(ISERROR(IF($K68="","",ROUND(($K68/$K$10)*$L$10,2))),"",IF($K68="","",ROUND(($K68/$K$10)*$L$10,2))) | M68: =IF($L68="","",ROUND($L68*$M$10,2)) | Q68: =IF(COUNT($N68:$P68)=0,"",SUM($N68:$P68)) | R68: =IF(ISERROR(IF($Q68="","",ROUND(($Q68/$Q$10)*$R$10,2))),"",IF($Q68="","",ROUND(($Q68/$Q$10)*$R$10,2))) | S68: =IF($R68="","",ROUND($R68*$S$10,2)) | W68: =IF(OR(T68="",$T$10=""),"",(T68/$T$10)*$W$10) | X68: =IF(OR(U68="",$U$10=""),"",(U68/$U$10)*$X$10) | Y68: =IF(OR(V68="",$V$10=""),"",(V68/$V$10)*$Y$10) | Z68: =IF(COUNT($W68:$Y68)=0,"",IFERROR(ROUND((SUM($W68:$Y68)/SUM($W$10:$Y$10))*$Z$10,2),"")) | AA68: =IF($Z68="","",ROUND($Z68*$AA$10,2)) | AB68: =IF(ISERROR(IF($Z68="","",ROUND(SUM($M68,$S68,$AA68),2))),"",IF($Z68="","",ROUND(SUM($M68,$S68,$AA68),2))) | AC68: =IF(ISERROR(IF($Z68="","",VLOOKUP(AB68,NewTransmu,4,TRUE))),"",IF($Z68="","",VLOOKUP(AB68,NewTransmu,4,TRUE))) | AD68: =IF(ISERROR(IF(AC68="","",VLOOKUP(AC68,DESCRIPTORS,4,TRUE))),"",IF(AC68="","",VLOOKUP(AC68,DESCRIPTORS,4,TRUE))) | AS68: =(T68/$T$10)*100 -> #DIV/0! | AT68: =(U68/$U$10)*100 -> #DIV/0! | AU68: =(V68/$V$10)*100 -> #DIV/0!
A69: 7 | B69: ='INPUT DATA'!P15 -> 0 | K69: =IF(COUNT($F69:$J69)=0,"",SUM($F69:$J69)) | L69: =IF(ISERROR(IF($K69="","",ROUND(($K69/$K$10)*$L$10,2))),"",IF($K69="","",ROUND(($K69/$K$10)*$L$10,2))) | M69: =IF($L69="","",ROUND($L69*$M$10,2)) | Q69: =IF(COUNT($N69:$P69)=0,"",SUM($N69:$P69)) | R69: =IF(ISERROR(IF($Q69="","",ROUND(($Q69/$Q$10)*$R$10,2))),"",IF($Q69="","",ROUND(($Q69/$Q$10)*$R$10,2))) | S69: =IF($R69="","",ROUND($R69*$S$10,2)) | W69: =IF(OR(T69="",$T$10=""),"",(T69/$T$10)*$W$10) | X69: =IF(OR(U69="",$U$10=""),"",(U69/$U$10)*$X$10) | Y69: =IF(OR(V69="",$V$10=""),"",(V69/$V$10)*$Y$10) | Z69: =IF(COUNT($W69:$Y69)=0,"",IFERROR(ROUND((SUM($W69:$Y69)/SUM($W$10:$Y$10))*$Z$10,2),"")) | AA69: =IF($Z69="","",ROUND($Z69*$AA$10,2)) | AB69: =IF(ISERROR(IF($Z69="","",ROUND(SUM($M69,$S69,$AA69),2))),"",IF($Z69="","",ROUND(SUM($M69,$S69,$AA69),2))) | AC69: =IF(ISERROR(IF($Z69="","",VLOOKUP(AB69,NewTransmu,4,TRUE))),"",IF($Z69="","",VLOOKUP(AB69,NewTransmu,4,TRUE))) | AD69: =IF(ISERROR(IF(AC69="","",VLOOKUP(AC69,DESCRIPTORS,4,TRUE))),"",IF(AC69="","",VLOOKUP(AC69,DESCRIPTORS,4,TRUE))) | AS69: =(T69/$T$10)*100 -> #DIV/0! | AT69: =(U69/$U$10)*100 -> #DIV/0! | AU69: =(V69/$V$10)*100 -> #DIV/0!
A70: 8 | B70: ='INPUT DATA'!P16 -> 0 | K70: =IF(COUNT($F70:$J70)=0,"",SUM($F70:$J70)) | L70: =IF(ISERROR(IF($K70="","",ROUND(($K70/$K$10)*$L$10,2))),"",IF($K70="","",ROUND(($K70/$K$10)*$L$10,2))) | M70: =IF($L70="","",ROUND($L70*$M$10,2)) | Q70: =IF(COUNT($N70:$P70)=0,"",SUM($N70:$P70)) | R70: =IF(ISERROR(IF($Q70="","",ROUND(($Q70/$Q$10)*$R$10,2))),"",IF($Q70="","",ROUND(($Q70/$Q$10)*$R$10,2))) | S70: =IF($R70="","",ROUND($R70*$S$10,2)) | W70: =IF(OR(T70="",$T$10=""),"",(T70/$T$10)*$W$10) | X70: =IF(OR(U70="",$U$10=""),"",(U70/$U$10)*$X$10) | Y70: =IF(OR(V70="",$V$10=""),"",(V70/$V$10)*$Y$10) | Z70: =IF(COUNT($W70:$Y70)=0,"",IFERROR(ROUND((SUM($W70:$Y70)/SUM($W$10:$Y$10))*$Z$10,2),"")) | AA70: =IF($Z70="","",ROUND($Z70*$AA$10,2)) | AB70: =IF(ISERROR(IF($Z70="","",ROUND(SUM($M70,$S70,$AA70),2))),"",IF($Z70="","",ROUND(SUM($M70,$S70,$AA70),2))) | AC70: =IF(ISERROR(IF($Z70="","",VLOOKUP(AB70,NewTransmu,4,TRUE))),"",IF($Z70="","",VLOOKUP(AB70,NewTransmu,4,TRUE))) | AD70: =IF(ISERROR(IF(AC70="","",VLOOKUP(AC70,DESCRIPTORS,4,TRUE))),"",IF(AC70="","",VLOOKUP(AC70,DESCRIPTORS,4,TRUE))) | AS70: =(T70/$T$10)*100 -> #DIV/0! | AT70: =(U70/$U$10)*100 -> #DIV/0! | AU70: =(V70/$V$10)*100 -> #DIV/0!
A71: 9 | B71: ='INPUT DATA'!P17 -> 0 | K71: =IF(COUNT($F71:$J71)=0,"",SUM($F71:$J71)) | L71: =IF(ISERROR(IF($K71="","",ROUND(($K71/$K$10)*$L$10,2))),"",IF($K71="","",ROUND(($K71/$K$10)*$L$10,2))) | M71: =IF($L71="","",ROUND($L71*$M$10,2)) | Q71: =IF(COUNT($N71:$P71)=0,"",SUM($N71:$P71)) | R71: =IF(ISERROR(IF($Q71="","",ROUND(($Q71/$Q$10)*$R$10,2))),"",IF($Q71="","",ROUND(($Q71/$Q$10)*$R$10,2))) | S71: =IF($R71="","",ROUND($R71*$S$10,2)) | W71: =IF(OR(T71="",$T$10=""),"",(T71/$T$10)*$W$10) | X71: =IF(OR(U71="",$U$10=""),"",(U71/$U$10)*$X$10) | Y71: =IF(OR(V71="",$V$10=""),"",(V71/$V$10)*$Y$10) | Z71: =IF(COUNT($W71:$Y71)=0,"",IFERROR(ROUND((SUM($W71:$Y71)/SUM($W$10:$Y$10))*$Z$10,2),"")) | AA71: =IF($Z71="","",ROUND($Z71*$AA$10,2)) | AB71: =IF(ISERROR(IF($Z71="","",ROUND(SUM($M71,$S71,$AA71),2))),"",IF($Z71="","",ROUND(SUM($M71,$S71,$AA71),2))) | AC71: =IF(ISERROR(IF($Z71="","",VLOOKUP(AB71,NewTransmu,4,TRUE))),"",IF($Z71="","",VLOOKUP(AB71,NewTransmu,4,TRUE))) | AD71: =IF(ISERROR(IF(AC71="","",VLOOKUP(AC71,DESCRIPTORS,4,TRUE))),"",IF(AC71="","",VLOOKUP(AC71,DESCRIPTORS,4,TRUE))) | AS71: =(T71/$T$10)*100 -> #DIV/0! | AT71: =(U71/$U$10)*100 -> #DIV/0! | AU71: =(V71/$V$10)*100 -> #DIV/0!
A72: 10 | B72: ='INPUT DATA'!P18 -> 0 | K72: =IF(COUNT($F72:$J72)=0,"",SUM($F72:$J72)) | L72: =IF(ISERROR(IF($K72="","",ROUND(($K72/$K$10)*$L$10,2))),"",IF($K72="","",ROUND(($K72/$K$10)*$L$10,2))) | M72: =IF($L72="","",ROUND($L72*$M$10,2)) | Q72: =IF(COUNT($N72:$P72)=0,"",SUM($N72:$P72)) | R72: =IF(ISERROR(IF($Q72="","",ROUND(($Q72/$Q$10)*$R$10,2))),"",IF($Q72="","",ROUND(($Q72/$Q$10)*$R$10,2))) | S72: =IF($R72="","",ROUND($R72*$S$10,2)) | W72: =IF(OR(T72="",$T$10=""),"",(T72/$T$10)*$W$10) | X72: =IF(OR(U72="",$U$10=""),"",(U72/$U$10)*$X$10) | Y72: =IF(OR(V72="",$V$10=""),"",(V72/$V$10)*$Y$10) | Z72: =IF(COUNT($W72:$Y72)=0,"",IFERROR(ROUND((SUM($W72:$Y72)/SUM($W$10:$Y$10))*$Z$10,2),"")) | AA72: =IF($Z72="","",ROUND($Z72*$AA$10,2)) | AB72: =IF(ISERROR(IF($Z72="","",ROUND(SUM($M72,$S72,$AA72),2))),"",IF($Z72="","",ROUND(SUM($M72,$S72,$AA72),2))) | AC72: =IF(ISERROR(IF($Z72="","",VLOOKUP(AB72,NewTransmu,4,TRUE))),"",IF($Z72="","",VLOOKUP(AB72,NewTransmu,4,TRUE))) | AD72: =IF(ISERROR(IF(AC72="","",VLOOKUP(AC72,DESCRIPTORS,4,TRUE))),"",IF(AC72="","",VLOOKUP(AC72,DESCRIPTORS,4,TRUE))) | AS72: =(T72/$T$10)*100 -> #DIV/0! | AT72: =(U72/$U$10)*100 -> #DIV/0! | AU72: =(V72/$V$10)*100 -> #DIV/0!
A73: 11 | B73: ='INPUT DATA'!P19 -> 0 | K73: =IF(COUNT($F73:$J73)=0,"",SUM($F73:$J73)) | L73: =IF(ISERROR(IF($K73="","",ROUND(($K73/$K$10)*$L$10,2))),"",IF($K73="","",ROUND(($K73/$K$10)*$L$10,2))) | M73: =IF($L73="","",ROUND($L73*$M$10,2)) | Q73: =IF(COUNT($N73:$P73)=0,"",SUM($N73:$P73)) | R73: =IF(ISERROR(IF($Q73="","",ROUND(($Q73/$Q$10)*$R$10,2))),"",IF($Q73="","",ROUND(($Q73/$Q$10)*$R$10,2))) | S73: =IF($R73="","",ROUND($R73*$S$10,2)) | W73: =IF(OR(T73="",$T$10=""),"",(T73/$T$10)*$W$10) | X73: =IF(OR(U73="",$U$10=""),"",(U73/$U$10)*$X$10) | Y73: =IF(OR(V73="",$V$10=""),"",(V73/$V$10)*$Y$10) | Z73: =IF(COUNT($W73:$Y73)=0,"",IFERROR(ROUND((SUM($W73:$Y73)/SUM($W$10:$Y$10))*$Z$10,2),"")) | AA73: =IF($Z73="","",ROUND($Z73*$AA$10,2)) | AB73: =IF(ISERROR(IF($Z73="","",ROUND(SUM($M73,$S73,$AA73),2))),"",IF($Z73="","",ROUND(SUM($M73,$S73,$AA73),2))) | AC73: =IF(ISERROR(IF($Z73="","",VLOOKUP(AB73,NewTransmu,4,TRUE))),"",IF($Z73="","",VLOOKUP(AB73,NewTransmu,4,TRUE))) | AD73: =IF(ISERROR(IF(AC73="","",VLOOKUP(AC73,DESCRIPTORS,4,TRUE))),"",IF(AC73="","",VLOOKUP(AC73,DESCRIPTORS,4,TRUE))) | AS73: =(T73/$T$10)*100 -> #DIV/0! | AT73: =(U73/$U$10)*100 -> #DIV/0! | AU73: =(V73/$V$10)*100 -> #DIV/0!
A74: 12 | B74: ='INPUT DATA'!P20 -> 0 | K74: =IF(COUNT($F74:$J74)=0,"",SUM($F74:$J74)) | L74: =IF(ISERROR(IF($K74="","",ROUND(($K74/$K$10)*$L$10,2))),"",IF($K74="","",ROUND(($K74/$K$10)*$L$10,2))) | M74: =IF($L74="","",ROUND($L74*$M$10,2)) | Q74: =IF(COUNT($N74:$P74)=0,"",SUM($N74:$P74)) | R74: =IF(ISERROR(IF($Q74="","",ROUND(($Q74/$Q$10)*$R$10,2))),"",IF($Q74="","",ROUND(($Q74/$Q$10)*$R$10,2))) | S74: =IF($R74="","",ROUND($R74*$S$10,2)) | W74: =IF(OR(T74="",$T$10=""),"",(T74/$T$10)*$W$10) | X74: =IF(OR(U74="",$U$10=""),"",(U74/$U$10)*$X$10) | Y74: =IF(OR(V74="",$V$10=""),"",(V74/$V$10)*$Y$10) | Z74: =IF(COUNT($W74:$Y74)=0,"",IFERROR(ROUND((SUM($W74:$Y74)/SUM($W$10:$Y$10))*$Z$10,2),"")) | AA74: =IF($Z74="","",ROUND($Z74*$AA$10,2)) | AB74: =IF(ISERROR(IF($Z74="","",ROUND(SUM($M74,$S74,$AA74),2))),"",IF($Z74="","",ROUND(SUM($M74,$S74,$AA74),2))) | AC74: =IF(ISERROR(IF($Z74="","",VLOOKUP(AB74,NewTransmu,4,TRUE))),"",IF($Z74="","",VLOOKUP(AB74,NewTransmu,4,TRUE))) | AD74: =IF(ISERROR(IF(AC74="","",VLOOKUP(AC74,DESCRIPTORS,4,TRUE))),"",IF(AC74="","",VLOOKUP(AC74,DESCRIPTORS,4,TRUE))) | AS74: =(T74/$T$10)*100 -> #DIV/0! | AT74: =(U74/$U$10)*100 -> #DIV/0! | AU74: =(V74/$V$10)*100 -> #DIV/0!
... A112: 50 | B112: ='INPUT DATA'!P58 -> 0 | K112: =IF(COUNT($F112:$J112)=0,"",SUM($F112:$J112)) | L112: =IF(ISERROR(IF($K112="","",ROUND(($K112/$K$10)*$L$10,2))),"",IF($K112="","",ROUND(($K112/$K$10)*$L$10,2))) | M112: =IF($L112="","",ROUND($L112*$M$10,2)) | Q112: =IF(COUNT($N112:$P112)=0,"",SUM($N112:$P112)) | R112: =IF(ISERROR(IF($Q112="","",ROUND(($Q112/$Q$10)*$R$10,2))),"",IF($Q112="","",ROUND(($Q112/$Q$10)*$R$10,2))) | S112: =IF($R112="","",ROUND($R112*$S$10,2)) | W112: =IF(OR(T112="",$T$10=""),"",(T112/$T$10)*$W$10) | X112: =IF(OR(U112="",$U$10=""),"",(U112/$U$10)*$X$10) | Y112: =IF(OR(V112="",$V$10=""),"",(V112/$V$10)*$Y$10) | Z112: =IF(COUNT($W112:$Y112)=0,"",IFERROR(ROUND((SUM($W112:$Y112)/SUM($W$10:$Y$10))*$Z$10,2),"")) | AA112: =IF($Z112="","",ROUND($Z112*$AA$10,2)) | AB112: =IF(ISERROR(IF($Z112="","",ROUND(SUM($M112,$S112,$AA112),2))),"",IF($Z112="","",ROUND(SUM($M112,$S112,$AA112),2))) | AC112: =IF(ISERROR(IF($Z112="","",VLOOKUP(AB112,NewTransmu,4,TRUE))),"",IF($Z112="","",VLOOKUP(AB112,NewTransmu,4,TRUE))) | AD112: =IF(ISERROR(IF(AC112="","",VLOOKUP(AC112,DESCRIPTORS,4,TRUE))),"",IF(AC112="","",VLOOKUP(AC112,DESCRIPTORS,4,TRUE))) | AS112: =(T112/$T$10)*100 -> #DIV/0! | AT112: =(U112/$U$10)*100 -> #DIV/0! | AU112: =(V112/$V$10)*100 -> #DIV/0!

Sheet MAPEH_T1
A1: Summary of Term 1 Grades
B5: REGION | G5: ='INPUT DATA'!E8 -> X | L5: DIVISION | O5: ='INPUT DATA'!E9 -> EDUCATORS FILES
B6: SCHOOL NAME | G6: ='INPUT DATA'!E10 -> EFILES NATIONAL HIGH SCHOOL | S6: SCHOOL ID | W6: ='INPUT DATA'!E11 -> 123456
B8: LEARNERS' NAMES | F8: GRADE & SECTION: | K8: ='INPUT DATA'!E14 -> VI - MASIPAG | S8: SCHOOL YEAR: | W8: ='INPUT DATA'!E12 -> 2026-2027
F9: TEACHER: | K9: ='INPUT DATA'!E17 -> SAMUEL A. SILVERIO | S9: SUBJECT: | W9: ='INPUT DATA'!E15 -> MAPEH
F10: MUSIC & ARTS (TERM 1) | J10: PE & HEALTH (TERM 1) | N10: MAPEH (TERM 1 GRADE) | V10: DESCRIPTOR
AM11: ST1 | AN11: ST2 | AO11: TE | AQ11: ST1 | AR11: ST2 | AS11: TE
B12: MALE | AM12: =IF(COUNT(MA_T1!T10,PEH_T1!T10)=0,"",MA_T1!T10+PEH_T1!T10) | AN12: =IF(COUNT(MA_T1!U10,PEH_T1!U10)=0,"",MA_T1!U10+PEH_T1!U10) | AO12: =IF(COUNT(MA_T1!V10,PEH_T1!V10)=0,"",MA_T1!V10+PEH_T1!V10)
A13: 1 | B13: ='INPUT DATA'!J9 -> 0 | F13: =MA_T1!AC12 | J13: =PEH_T1!AC12 | N13: =IF(COUNT(F13,J13)<2,"",ROUND(AVERAGE(F13,J13),0)) | V13: =IFERROR(VLOOKUP(N13,DESCRIPTORS,4,TRUE),"") | AM13: =IF(COUNT(MA_T1!T12,PEH_T1!T12)=0,"",MA_T1!T12+PEH_T1!T12) | AN13: =IF(COUNT(MA_T1!U12,PEH_T1!U12)=0,"",MA_T1!U12+PEH_T1!U12) | AO13: =IF(COUNT(MA_T1!V12,PEH_T1!V12)=0,"",MA_T1!V12+PEH_T1!V12) | AQ13: =IF(AM13="","",IF($AM$12=0,"",(AM13/$AM$12)*100)) | AR13: =IF(AN13="","",IF($AN$12=0,"",(AN13/$AN$12)*100)) | AS13: =IF(AO13="","",IF($AO$12=0,"",(AO13/$AO$12)*100))
A14: 2 | B14: ='INPUT DATA'!J10 -> 0 | F14: =MA_T1!AC13 | J14: =PEH_T1!AC13 | N14: =IF(COUNT(F14,J14)<2,"",ROUND(AVERAGE(F14,J14),0)) | V14: =IFERROR(VLOOKUP(N14,DESCRIPTORS,4,TRUE),"") | AD14: Female | AE14: Total | AM14: =IF(COUNT(MA_T1!T13,PEH_T1!T13)=0,"",MA_T1!T13+PEH_T1!T13) | AN14: =IF(COUNT(MA_T1!U13,PEH_T1!U13)=0,"",MA_T1!U13+PEH_T1!U13) | AO14: =IF(COUNT(MA_T1!V13,PEH_T1!V13)=0,"",MA_T1!V13+PEH_T1!V13) | AQ14: =IF(AM14="","",IF($AM$12=0,"",(AM14/$AM$12)*100)) | AR14: =IF(AN14="","",IF($AN$12=0,"",(AN14/$AN$12)*100)) | AS14: =IF(AO14="","",IF($AO$12=0,"",(AO14/$AO$12)*100))
A15: 3 | B15: ='INPUT DATA'!J11 -> 0 | F15: =MA_T1!AC14 | J15: =PEH_T1!AC14 | N15: =IF(COUNT(F15,J15)<2,"",ROUND(AVERAGE(F15,J15),0)) | V15: =IFERROR(VLOOKUP(N15,DESCRIPTORS,4,TRUE),"") | AD15: =COUNTIF( $V$64:$V$113, "Advancing" ) -> 0 | AE15: =#REF!+AD15 -> #REF! | AM15: =IF(COUNT(MA_T1!T14,PEH_T1!T14)=0,"",MA_T1!T14+PEH_T1!T14) | AN15: =IF(COUNT(MA_T1!U14,PEH_T1!U14)=0,"",MA_T1!U14+PEH_T1!U14) | AO15: =IF(COUNT(MA_T1!V14,PEH_T1!V14)=0,"",MA_T1!V14+PEH_T1!V14) | AQ15: =IF(AM15="","",IF($AM$12=0,"",(AM15/$AM$12)*100)) | AR15: =IF(AN15="","",IF($AN$12=0,"",(AN15/$AN$12)*100)) | AS15: =IF(AO15="","",IF($AO$12=0,"",(AO15/$AO$12)*100))
A16: 4 | B16: ='INPUT DATA'!J12 -> 0 | F16: =MA_T1!AC15 | J16: =PEH_T1!AC15 | N16: =IF(COUNT(F16,J16)<2,"",ROUND(AVERAGE(F16,J16),0)) | V16: =IFERROR(VLOOKUP(N16,DESCRIPTORS,4,TRUE),"") | AD16: =COUNTIF( $V$64:$V$113, "Benchmarking" ) -> 0 | AE16: =#REF!+AD16 -> #REF! | AM16: =IF(COUNT(MA_T1!T15,PEH_T1!T15)=0,"",MA_T1!T15+PEH_T1!T15) | AN16: =IF(COUNT(MA_T1!U15,PEH_T1!U15)=0,"",MA_T1!U15+PEH_T1!U15) | AO16: =IF(COUNT(MA_T1!V15,PEH_T1!V15)=0,"",MA_T1!V15+PEH_T1!V15) | AQ16: =IF(AM16="","",IF($AM$12=0,"",(AM16/$AM$12)*100)) | AR16: =IF(AN16="","",IF($AN$12=0,"",(AN16/$AN$12)*100)) | AS16: =IF(AO16="","",IF($AO$12=0,"",(AO16/$AO$12)*100))
A17: 5 | B17: ='INPUT DATA'!J13 -> 0 | F17: =MA_T1!AC16 | J17: =PEH_T1!AC16 | N17: =IF(COUNT(F17,J17)<2,"",ROUND(AVERAGE(F17,J17),0)) | V17: =IFERROR(VLOOKUP(N17,DESCRIPTORS,4,TRUE),"") | AD17: =COUNTIF( $V$64:$V$113, "Connecting" ) -> 0 | AE17: =#REF!+AD17 -> #REF! | AM17: =IF(COUNT(MA_T1!T16,PEH_T1!T16)=0,"",MA_T1!T16+PEH_T1!T16) | AN17: =IF(COUNT(MA_T1!U16,PEH_T1!U16)=0,"",MA_T1!U16+PEH_T1!U16) | AO17: =IF(COUNT(MA_T1!V16,PEH_T1!V16)=0,"",MA_T1!V16+PEH_T1!V16) | AQ17: =IF(AM17="","",IF($AM$12=0,"",(AM17/$AM$12)*100)) | AR17: =IF(AN17="","",IF($AN$12=0,"",(AN17/$AN$12)*100)) | AS17: =IF(AO17="","",IF($AO$12=0,"",(AO17/$AO$12)*100))
A18: 6 | B18: ='INPUT DATA'!J14 -> 0 | F18: =MA_T1!AC17 | J18: =PEH_T1!AC17 | N18: =IF(COUNT(F18,J18)<2,"",ROUND(AVERAGE(F18,J18),0)) | V18: =IFERROR(VLOOKUP(N18,DESCRIPTORS,4,TRUE),"") | AD18: =COUNTIF( $V$64:$V$113, "Developing " ) -> 0 | AE18: =#REF!+AD18 -> #REF! | AM18: =IF(COUNT(MA_T1!T17,PEH_T1!T17)=0,"",MA_T1!T17+PEH_T1!T17) | AN18: =IF(COUNT(MA_T1!U17,PEH_T1!U17)=0,"",MA_T1!U17+PEH_T1!U17) | AO18: =IF(COUNT(MA_T1!V17,PEH_T1!V17)=0,"",MA_T1!V17+PEH_T1!V17) | AQ18: =IF(AM18="","",IF($AM$12=0,"",(AM18/$AM$12)*100)) | AR18: =IF(AN18="","",IF($AN$12=0,"",(AN18/$AN$12)*100)) | AS18: =IF(AO18="","",IF($AO$12=0,"",(AO18/$AO$12)*100))
A19: 7 | B19: ='INPUT DATA'!J15 -> 0 | F19: =MA_T1!AC18 | J19: =PEH_T1!AC18 | N19: =IF(COUNT(F19,J19)<2,"",ROUND(AVERAGE(F19,J19),0)) | V19: =IFERROR(VLOOKUP(N19,DESCRIPTORS,4,TRUE),"") | AD19: =COUNTIF( $V$64:$V$113, "Emerging" ) -> 0 | AE19: =#REF!+AD19 -> #REF! | AM19: =IF(COUNT(MA_T1!T18,PEH_T1!T18)=0,"",MA_T1!T18+PEH_T1!T18) | AN19: =IF(COUNT(MA_T1!U18,PEH_T1!U18)=0,"",MA_T1!U18+PEH_T1!U18) | AO19: =IF(COUNT(MA_T1!V18,PEH_T1!V18)=0,"",MA_T1!V18+PEH_T1!V18) | AQ19: =IF(AM19="","",IF($AM$12=0,"",(AM19/$AM$12)*100)) | AR19: =IF(AN19="","",IF($AN$12=0,"",(AN19/$AN$12)*100)) | AS19: =IF(AO19="","",IF($AO$12=0,"",(AO19/$AO$12)*100))
A20: 8 | B20: ='INPUT DATA'!J16 -> 0 | D20: 0 | F20: =MA_T1!AC19 | J20: =PEH_T1!AC19 | N20: =IF(COUNT(F20,J20)<2,"",ROUND(AVERAGE(F20,J20),0)) | V20: =IFERROR(VLOOKUP(N20,DESCRIPTORS,4,TRUE),"") | AD20: =SUM(AD15:AD19) -> 0 | AE20: =#REF!+AD20 -> #REF! | AM20: =IF(COUNT(MA_T1!T19,PEH_T1!T19)=0,"",MA_T1!T19+PEH_T1!T19) | AN20: =IF(COUNT(MA_T1!U19,PEH_T1!U19)=0,"",MA_T1!U19+PEH_T1!U19) | AO20: =IF(COUNT(MA_T1!V19,PEH_T1!V19)=0,"",MA_T1!V19+PEH_T1!V19) | AQ20: =IF(AM20="","",IF($AM$12=0,"",(AM20/$AM$12)*100)) | AR20: =IF(AN20="","",IF($AN$12=0,"",(AN20/$AN$12)*100)) | AS20: =IF(AO20="","",IF($AO$12=0,"",(AO20/$AO$12)*100))
A21: 9 | B21: ='INPUT DATA'!J17 -> 0 | F21: =MA_T1!AC20 | J21: =PEH_T1!AC20 | N21: =IF(COUNT(F21,J21)<2,"",ROUND(AVERAGE(F21,J21),0)) | V21: =IFERROR(VLOOKUP(N21,DESCRIPTORS,4,TRUE),"") | AM21: =IF(COUNT(MA_T1!T20,PEH_T1!T20)=0,"",MA_T1!T20+PEH_T1!T20) | AN21: =IF(COUNT(MA_T1!U20,PEH_T1!U20)=0,"",MA_T1!U20+PEH_T1!U20) | AO21: =IF(COUNT(MA_T1!V20,PEH_T1!V20)=0,"",MA_T1!V20+PEH_T1!V20) | AQ21: =IF(AM21="","",IF($AM$12=0,"",(AM21/$AM$12)*100)) | AR21: =IF(AN21="","",IF($AN$12=0,"",(AN21/$AN$12)*100)) | AS21: =IF(AO21="","",IF($AO$12=0,"",(AO21/$AO$12)*100))
A22: 10 | B22: ='INPUT DATA'!J18 -> 0 | F22: =MA_T1!AC21 | J22: =PEH_T1!AC21 | N22: =IF(COUNT(F22,J22)<2,"",ROUND(AVERAGE(F22,J22),0)) | V22: =IFERROR(VLOOKUP(N22,DESCRIPTORS,4,TRUE),"") | AM22: =IF(COUNT(MA_T1!T21,PEH_T1!T21)=0,"",MA_T1!T21+PEH_T1!T21) | AN22: =IF(COUNT(MA_T1!U21,PEH_T1!U21)=0,"",MA_T1!U21+PEH_T1!U21) | AO22: =IF(COUNT(MA_T1!V21,PEH_T1!V21)=0,"",MA_T1!V21+PEH_T1!V21) | AQ22: =IF(AM22="","",IF($AM$12=0,"",(AM22/$AM$12)*100)) | AR22: =IF(AN22="","",IF($AN$12=0,"",(AN22/$AN$12)*100)) | AS22: =IF(AO22="","",IF($AO$12=0,"",(AO22/$AO$12)*100))
A23: 11 | B23: ='INPUT DATA'!J19 -> 0 | D23: 0 | F23: =MA_T1!AC22 | J23: =PEH_T1!AC22 | N23: =IF(COUNT(F23,J23)<2,"",ROUND(AVERAGE(F23,J23),0)) | V23: =IFERROR(VLOOKUP(N23,DESCRIPTORS,4,TRUE),"") | AM23: =IF(COUNT(MA_T1!T22,PEH_T1!T22)=0,"",MA_T1!T22+PEH_T1!T22) | AN23: =IF(COUNT(MA_T1!U22,PEH_T1!U22)=0,"",MA_T1!U22+PEH_T1!U22) | AO23: =IF(COUNT(MA_T1!V22,PEH_T1!V22)=0,"",MA_T1!V22+PEH_T1!V22) | AQ23: =IF(AM23="","",IF($AM$12=0,"",(AM23/$AM$12)*100)) | AR23: =IF(AN23="","",IF($AN$12=0,"",(AN23/$AN$12)*100)) | AS23: =IF(AO23="","",IF($AO$12=0,"",(AO23/$AO$12)*100))
A24: 12 | B24: ='INPUT DATA'!J20 -> 0 | F24: =MA_T1!AC23 | J24: =PEH_T1!AC23 | N24: =IF(COUNT(F24,J24)<2,"",ROUND(AVERAGE(F24,J24),0)) | V24: =IFERROR(VLOOKUP(N24,DESCRIPTORS,4,TRUE),"") | AM24: =IF(COUNT(MA_T1!T23,PEH_T1!T23)=0,"",MA_T1!T23+PEH_T1!T23) | AN24: =IF(COUNT(MA_T1!U23,PEH_T1!U23)=0,"",MA_T1!U23+PEH_T1!U23) | AO24: =IF(COUNT(MA_T1!V23,PEH_T1!V23)=0,"",MA_T1!V23+PEH_T1!V23) | AQ24: =IF(AM24="","",IF($AM$12=0,"",(AM24/$AM$12)*100)) | AR24: =IF(AN24="","",IF($AN$12=0,"",(AN24/$AN$12)*100)) | AS24: =IF(AO24="","",IF($AO$12=0,"",(AO24/$AO$12)*100))
A25: 13 | B25: ='INPUT DATA'!J21 -> 0 | F25: =MA_T1!AC24 | J25: =PEH_T1!AC24 | N25: =IF(COUNT(F25,J25)<2,"",ROUND(AVERAGE(F25,J25),0)) | V25: =IFERROR(VLOOKUP(N25,DESCRIPTORS,4,TRUE),"") | AM25: =IF(COUNT(MA_T1!T24,PEH_T1!T24)=0,"",MA_T1!T24+PEH_T1!T24) | AN25: =IF(COUNT(MA_T1!U24,PEH_T1!U24)=0,"",MA_T1!U24+PEH_T1!U24) | AO25: =IF(COUNT(MA_T1!V24,PEH_T1!V24)=0,"",MA_T1!V24+PEH_T1!V24) | AQ25: =IF(AM25="","",IF($AM$12=0,"",(AM25/$AM$12)*100)) | AR25: =IF(AN25="","",IF($AN$12=0,"",(AN25/$AN$12)*100)) | AS25: =IF(AO25="","",IF($AO$12=0,"",(AO25/$AO$12)*100))
A26: 14 | B26: ='INPUT DATA'!J22 -> 0 | F26: =MA_T1!AC25 | J26: =PEH_T1!AC25 | N26: =IF(COUNT(F26,J26)<2,"",ROUND(AVERAGE(F26,J26),0)) | V26: =IFERROR(VLOOKUP(N26,DESCRIPTORS,4,TRUE),"") | AM26: =IF(COUNT(MA_T1!T25,PEH_T1!T25)=0,"",MA_T1!T25+PEH_T1!T25) | AN26: =IF(COUNT(MA_T1!U25,PEH_T1!U25)=0,"",MA_T1!U25+PEH_T1!U25) | AO26: =IF(COUNT(MA_T1!V25,PEH_T1!V25)=0,"",MA_T1!V25+PEH_T1!V25) | AQ26: =IF(AM26="","",IF($AM$12=0,"",(AM26/$AM$12)*100)) | AR26: =IF(AN26="","",IF($AN$12=0,"",(AN26/$AN$12)*100)) | AS26: =IF(AO26="","",IF($AO$12=0,"",(AO26/$AO$12)*100))
A27: 15 | B27: ='INPUT DATA'!J23 -> 0 | F27: =MA_T1!AC26 | J27: =PEH_T1!AC26 | N27: =IF(COUNT(F27,J27)<2,"",ROUND(AVERAGE(F27,J27),0)) | V27: =IFERROR(VLOOKUP(N27,DESCRIPTORS,4,TRUE),"") | AM27: =IF(COUNT(MA_T1!T26,PEH_T1!T26)=0,"",MA_T1!T26+PEH_T1!T26) | AN27: =IF(COUNT(MA_T1!U26,PEH_T1!U26)=0,"",MA_T1!U26+PEH_T1!U26) | AO27: =IF(COUNT(MA_T1!V26,PEH_T1!V26)=0,"",MA_T1!V26+PEH_T1!V26) | AQ27: =IF(AM27="","",IF($AM$12=0,"",(AM27/$AM$12)*100)) | AR27: =IF(AN27="","",IF($AN$12=0,"",(AN27/$AN$12)*100)) | AS27: =IF(AO27="","",IF($AO$12=0,"",(AO27/$AO$12)*100))
A28: 16 | B28: ='INPUT DATA'!J24 -> 0 | F28: =MA_T1!AC27 | J28: =PEH_T1!AC27 | N28: =IF(COUNT(F28,J28)<2,"",ROUND(AVERAGE(F28,J28),0)) | V28: =IFERROR(VLOOKUP(N28,DESCRIPTORS,4,TRUE),"") | AM28: =IF(COUNT(MA_T1!T27,PEH_T1!T27)=0,"",MA_T1!T27+PEH_T1!T27) | AN28: =IF(COUNT(MA_T1!U27,PEH_T1!U27)=0,"",MA_T1!U27+PEH_T1!U27) | AO28: =IF(COUNT(MA_T1!V27,PEH_T1!V27)=0,"",MA_T1!V27+PEH_T1!V27) | AQ28: =IF(AM28="","",IF($AM$12=0,"",(AM28/$AM$12)*100)) | AR28: =IF(AN28="","",IF($AN$12=0,"",(AN28/$AN$12)*100)) | AS28: =IF(AO28="","",IF($AO$12=0,"",(AO28/$AO$12)*100))
A29: 17 | B29: ='INPUT DATA'!J25 -> 0 | F29: =MA_T1!AC28 | J29: =PEH_T1!AC28 | N29: =IF(COUNT(F29,J29)<2,"",ROUND(AVERAGE(F29,J29),0)) | V29: =IFERROR(VLOOKUP(N29,DESCRIPTORS,4,TRUE),"") | AM29: =IF(COUNT(MA_T1!T28,PEH_T1!T28)=0,"",MA_T1!T28+PEH_T1!T28) | AN29: =IF(COUNT(MA_T1!U28,PEH_T1!U28)=0,"",MA_T1!U28+PEH_T1!U28) | AO29: =IF(COUNT(MA_T1!V28,PEH_T1!V28)=0,"",MA_T1!V28+PEH_T1!V28) | AQ29: =IF(AM29="","",IF($AM$12=0,"",(AM29/$AM$12)*100)) | AR29: =IF(AN29="","",IF($AN$12=0,"",(AN29/$AN$12)*100)) | AS29: =IF(AO29="","",IF($AO$12=0,"",(AO29/$AO$12)*100))
A30: 18 | B30: ='INPUT DATA'!J26 -> 0 | F30: =MA_T1!AC29 | J30: =PEH_T1!AC29 | N30: =IF(COUNT(F30,J30)<2,"",ROUND(AVERAGE(F30,J30),0)) | V30: =IFERROR(VLOOKUP(N30,DESCRIPTORS,4,TRUE),"") | AM30: =IF(COUNT(MA_T1!T29,PEH_T1!T29)=0,"",MA_T1!T29+PEH_T1!T29) | AN30: =IF(COUNT(MA_T1!U29,PEH_T1!U29)=0,"",MA_T1!U29+PEH_T1!U29) | AO30: =IF(COUNT(MA_T1!V29,PEH_T1!V29)=0,"",MA_T1!V29+PEH_T1!V29) | AQ30: =IF(AM30="","",IF($AM$12=0,"",(AM30/$AM$12)*100)) | AR30: =IF(AN30="","",IF($AN$12=0,"",(AN30/$AN$12)*100)) | AS30: =IF(AO30="","",IF($AO$12=0,"",(AO30/$AO$12)*100))
A31: 19 | B31: ='INPUT DATA'!J27 -> 0 | F31: =MA_T1!AC30 | J31: =PEH_T1!AC30 | N31: =IF(COUNT(F31,J31)<2,"",ROUND(AVERAGE(F31,J31),0)) | V31: =IFERROR(VLOOKUP(N31,DESCRIPTORS,4,TRUE),"") | AM31: =IF(COUNT(MA_T1!T30,PEH_T1!T30)=0,"",MA_T1!T30+PEH_T1!T30) | AN31: =IF(COUNT(MA_T1!U30,PEH_T1!U30)=0,"",MA_T1!U30+PEH_T1!U30) | AO31: =IF(COUNT(MA_T1!V30,PEH_T1!V30)=0,"",MA_T1!V30+PEH_T1!V30) | AQ31: =IF(AM31="","",IF($AM$12=0,"",(AM31/$AM$12)*100)) | AR31: =IF(AN31="","",IF($AN$12=0,"",(AN31/$AN$12)*100)) | AS31: =IF(AO31="","",IF($AO$12=0,"",(AO31/$AO$12)*100))
A32: 20 | B32: ='INPUT DATA'!J28 -> 0 | F32: =MA_T1!AC31 | J32: =PEH_T1!AC31 | N32: =IF(COUNT(F32,J32)<2,"",ROUND(AVERAGE(F32,J32),0)) | V32: =IFERROR(VLOOKUP(N32,DESCRIPTORS,4,TRUE),"") | AM32: =IF(COUNT(MA_T1!T31,PEH_T1!T31)=0,"",MA_T1!T31+PEH_T1!T31) | AN32: =IF(COUNT(MA_T1!U31,PEH_T1!U31)=0,"",MA_T1!U31+PEH_T1!U31) | AO32: =IF(COUNT(MA_T1!V31,PEH_T1!V31)=0,"",MA_T1!V31+PEH_T1!V31) | AQ32: =IF(AM32="","",IF($AM$12=0,"",(AM32/$AM$12)*100)) | AR32: =IF(AN32="","",IF($AN$12=0,"",(AN32/$AN$12)*100)) | AS32: =IF(AO32="","",IF($AO$12=0,"",(AO32/$AO$12)*100))
A33: 21 | B33: ='INPUT DATA'!J29 -> 0 | F33: =MA_T1!AC32 | J33: =PEH_T1!AC32 | N33: =IF(COUNT(F33,J33)<2,"",ROUND(AVERAGE(F33,J33),0)) | V33: =IFERROR(VLOOKUP(N33,DESCRIPTORS,4,TRUE),"") | AM33: =IF(COUNT(MA_T1!T32,PEH_T1!T32)=0,"",MA_T1!T32+PEH_T1!T32) | AN33: =IF(COUNT(MA_T1!U32,PEH_T1!U32)=0,"",MA_T1!U32+PEH_T1!U32) | AO33: =IF(COUNT(MA_T1!V32,PEH_T1!V32)=0,"",MA_T1!V32+PEH_T1!V32) | AQ33: =IF(AM33="","",IF($AM$12=0,"",(AM33/$AM$12)*100)) | AR33: =IF(AN33="","",IF($AN$12=0,"",(AN33/$AN$12)*100)) | AS33: =IF(AO33="","",IF($AO$12=0,"",(AO33/$AO$12)*100))
A34: 22 | B34: ='INPUT DATA'!J30 -> 0 | F34: =MA_T1!AC33 | J34: =PEH_T1!AC33 | N34: =IF(COUNT(F34,J34)<2,"",ROUND(AVERAGE(F34,J34),0)) | V34: =IFERROR(VLOOKUP(N34,DESCRIPTORS,4,TRUE),"") | AM34: =IF(COUNT(MA_T1!T33,PEH_T1!T33)=0,"",MA_T1!T33+PEH_T1!T33) | AN34: =IF(COUNT(MA_T1!U33,PEH_T1!U33)=0,"",MA_T1!U33+PEH_T1!U33) | AO34: =IF(COUNT(MA_T1!V33,PEH_T1!V33)=0,"",MA_T1!V33+PEH_T1!V33) | AQ34: =IF(AM34="","",IF($AM$12=0,"",(AM34/$AM$12)*100)) | AR34: =IF(AN34="","",IF($AN$12=0,"",(AN34/$AN$12)*100)) | AS34: =IF(AO34="","",IF($AO$12=0,"",(AO34/$AO$12)*100))
A35: 23 | B35: ='INPUT DATA'!J31 -> 0 | F35: =MA_T1!AC34 | J35: =PEH_T1!AC34 | N35: =IF(COUNT(F35,J35)<2,"",ROUND(AVERAGE(F35,J35),0)) | V35: =IFERROR(VLOOKUP(N35,DESCRIPTORS,4,TRUE),"") | AM35: =IF(COUNT(MA_T1!T34,PEH_T1!T34)=0,"",MA_T1!T34+PEH_T1!T34) | AN35: =IF(COUNT(MA_T1!U34,PEH_T1!U34)=0,"",MA_T1!U34+PEH_T1!U34) | AO35: =IF(COUNT(MA_T1!V34,PEH_T1!V34)=0,"",MA_T1!V34+PEH_T1!V34) | AQ35: =IF(AM35="","",IF($AM$12=0,"",(AM35/$AM$12)*100)) | AR35: =IF(AN35="","",IF($AN$12=0,"",(AN35/$AN$12)*100)) | AS35: =IF(AO35="","",IF($AO$12=0,"",(AO35/$AO$12)*100))
... A61: 49 | B61: ='INPUT DATA'!J57 -> 0 | F61: =MA_T1!AC60 | J61: =PEH_T1!AC60 | N61: =IF(COUNT(F61,J61)<2,"",ROUND(AVERAGE(F61,J61),0)) | V61: =IFERROR(VLOOKUP(N61,DESCRIPTORS,4,TRUE),"") | AM61: =IF(COUNT(MA_T1!T60,PEH_T1!T60)=0,"",MA_T1!T60+PEH_T1!T60) | AN61: =IF(COUNT(MA_T1!U60,PEH_T1!U60)=0,"",MA_T1!U60+PEH_T1!U60) | AO61: =IF(COUNT(MA_T1!V60,PEH_T1!V60)=0,"",MA_T1!V60+PEH_T1!V60) | AQ61: =IF(AM61="","",IF($AM$12=0,"",(AM61/$AM$12)*100)) | AR61: =IF(AN61="","",IF($AN$12=0,"",(AN61/$AN$12)*100)) | AS61: =IF(AO61="","",IF($AO$12=0,"",(AO61/$AO$12)*100))
A62: 50 | B62: ='INPUT DATA'!J58 -> 0 | C62: 0 | F62: =MA_T1!AC61 | J62: =PEH_T1!AC61 | N62: =IF(COUNT(F62,J62)<2,"",ROUND(AVERAGE(F62,J62),0)) | V62: =IFERROR(VLOOKUP(N62,DESCRIPTORS,4,TRUE),"") | AM62: =IF(COUNT(MA_T1!T61,PEH_T1!T61)=0,"",MA_T1!T61+PEH_T1!T61) | AN62: =IF(COUNT(MA_T1!U61,PEH_T1!U61)=0,"",MA_T1!U61+PEH_T1!U61) | AO62: =IF(COUNT(MA_T1!V61,PEH_T1!V61)=0,"",MA_T1!V61+PEH_T1!V61) | AQ62: =IF(AM62="","",IF($AM$12=0,"",(AM62/$AM$12)*100)) | AR62: =IF(AN62="","",IF($AN$12=0,"",(AN62/$AN$12)*100)) | AS62: =IF(AO62="","",IF($AO$12=0,"",(AO62/$AO$12)*100))
B63: FEMALE | V63: =IF(OR(F63="",J63="",N63="",R63=""),"",IF(ISERROR(ROUND(AVERAGE(F63,J63,N63,R63),0)),"",ROUND(AVERAGE(F63,J63,N63,R63),0)))
A64: 1 | B64: ='INPUT DATA'!P9 -> 0 | F64: =MA_T1!AC63 | J64: =PEH_T1!AC63 | N64: =IF(COUNT(F64,J64)<2,"",ROUND(AVERAGE(F64,J64),0)) | V64: =IFERROR(VLOOKUP(N64,DESCRIPTORS,4,TRUE),"") | AM64: =IF(COUNT(MA_T1!T63,PEH_T1!T63)=0,"",MA_T1!T63+PEH_T1!T63) | AN64: =IF(COUNT(MA_T1!U63,PEH_T1!U63)=0,"",MA_T1!U63+PEH_T1!U63) | AO64: =IF(COUNT(MA_T1!V63,PEH_T1!V63)=0,"",MA_T1!V63+PEH_T1!V63) | AQ64: =IF(AM64="","",IF($AM$12=0,"",(AM64/$AM$12)*100)) | AR64: =IF(AN64="","",IF($AN$12=0,"",(AN64/$AN$12)*100)) | AS64: =IF(AO64="","",IF($AO$12=0,"",(AO64/$AO$12)*100))
A65: 2 | B65: ='INPUT DATA'!P10 -> 0 | F65: =MA_T1!AC64 | J65: =PEH_T1!AC64 | N65: =IF(COUNT(F65,J65)<2,"",ROUND(AVERAGE(F65,J65),0)) | V65: =IFERROR(VLOOKUP(N65,DESCRIPTORS,4,TRUE),"") | AM65: =IF(COUNT(MA_T1!T64,PEH_T1!T64)=0,"",MA_T1!T64+PEH_T1!T64) | AN65: =IF(COUNT(MA_T1!U64,PEH_T1!U64)=0,"",MA_T1!U64+PEH_T1!U64) | AO65: =IF(COUNT(MA_T1!V64,PEH_T1!V64)=0,"",MA_T1!V64+PEH_T1!V64) | AQ65: =IF(AM65="","",IF($AM$12=0,"",(AM65/$AM$12)*100)) | AR65: =IF(AN65="","",IF($AN$12=0,"",(AN65/$AN$12)*100)) | AS65: =IF(AO65="","",IF($AO$12=0,"",(AO65/$AO$12)*100))
A66: 3 | B66: ='INPUT DATA'!P11 -> 0 | F66: =MA_T1!AC65 | J66: =PEH_T1!AC65 | N66: =IF(COUNT(F66,J66)<2,"",ROUND(AVERAGE(F66,J66),0)) | V66: =IFERROR(VLOOKUP(N66,DESCRIPTORS,4,TRUE),"") | AM66: =IF(COUNT(MA_T1!T65,PEH_T1!T65)=0,"",MA_T1!T65+PEH_T1!T65) | AN66: =IF(COUNT(MA_T1!U65,PEH_T1!U65)=0,"",MA_T1!U65+PEH_T1!U65) | AO66: =IF(COUNT(MA_T1!V65,PEH_T1!V65)=0,"",MA_T1!V65+PEH_T1!V65) | AQ66: =IF(AM66="","",IF($AM$12=0,"",(AM66/$AM$12)*100)) | AR66: =IF(AN66="","",IF($AN$12=0,"",(AN66/$AN$12)*100)) | AS66: =IF(AO66="","",IF($AO$12=0,"",(AO66/$AO$12)*100))
A67: 4 | B67: ='INPUT DATA'!P12 -> 0 | F67: =MA_T1!AC66 | J67: =PEH_T1!AC66 | N67: =IF(COUNT(F67,J67)<2,"",ROUND(AVERAGE(F67,J67),0)) | V67: =IFERROR(VLOOKUP(N67,DESCRIPTORS,4,TRUE),"") | AM67: =IF(COUNT(MA_T1!T66,PEH_T1!T66)=0,"",MA_T1!T66+PEH_T1!T66) | AN67: =IF(COUNT(MA_T1!U66,PEH_T1!U66)=0,"",MA_T1!U66+PEH_T1!U66) | AO67: =IF(COUNT(MA_T1!V66,PEH_T1!V66)=0,"",MA_T1!V66+PEH_T1!V66) | AQ67: =IF(AM67="","",IF($AM$12=0,"",(AM67/$AM$12)*100)) | AR67: =IF(AN67="","",IF($AN$12=0,"",(AN67/$AN$12)*100)) | AS67: =IF(AO67="","",IF($AO$12=0,"",(AO67/$AO$12)*100))
A68: 5 | B68: ='INPUT DATA'!P13 -> 0 | F68: =MA_T1!AC67 | J68: =PEH_T1!AC67 | N68: =IF(COUNT(F68,J68)<2,"",ROUND(AVERAGE(F68,J68),0)) | V68: =IFERROR(VLOOKUP(N68,DESCRIPTORS,4,TRUE),"") | AM68: =IF(COUNT(MA_T1!T67,PEH_T1!T67)=0,"",MA_T1!T67+PEH_T1!T67) | AN68: =IF(COUNT(MA_T1!U67,PEH_T1!U67)=0,"",MA_T1!U67+PEH_T1!U67) | AO68: =IF(COUNT(MA_T1!V67,PEH_T1!V67)=0,"",MA_T1!V67+PEH_T1!V67) | AQ68: =IF(AM68="","",IF($AM$12=0,"",(AM68/$AM$12)*100)) | AR68: =IF(AN68="","",IF($AN$12=0,"",(AN68/$AN$12)*100)) | AS68: =IF(AO68="","",IF($AO$12=0,"",(AO68/$AO$12)*100))
A69: 6 | B69: ='INPUT DATA'!P14 -> 0 | F69: =MA_T1!AC68 | J69: =PEH_T1!AC68 | N69: =IF(COUNT(F69,J69)<2,"",ROUND(AVERAGE(F69,J69),0)) | V69: =IFERROR(VLOOKUP(N69,DESCRIPTORS,4,TRUE),"") | AM69: =IF(COUNT(MA_T1!T68,PEH_T1!T68)=0,"",MA_T1!T68+PEH_T1!T68) | AN69: =IF(COUNT(MA_T1!U68,PEH_T1!U68)=0,"",MA_T1!U68+PEH_T1!U68) | AO69: =IF(COUNT(MA_T1!V68,PEH_T1!V68)=0,"",MA_T1!V68+PEH_T1!V68) | AQ69: =IF(AM69="","",IF($AM$12=0,"",(AM69/$AM$12)*100)) | AR69: =IF(AN69="","",IF($AN$12=0,"",(AN69/$AN$12)*100)) | AS69: =IF(AO69="","",IF($AO$12=0,"",(AO69/$AO$12)*100))
A70: 7 | B70: ='INPUT DATA'!P15 -> 0 | F70: =MA_T1!AC69 | J70: =PEH_T1!AC69 | N70: =IF(COUNT(F70,J70)<2,"",ROUND(AVERAGE(F70,J70),0)) | V70: =IFERROR(VLOOKUP(N70,DESCRIPTORS,4,TRUE),"") | AM70: =IF(COUNT(MA_T1!T69,PEH_T1!T69)=0,"",MA_T1!T69+PEH_T1!T69) | AN70: =IF(COUNT(MA_T1!U69,PEH_T1!U69)=0,"",MA_T1!U69+PEH_T1!U69) | AO70: =IF(COUNT(MA_T1!V69,PEH_T1!V69)=0,"",MA_T1!V69+PEH_T1!V69) | AQ70: =IF(AM70="","",IF($AM$12=0,"",(AM70/$AM$12)*100)) | AR70: =IF(AN70="","",IF($AN$12=0,"",(AN70/$AN$12)*100)) | AS70: =IF(AO70="","",IF($AO$12=0,"",(AO70/$AO$12)*100))
A71: 8 | B71: ='INPUT DATA'!P16 -> 0 | F71: =MA_T1!AC70 | J71: =PEH_T1!AC70 | N71: =IF(COUNT(F71,J71)<2,"",ROUND(AVERAGE(F71,J71),0)) | V71: =IFERROR(VLOOKUP(N71,DESCRIPTORS,4,TRUE),"") | AM71: =IF(COUNT(MA_T1!T70,PEH_T1!T70)=0,"",MA_T1!T70+PEH_T1!T70) | AN71: =IF(COUNT(MA_T1!U70,PEH_T1!U70)=0,"",MA_T1!U70+PEH_T1!U70) | AO71: =IF(COUNT(MA_T1!V70,PEH_T1!V70)=0,"",MA_T1!V70+PEH_T1!V70) | AQ71: =IF(AM71="","",IF($AM$12=0,"",(AM71/$AM$12)*100)) | AR71: =IF(AN71="","",IF($AN$12=0,"",(AN71/$AN$12)*100)) | AS71: =IF(AO71="","",IF($AO$12=0,"",(AO71/$AO$12)*100))
A72: 9 | B72: ='INPUT DATA'!P17 -> 0 | F72: =MA_T1!AC71 | J72: =PEH_T1!AC71 | N72: =IF(COUNT(F72,J72)<2,"",ROUND(AVERAGE(F72,J72),0)) | V72: =IFERROR(VLOOKUP(N72,DESCRIPTORS,4,TRUE),"") | AM72: =IF(COUNT(MA_T1!T71,PEH_T1!T71)=0,"",MA_T1!T71+PEH_T1!T71) | AN72: =IF(COUNT(MA_T1!U71,PEH_T1!U71)=0,"",MA_T1!U71+PEH_T1!U71) | AO72: =IF(COUNT(MA_T1!V71,PEH_T1!V71)=0,"",MA_T1!V71+PEH_T1!V71) | AQ72: =IF(AM72="","",IF($AM$12=0,"",(AM72/$AM$12)*100)) | AR72: =IF(AN72="","",IF($AN$12=0,"",(AN72/$AN$12)*100)) | AS72: =IF(AO72="","",IF($AO$12=0,"",(AO72/$AO$12)*100))
A73: 10 | B73: ='INPUT DATA'!P18 -> 0 | F73: =MA_T1!AC72 | J73: =PEH_T1!AC72 | N73: =IF(COUNT(F73,J73)<2,"",ROUND(AVERAGE(F73,J73),0)) | V73: =IFERROR(VLOOKUP(N73,DESCRIPTORS,4,TRUE),"") | AM73: =IF(COUNT(MA_T1!T72,PEH_T1!T72)=0,"",MA_T1!T72+PEH_T1!T72) | AN73: =IF(COUNT(MA_T1!U72,PEH_T1!U72)=0,"",MA_T1!U72+PEH_T1!U72) | AO73: =IF(COUNT(MA_T1!V72,PEH_T1!V72)=0,"",MA_T1!V72+PEH_T1!V72) | AQ73: =IF(AM73="","",IF($AM$12=0,"",(AM73/$AM$12)*100)) | AR73: =IF(AN73="","",IF($AN$12=0,"",(AN73/$AN$12)*100)) | AS73: =IF(AO73="","",IF($AO$12=0,"",(AO73/$AO$12)*100))
A74: 11 | B74: ='INPUT DATA'!P19 -> 0 | F74: =MA_T1!AC73 | J74: =PEH_T1!AC73 | N74: =IF(COUNT(F74,J74)<2,"",ROUND(AVERAGE(F74,J74),0)) | V74: =IFERROR(VLOOKUP(N74,DESCRIPTORS,4,TRUE),"") | AM74: =IF(COUNT(MA_T1!T73,PEH_T1!T73)=0,"",MA_T1!T73+PEH_T1!T73) | AN74: =IF(COUNT(MA_T1!U73,PEH_T1!U73)=0,"",MA_T1!U73+PEH_T1!U73) | AO74: =IF(COUNT(MA_T1!V73,PEH_T1!V73)=0,"",MA_T1!V73+PEH_T1!V73) | AQ74: =IF(AM74="","",IF($AM$12=0,"",(AM74/$AM$12)*100)) | AR74: =IF(AN74="","",IF($AN$12=0,"",(AN74/$AN$12)*100)) | AS74: =IF(AO74="","",IF($AO$12=0,"",(AO74/$AO$12)*100))
A75: 12 | B75: ='INPUT DATA'!P20 -> 0 | F75: =MA_T1!AC74 | J75: =PEH_T1!AC74 | N75: =IF(COUNT(F75,J75)<2,"",ROUND(AVERAGE(F75,J75),0)) | V75: =IFERROR(VLOOKUP(N75,DESCRIPTORS,4,TRUE),"") | AM75: =IF(COUNT(MA_T1!T74,PEH_T1!T74)=0,"",MA_T1!T74+PEH_T1!T74) | AN75: =IF(COUNT(MA_T1!U74,PEH_T1!U74)=0,"",MA_T1!U74+PEH_T1!U74) | AO75: =IF(COUNT(MA_T1!V74,PEH_T1!V74)=0,"",MA_T1!V74+PEH_T1!V74) | AQ75: =IF(AM75="","",IF($AM$12=0,"",(AM75/$AM$12)*100)) | AR75: =IF(AN75="","",IF($AN$12=0,"",(AN75/$AN$12)*100)) | AS75: =IF(AO75="","",IF($AO$12=0,"",(AO75/$AO$12)*100))
... A113: 50 | B113: ='INPUT DATA'!P58 -> 0 | F113: =MA_T1!AC112 | J113: =PEH_T1!AC112 | N113: =IF(COUNT(F113,J113)<2,"",ROUND(AVERAGE(F113,J113),0)) | V113: =IFERROR(VLOOKUP(N113,DESCRIPTORS,4,TRUE),"") | AM113: =IF(COUNT(MA_T1!T112,PEH_T1!T112)=0,"",MA_T1!T112+PEH_T1!T112) | AN113: =IF(COUNT(MA_T1!U112,PEH_T1!U112)=0,"",MA_T1!U112+PEH_T1!U112) | AO113: =IF(COUNT(MA_T1!V112,PEH_T1!V112)=0,"",MA_T1!V112+PEH_T1!V112) | AQ113: =IF(AM113="","",IF($AM$12=0,"",(AM113/$AM$12)*100)) | AR113: =IF(AN113="","",IF($AN$12=0,"",(AN113/$AN$12)*100)) | AS113: =IF(AO113="","",IF($AO$12=0,"",(AO113/$AO$12)*100))
B115: LEVEL OF PROGRESS AND ACHIEVEMENT
B116: Descriptor & Grading | F116: Male | J116: Female | M116: Total | R116: Prepared By:
B117: Advancing (90-100) | F117: =COUNTIF( $V$13:$AB$62, "Advancing" ) -> 0 | J117: =COUNTIF( $V$64:$AB$113, "Advancing" ) -> 0 | M117: =F117+J117 -> 0 | R117: ='INPUT DATA'!E17 -> SAMUEL A. SILVERIO
B118: Benchmarking (80-89) | F118: =COUNTIF( $V$13:$AB$62, "Benchmarking" ) -> 0 | J118: =COUNTIF( $V$64:$AB$113, "Benchmarking" ) -> 0 | M118: =F118+J118 -> 0 | R118: ='INPUT DATA'!E18 -> TEACHER VI
B119: Connecting (75-79) | F119: =COUNTIF( $V$13:$AB$62, "Connecting" ) -> 0 | J119: =COUNTIF( $V$64:$AB$113, "Connecting" ) -> 0 | M119: =F119+J119 -> 0
B120: Developing (65-74) | F120: =COUNTIF( $V$13:$AB$62, "Developing" ) -> 0 | J120: =COUNTIF( $V$64:$AB$113, "Developing" ) -> 0 | M120: =F120+J120 -> 0 | Q120: Noted:
B121: Emerging (0-64) | F121: =COUNTIF( $V$13:$AB$62, "Emerging" ) -> 0 | J121: =COUNTIF( $V$64:$AB$113, "Emerging" ) -> 0 | M121: =F121+J121 -> 0 | R121: ='INPUT DATA'!E20 -> PEDRO MAPAGBIGAY
B122: Total | F122: =SUM(F117:F121) -> 0 | J122: =SUM(J117:J121) -> 0 | M122: =F122+J122 -> 0 | R122: ='INPUT DATA'!E21 -> PRINCIPAL III

Sheet MA_T2
A1: Class Record
B4: REGION | G4: ='INPUT DATA'!E8 -> X | I4: DIVISION | L4: ='INPUT DATA'!E9 -> EDUCATORS FILES
B5: SCHOOL NAME | G5: ='INPUT DATA'!E10 -> EFILES NATIONAL HIGH SCHOOL | Q5: SCHOOL ID | S5: ='INPUT DATA'!E11 -> 123456 | V5: SCHOOL YEAR | AB5: ='INPUT DATA'!E12 -> 2026-2027
A7: TERM 2 | F7: GRADE & SECTION: | J7: ='INPUT DATA'!E14 -> VI - MASIPAG | N7: TEACHER: | Q7: ='INPUT DATA'!E17 -> SAMUEL A. SILVERIO | Z7: SUBJECT: | AB7: MUSIC & ARTS
B8: LEARNERS' NAMES | F8: WRITTEN / ORAL WORKS (20%) | N8: PRODUCT / PERFORMANCE TASKS (60%) | T8: SUMMATIVE TESTS AND TERM EXAMINATIONS (20%) | AB8: Initial Grade | AC8: TERM GRADE | AD8: DESCRIPTOR
F9: 1 | G9: 2 | H9: 3 | I9: 4 | J9: 5 | K9: Total | L9: PS | M9: WS | N9: 1 | O9: 2 | P9: 3 | Q9: Total | R9: PS | S9: WS | T9: ST1 | U9: ST2 | V9: TE | W9: WS ST1 (30%) | X9: WS ST2 (30%) | Y9: WS TE (40%) | Z9: PS ST&TE | AA9: WS ST&TE
B10: HIGHEST POSSIBLE SCORE | K10: =IF(COUNT($F10:$J10)=0,"",SUM($F10:$J10)) | L10: 100 | M10: 0.2 | Q10: =IF(COUNT($N10:$P10)=0,"",SUM($N10:$P10)) | R10: 100 | S10: 0.6 | W10: 30 | X10: 30 | Y10: 40 | Z10: 100 | AA10: 0.2
B11: MALE | AN11: ST1 | AO11: ST2 | AP11: TE
A12: 1 | B12: ='INPUT DATA'!J9 -> 0 | K12: =IF(COUNT($F12:$J12)=0,"",SUM($F12:$J12)) | L12: =IF(ISERROR(IF($K12="","",ROUND(($K12/$K$10)*$L$10,2))),"",IF($K12="","",ROUND(($K12/$K$10)*$L$10,2))) | M12: =IF($L12="","",ROUND($L12*$M$10,2)) | Q12: =IF(COUNT($N12:$P12)=0,"",SUM($N12:$P12)) | R12: =IF(ISERROR(IF($Q12="","",ROUND(($Q12/$Q$10)*$R$10,2))),"",IF($Q12="","",ROUND(($Q12/$Q$10)*$R$10,2))) | S12: =IF($R12="","",ROUND($R12*$S$10,2)) | W12: =IF(OR(T12="",$T$10=""),"",(T12/$T$10)*$W$10) | X12: =IF(OR(U12="",$U$10=""),"",(U12/$U$10)*$X$10) | Y12: =IF(OR(V12="",$V$10=""),"",(V12/$V$10)*$Y$10) | Z12: =IF(COUNT($W12:$Y12)=0,"",IFERROR(ROUND((SUM($W12:$Y12)/SUM($W$10:$Y$10))*$Z$10,2),"")) | AA12: =IF($Z12="","",ROUND($Z12*$AA$10,2)) | AB12: =IF(ISERROR(IF($Z12="","",ROUND(SUM($M12,$S12,$AA12),2))),"",IF($Z12="","",ROUND(SUM($M12,$S12,$AA12),2))) | AC12: =IF(ISERROR(IF($Z12="","",VLOOKUP(AB12,NewTransmu,4,TRUE))),"",IF($Z12="","",VLOOKUP(AB12,NewTransmu,4,TRUE))) | AD12: =IF(ISERROR(IF(AC12="","",VLOOKUP(AC12,DESCRIPTORS,4,TRUE))),"",IF(AC12="","",VLOOKUP(AC12,DESCRIPTORS,4,TRUE))) | AN12: =(T12/$T$10)*100 -> #DIV/0! | AO12: =(U12/$U$10)*100 -> #DIV/0! | AP12: =(V12/$V$10)*100 -> #DIV/0!
A13: 2 | B13: ='INPUT DATA'!J10 -> 0 | K13: =IF(COUNT($F13:$J13)=0,"",SUM($F13:$J13)) | L13: =IF(ISERROR(IF($K13="","",ROUND(($K13/$K$10)*$L$10,2))),"",IF($K13="","",ROUND(($K13/$K$10)*$L$10,2))) | M13: =IF($L13="","",ROUND($L13*$M$10,2)) | Q13: =IF(COUNT($N13:$P13)=0,"",SUM($N13:$P13)) | R13: =IF(ISERROR(IF($Q13="","",ROUND(($Q13/$Q$10)*$R$10,2))),"",IF($Q13="","",ROUND(($Q13/$Q$10)*$R$10,2))) | S13: =IF($R13="","",ROUND($R13*$S$10,2)) | W13: =IF(OR(T13="",$T$10=""),"",(T13/$T$10)*$W$10) | X13: =IF(OR(U13="",$U$10=""),"",(U13/$U$10)*$X$10) | Y13: =IF(OR(V13="",$V$10=""),"",(V13/$V$10)*$Y$10) | Z13: =IF(COUNT($W13:$Y13)=0,"",IFERROR(ROUND((SUM($W13:$Y13)/SUM($W$10:$Y$10))*$Z$10,2),"")) | AA13: =IF($Z13="","",ROUND($Z13*$AA$10,2)) | AB13: =IF(ISERROR(IF($Z13="","",ROUND(SUM($M13,$S13,$AA13),2))),"",IF($Z13="","",ROUND(SUM($M13,$S13,$AA13),2))) | AC13: =IF(ISERROR(IF($Z13="","",VLOOKUP(AB13,NewTransmu,4,TRUE))),"",IF($Z13="","",VLOOKUP(AB13,NewTransmu,4,TRUE))) | AD13: =IF(ISERROR(IF(AC13="","",VLOOKUP(AC13,DESCRIPTORS,4,TRUE))),"",IF(AC13="","",VLOOKUP(AC13,DESCRIPTORS,4,TRUE))) | AN13: =(T13/$T$10)*100 -> #DIV/0! | AO13: =(U13/$U$10)*100 -> #DIV/0! | AP13: =(V13/$V$10)*100 -> #DIV/0!
A14: 3 | B14: ='INPUT DATA'!J11 -> 0 | K14: =IF(COUNT($F14:$J14)=0,"",SUM($F14:$J14)) | L14: =IF(ISERROR(IF($K14="","",ROUND(($K14/$K$10)*$L$10,2))),"",IF($K14="","",ROUND(($K14/$K$10)*$L$10,2))) | M14: =IF($L14="","",ROUND($L14*$M$10,2)) | Q14: =IF(COUNT($N14:$P14)=0,"",SUM($N14:$P14)) | R14: =IF(ISERROR(IF($Q14="","",ROUND(($Q14/$Q$10)*$R$10,2))),"",IF($Q14="","",ROUND(($Q14/$Q$10)*$R$10,2))) | S14: =IF($R14="","",ROUND($R14*$S$10,2)) | W14: =IF(OR(T14="",$T$10=""),"",(T14/$T$10)*$W$10) | X14: =IF(OR(U14="",$U$10=""),"",(U14/$U$10)*$X$10) | Y14: =IF(OR(V14="",$V$10=""),"",(V14/$V$10)*$Y$10) | Z14: =IF(COUNT($W14:$Y14)=0,"",IFERROR(ROUND((SUM($W14:$Y14)/SUM($W$10:$Y$10))*$Z$10,2),"")) | AA14: =IF($Z14="","",ROUND($Z14*$AA$10,2)) | AB14: =IF(ISERROR(IF($Z14="","",ROUND(SUM($M14,$S14,$AA14),2))),"",IF($Z14="","",ROUND(SUM($M14,$S14,$AA14),2))) | AC14: =IF(ISERROR(IF($Z14="","",VLOOKUP(AB14,NewTransmu,4,TRUE))),"",IF($Z14="","",VLOOKUP(AB14,NewTransmu,4,TRUE))) | AD14: =IF(ISERROR(IF(AC14="","",VLOOKUP(AC14,DESCRIPTORS,4,TRUE))),"",IF(AC14="","",VLOOKUP(AC14,DESCRIPTORS,4,TRUE))) | AN14: =(T14/$T$10)*100 -> #DIV/0! | AO14: =(U14/$U$10)*100 -> #DIV/0! | AP14: =(V14/$V$10)*100 -> #DIV/0!
A15: 4 | B15: ='INPUT DATA'!J12 -> 0 | K15: =IF(COUNT($F15:$J15)=0,"",SUM($F15:$J15)) | L15: =IF(ISERROR(IF($K15="","",ROUND(($K15/$K$10)*$L$10,2))),"",IF($K15="","",ROUND(($K15/$K$10)*$L$10,2))) | M15: =IF($L15="","",ROUND($L15*$M$10,2)) | Q15: =IF(COUNT($N15:$P15)=0,"",SUM($N15:$P15)) | R15: =IF(ISERROR(IF($Q15="","",ROUND(($Q15/$Q$10)*$R$10,2))),"",IF($Q15="","",ROUND(($Q15/$Q$10)*$R$10,2))) | S15: =IF($R15="","",ROUND($R15*$S$10,2)) | W15: =IF(OR(T15="",$T$10=""),"",(T15/$T$10)*$W$10) | X15: =IF(OR(U15="",$U$10=""),"",(U15/$U$10)*$X$10) | Y15: =IF(OR(V15="",$V$10=""),"",(V15/$V$10)*$Y$10) | Z15: =IF(COUNT($W15:$Y15)=0,"",IFERROR(ROUND((SUM($W15:$Y15)/SUM($W$10:$Y$10))*$Z$10,2),"")) | AA15: =IF($Z15="","",ROUND($Z15*$AA$10,2)) | AB15: =IF(ISERROR(IF($Z15="","",ROUND(SUM($M15,$S15,$AA15),2))),"",IF($Z15="","",ROUND(SUM($M15,$S15,$AA15),2))) | AC15: =IF(ISERROR(IF($Z15="","",VLOOKUP(AB15,NewTransmu,4,TRUE))),"",IF($Z15="","",VLOOKUP(AB15,NewTransmu,4,TRUE))) | AD15: =IF(ISERROR(IF(AC15="","",VLOOKUP(AC15,DESCRIPTORS,4,TRUE))),"",IF(AC15="","",VLOOKUP(AC15,DESCRIPTORS,4,TRUE))) | AN15: =(T15/$T$10)*100 -> #DIV/0! | AO15: =(U15/$U$10)*100 -> #DIV/0! | AP15: =(V15/$V$10)*100 -> #DIV/0!
A16: 5 | B16: ='INPUT DATA'!J13 -> 0 | K16: =IF(COUNT($F16:$J16)=0,"",SUM($F16:$J16)) | L16: =IF(ISERROR(IF($K16="","",ROUND(($K16/$K$10)*$L$10,2))),"",IF($K16="","",ROUND(($K16/$K$10)*$L$10,2))) | M16: =IF($L16="","",ROUND($L16*$M$10,2)) | Q16: =IF(COUNT($N16:$P16)=0,"",SUM($N16:$P16)) | R16: =IF(ISERROR(IF($Q16="","",ROUND(($Q16/$Q$10)*$R$10,2))),"",IF($Q16="","",ROUND(($Q16/$Q$10)*$R$10,2))) | S16: =IF($R16="","",ROUND($R16*$S$10,2)) | W16: =IF(OR(T16="",$T$10=""),"",(T16/$T$10)*$W$10) | X16: =IF(OR(U16="",$U$10=""),"",(U16/$U$10)*$X$10) | Y16: =IF(OR(V16="",$V$10=""),"",(V16/$V$10)*$Y$10) | Z16: =IF(COUNT($W16:$Y16)=0,"",IFERROR(ROUND((SUM($W16:$Y16)/SUM($W$10:$Y$10))*$Z$10,2),"")) | AA16: =IF($Z16="","",ROUND($Z16*$AA$10,2)) | AB16: =IF(ISERROR(IF($Z16="","",ROUND(SUM($M16,$S16,$AA16),2))),"",IF($Z16="","",ROUND(SUM($M16,$S16,$AA16),2))) | AC16: =IF(ISERROR(IF($Z16="","",VLOOKUP(AB16,NewTransmu,4,TRUE))),"",IF($Z16="","",VLOOKUP(AB16,NewTransmu,4,TRUE))) | AD16: =IF(ISERROR(IF(AC16="","",VLOOKUP(AC16,DESCRIPTORS,4,TRUE))),"",IF(AC16="","",VLOOKUP(AC16,DESCRIPTORS,4,TRUE))) | AN16: =(T16/$T$10)*100 -> #DIV/0! | AO16: =(U16/$U$10)*100 -> #DIV/0! | AP16: =(V16/$V$10)*100 -> #DIV/0!
A17: 6 | B17: ='INPUT DATA'!J14 -> 0 | K17: =IF(COUNT($F17:$J17)=0,"",SUM($F17:$J17)) | L17: =IF(ISERROR(IF($K17="","",ROUND(($K17/$K$10)*$L$10,2))),"",IF($K17="","",ROUND(($K17/$K$10)*$L$10,2))) | M17: =IF($L17="","",ROUND($L17*$M$10,2)) | Q17: =IF(COUNT($N17:$P17)=0,"",SUM($N17:$P17)) | R17: =IF(ISERROR(IF($Q17="","",ROUND(($Q17/$Q$10)*$R$10,2))),"",IF($Q17="","",ROUND(($Q17/$Q$10)*$R$10,2))) | S17: =IF($R17="","",ROUND($R17*$S$10,2)) | W17: =IF(OR(T17="",$T$10=""),"",(T17/$T$10)*$W$10) | X17: =IF(OR(U17="",$U$10=""),"",(U17/$U$10)*$X$10) | Y17: =IF(OR(V17="",$V$10=""),"",(V17/$V$10)*$Y$10) | Z17: =IF(COUNT($W17:$Y17)=0,"",IFERROR(ROUND((SUM($W17:$Y17)/SUM($W$10:$Y$10))*$Z$10,2),"")) | AA17: =IF($Z17="","",ROUND($Z17*$AA$10,2)) | AB17: =IF(ISERROR(IF($Z17="","",ROUND(SUM($M17,$S17,$AA17),2))),"",IF($Z17="","",ROUND(SUM($M17,$S17,$AA17),2))) | AC17: =IF(ISERROR(IF($Z17="","",VLOOKUP(AB17,NewTransmu,4,TRUE))),"",IF($Z17="","",VLOOKUP(AB17,NewTransmu,4,TRUE))) | AD17: =IF(ISERROR(IF(AC17="","",VLOOKUP(AC17,DESCRIPTORS,4,TRUE))),"",IF(AC17="","",VLOOKUP(AC17,DESCRIPTORS,4,TRUE))) | AN17: =(T17/$T$10)*100 -> #DIV/0! | AO17: =(U17/$U$10)*100 -> #DIV/0! | AP17: =(V17/$V$10)*100 -> #DIV/0!
A18: 7 | B18: ='INPUT DATA'!J15 -> 0 | K18: =IF(COUNT($F18:$J18)=0,"",SUM($F18:$J18)) | L18: =IF(ISERROR(IF($K18="","",ROUND(($K18/$K$10)*$L$10,2))),"",IF($K18="","",ROUND(($K18/$K$10)*$L$10,2))) | M18: =IF($L18="","",ROUND($L18*$M$10,2)) | Q18: =IF(COUNT($N18:$P18)=0,"",SUM($N18:$P18)) | R18: =IF(ISERROR(IF($Q18="","",ROUND(($Q18/$Q$10)*$R$10,2))),"",IF($Q18="","",ROUND(($Q18/$Q$10)*$R$10,2))) | S18: =IF($R18="","",ROUND($R18*$S$10,2)) | W18: =IF(OR(T18="",$T$10=""),"",(T18/$T$10)*$W$10) | X18: =IF(OR(U18="",$U$10=""),"",(U18/$U$10)*$X$10) | Y18: =IF(OR(V18="",$V$10=""),"",(V18/$V$10)*$Y$10) | Z18: =IF(COUNT($W18:$Y18)=0,"",IFERROR(ROUND((SUM($W18:$Y18)/SUM($W$10:$Y$10))*$Z$10,2),"")) | AA18: =IF($Z18="","",ROUND($Z18*$AA$10,2)) | AB18: =IF(ISERROR(IF($Z18="","",ROUND(SUM($M18,$S18,$AA18),2))),"",IF($Z18="","",ROUND(SUM($M18,$S18,$AA18),2))) | AC18: =IF(ISERROR(IF($Z18="","",VLOOKUP(AB18,NewTransmu,4,TRUE))),"",IF($Z18="","",VLOOKUP(AB18,NewTransmu,4,TRUE))) | AD18: =IF(ISERROR(IF(AC18="","",VLOOKUP(AC18,DESCRIPTORS,4,TRUE))),"",IF(AC18="","",VLOOKUP(AC18,DESCRIPTORS,4,TRUE))) | AN18: =(T18/$T$10)*100 -> #DIV/0! | AO18: =(U18/$U$10)*100 -> #DIV/0! | AP18: =(V18/$V$10)*100 -> #DIV/0!
A19: 8 | B19: ='INPUT DATA'!J16 -> 0 | K19: =IF(COUNT($F19:$J19)=0,"",SUM($F19:$J19)) | L19: =IF(ISERROR(IF($K19="","",ROUND(($K19/$K$10)*$L$10,2))),"",IF($K19="","",ROUND(($K19/$K$10)*$L$10,2))) | M19: =IF($L19="","",ROUND($L19*$M$10,2)) | Q19: =IF(COUNT($N19:$P19)=0,"",SUM($N19:$P19)) | R19: =IF(ISERROR(IF($Q19="","",ROUND(($Q19/$Q$10)*$R$10,2))),"",IF($Q19="","",ROUND(($Q19/$Q$10)*$R$10,2))) | S19: =IF($R19="","",ROUND($R19*$S$10,2)) | W19: =IF(OR(T19="",$T$10=""),"",(T19/$T$10)*$W$10) | X19: =IF(OR(U19="",$U$10=""),"",(U19/$U$10)*$X$10) | Y19: =IF(OR(V19="",$V$10=""),"",(V19/$V$10)*$Y$10) | Z19: =IF(COUNT($W19:$Y19)=0,"",IFERROR(ROUND((SUM($W19:$Y19)/SUM($W$10:$Y$10))*$Z$10,2),"")) | AA19: =IF($Z19="","",ROUND($Z19*$AA$10,2)) | AB19: =IF(ISERROR(IF($Z19="","",ROUND(SUM($M19,$S19,$AA19),2))),"",IF($Z19="","",ROUND(SUM($M19,$S19,$AA19),2))) | AC19: =IF(ISERROR(IF($Z19="","",VLOOKUP(AB19,NewTransmu,4,TRUE))),"",IF($Z19="","",VLOOKUP(AB19,NewTransmu,4,TRUE))) | AD19: =IF(ISERROR(IF(AC19="","",VLOOKUP(AC19,DESCRIPTORS,4,TRUE))),"",IF(AC19="","",VLOOKUP(AC19,DESCRIPTORS,4,TRUE))) | AN19: =(T19/$T$10)*100 -> #DIV/0! | AO19: =(U19/$U$10)*100 -> #DIV/0! | AP19: =(V19/$V$10)*100 -> #DIV/0!
A20: 9 | B20: ='INPUT DATA'!J17 -> 0 | K20: =IF(COUNT($F20:$J20)=0,"",SUM($F20:$J20)) | L20: =IF(ISERROR(IF($K20="","",ROUND(($K20/$K$10)*$L$10,2))),"",IF($K20="","",ROUND(($K20/$K$10)*$L$10,2))) | M20: =IF($L20="","",ROUND($L20*$M$10,2)) | Q20: =IF(COUNT($N20:$P20)=0,"",SUM($N20:$P20)) | R20: =IF(ISERROR(IF($Q20="","",ROUND(($Q20/$Q$10)*$R$10,2))),"",IF($Q20="","",ROUND(($Q20/$Q$10)*$R$10,2))) | S20: =IF($R20="","",ROUND($R20*$S$10,2)) | W20: =IF(OR(T20="",$T$10=""),"",(T20/$T$10)*$W$10) | X20: =IF(OR(U20="",$U$10=""),"",(U20/$U$10)*$X$10) | Y20: =IF(OR(V20="",$V$10=""),"",(V20/$V$10)*$Y$10) | Z20: =IF(COUNT($W20:$Y20)=0,"",IFERROR(ROUND((SUM($W20:$Y20)/SUM($W$10:$Y$10))*$Z$10,2),"")) | AA20: =IF($Z20="","",ROUND($Z20*$AA$10,2)) | AB20: =IF(ISERROR(IF($Z20="","",ROUND(SUM($M20,$S20,$AA20),2))),"",IF($Z20="","",ROUND(SUM($M20,$S20,$AA20),2))) | AC20: =IF(ISERROR(IF($Z20="","",VLOOKUP(AB20,NewTransmu,4,TRUE))),"",IF($Z20="","",VLOOKUP(AB20,NewTransmu,4,TRUE))) | AD20: =IF(ISERROR(IF(AC20="","",VLOOKUP(AC20,DESCRIPTORS,4,TRUE))),"",IF(AC20="","",VLOOKUP(AC20,DESCRIPTORS,4,TRUE))) | AN20: =(T20/$T$10)*100 -> #DIV/0! | AO20: =(U20/$U$10)*100 -> #DIV/0! | AP20: =(V20/$V$10)*100 -> #DIV/0!
A21: 10 | B21: ='INPUT DATA'!J18 -> 0 | K21: =IF(COUNT($F21:$J21)=0,"",SUM($F21:$J21)) | L21: =IF(ISERROR(IF($K21="","",ROUND(($K21/$K$10)*$L$10,2))),"",IF($K21="","",ROUND(($K21/$K$10)*$L$10,2))) | M21: =IF($L21="","",ROUND($L21*$M$10,2)) | Q21: =IF(COUNT($N21:$P21)=0,"",SUM($N21:$P21)) | R21: =IF(ISERROR(IF($Q21="","",ROUND(($Q21/$Q$10)*$R$10,2))),"",IF($Q21="","",ROUND(($Q21/$Q$10)*$R$10,2))) | S21: =IF($R21="","",ROUND($R21*$S$10,2)) | W21: =IF(OR(T21="",$T$10=""),"",(T21/$T$10)*$W$10) | X21: =IF(OR(U21="",$U$10=""),"",(U21/$U$10)*$X$10) | Y21: =IF(OR(V21="",$V$10=""),"",(V21/$V$10)*$Y$10) | Z21: =IF(COUNT($W21:$Y21)=0,"",IFERROR(ROUND((SUM($W21:$Y21)/SUM($W$10:$Y$10))*$Z$10,2),"")) | AA21: =IF($Z21="","",ROUND($Z21*$AA$10,2)) | AB21: =IF(ISERROR(IF($Z21="","",ROUND(SUM($M21,$S21,$AA21),2))),"",IF($Z21="","",ROUND(SUM($M21,$S21,$AA21),2))) | AC21: =IF(ISERROR(IF($Z21="","",VLOOKUP(AB21,NewTransmu,4,TRUE))),"",IF($Z21="","",VLOOKUP(AB21,NewTransmu,4,TRUE))) | AD21: =IF(ISERROR(IF(AC21="","",VLOOKUP(AC21,DESCRIPTORS,4,TRUE))),"",IF(AC21="","",VLOOKUP(AC21,DESCRIPTORS,4,TRUE))) | AN21: =(T21/$T$10)*100 -> #DIV/0! | AO21: =(U21/$U$10)*100 -> #DIV/0! | AP21: =(V21/$V$10)*100 -> #DIV/0!
A22: 11 | B22: ='INPUT DATA'!J19 -> 0 | K22: =IF(COUNT($F22:$J22)=0,"",SUM($F22:$J22)) | L22: =IF(ISERROR(IF($K22="","",ROUND(($K22/$K$10)*$L$10,2))),"",IF($K22="","",ROUND(($K22/$K$10)*$L$10,2))) | M22: =IF($L22="","",ROUND($L22*$M$10,2)) | Q22: =IF(COUNT($N22:$P22)=0,"",SUM($N22:$P22)) | R22: =IF(ISERROR(IF($Q22="","",ROUND(($Q22/$Q$10)*$R$10,2))),"",IF($Q22="","",ROUND(($Q22/$Q$10)*$R$10,2))) | S22: =IF($R22="","",ROUND($R22*$S$10,2)) | W22: =IF(OR(T22="",$T$10=""),"",(T22/$T$10)*$W$10) | X22: =IF(OR(U22="",$U$10=""),"",(U22/$U$10)*$X$10) | Y22: =IF(OR(V22="",$V$10=""),"",(V22/$V$10)*$Y$10) | Z22: =IF(COUNT($W22:$Y22)=0,"",IFERROR(ROUND((SUM($W22:$Y22)/SUM($W$10:$Y$10))*$Z$10,2),"")) | AA22: =IF($Z22="","",ROUND($Z22*$AA$10,2)) | AB22: =IF(ISERROR(IF($Z22="","",ROUND(SUM($M22,$S22,$AA22),2))),"",IF($Z22="","",ROUND(SUM($M22,$S22,$AA22),2))) | AC22: =IF(ISERROR(IF($Z22="","",VLOOKUP(AB22,NewTransmu,4,TRUE))),"",IF($Z22="","",VLOOKUP(AB22,NewTransmu,4,TRUE))) | AD22: =IF(ISERROR(IF(AC22="","",VLOOKUP(AC22,DESCRIPTORS,4,TRUE))),"",IF(AC22="","",VLOOKUP(AC22,DESCRIPTORS,4,TRUE))) | AN22: =(T22/$T$10)*100 -> #DIV/0! | AO22: =(U22/$U$10)*100 -> #DIV/0! | AP22: =(V22/$V$10)*100 -> #DIV/0!
A23: 12 | B23: ='INPUT DATA'!J20 -> 0 | K23: =IF(COUNT($F23:$J23)=0,"",SUM($F23:$J23)) | L23: =IF(ISERROR(IF($K23="","",ROUND(($K23/$K$10)*$L$10,2))),"",IF($K23="","",ROUND(($K23/$K$10)*$L$10,2))) | M23: =IF($L23="","",ROUND($L23*$M$10,2)) | Q23: =IF(COUNT($N23:$P23)=0,"",SUM($N23:$P23)) | R23: =IF(ISERROR(IF($Q23="","",ROUND(($Q23/$Q$10)*$R$10,2))),"",IF($Q23="","",ROUND(($Q23/$Q$10)*$R$10,2))) | S23: =IF($R23="","",ROUND($R23*$S$10,2)) | W23: =IF(OR(T23="",$T$10=""),"",(T23/$T$10)*$W$10) | X23: =IF(OR(U23="",$U$10=""),"",(U23/$U$10)*$X$10) | Y23: =IF(OR(V23="",$V$10=""),"",(V23/$V$10)*$Y$10) | Z23: =IF(COUNT($W23:$Y23)=0,"",IFERROR(ROUND((SUM($W23:$Y23)/SUM($W$10:$Y$10))*$Z$10,2),"")) | AA23: =IF($Z23="","",ROUND($Z23*$AA$10,2)) | AB23: =IF(ISERROR(IF($Z23="","",ROUND(SUM($M23,$S23,$AA23),2))),"",IF($Z23="","",ROUND(SUM($M23,$S23,$AA23),2))) | AC23: =IF(ISERROR(IF($Z23="","",VLOOKUP(AB23,NewTransmu,4,TRUE))),"",IF($Z23="","",VLOOKUP(AB23,NewTransmu,4,TRUE))) | AD23: =IF(ISERROR(IF(AC23="","",VLOOKUP(AC23,DESCRIPTORS,4,TRUE))),"",IF(AC23="","",VLOOKUP(AC23,DESCRIPTORS,4,TRUE))) | AN23: =(T23/$T$10)*100 -> #DIV/0! | AO23: =(U23/$U$10)*100 -> #DIV/0! | AP23: =(V23/$V$10)*100 -> #DIV/0!
... A61: 50 | B61: ='INPUT DATA'!J58 -> 0 | K61: =IF(COUNT($F61:$J61)=0,"",SUM($F61:$J61)) | L61: =IF(ISERROR(IF($K61="","",ROUND(($K61/$K$10)*$L$10,2))),"",IF($K61="","",ROUND(($K61/$K$10)*$L$10,2))) | M61: =IF($L61="","",ROUND($L61*$M$10,2)) | Q61: =IF(COUNT($N61:$P61)=0,"",SUM($N61:$P61)) | R61: =IF(ISERROR(IF($Q61="","",ROUND(($Q61/$Q$10)*$R$10,2))),"",IF($Q61="","",ROUND(($Q61/$Q$10)*$R$10,2))) | S61: =IF($R61="","",ROUND($R61*$S$10,2)) | W61: =IF(OR(T61="",$T$10=""),"",(T61/$T$10)*$W$10) | X61: =IF(OR(U61="",$U$10=""),"",(U61/$U$10)*$X$10) | Y61: =IF(OR(V61="",$V$10=""),"",(V61/$V$10)*$Y$10) | Z61: =IF(COUNT($W61:$Y61)=0,"",IFERROR(ROUND((SUM($W61:$Y61)/SUM($W$10:$Y$10))*$Z$10,2),"")) | AA61: =IF($Z61="","",ROUND($Z61*$AA$10,2)) | AB61: =IF(ISERROR(IF($Z61="","",ROUND(SUM($M61,$S61,$AA61),2))),"",IF($Z61="","",ROUND(SUM($M61,$S61,$AA61),2))) | AC61: =IF(ISERROR(IF($Z61="","",VLOOKUP(AB61,NewTransmu,4,TRUE))),"",IF($Z61="","",VLOOKUP(AB61,NewTransmu,4,TRUE))) | AD61: =IF(ISERROR(IF(AC61="","",VLOOKUP(AC61,DESCRIPTORS,4,TRUE))),"",IF(AC61="","",VLOOKUP(AC61,DESCRIPTORS,4,TRUE))) | AN61: =(T61/$T$10)*100 -> #DIV/0! | AO61: =(U61/$U$10)*100 -> #DIV/0! | AP61: =(V61/$V$10)*100 -> #DIV/0!
B62: FEMALE | AN62: =(T62/$T$10)*100 -> #DIV/0! | AO62: =(U62/$U$10)*100 -> #DIV/0! | AP62: =(V62/$V$10)*100 -> #DIV/0!
A63: 1 | B63: ='INPUT DATA'!P9 -> 0 | K63: =IF(COUNT($F63:$J63)=0,"",SUM($F63:$J63)) | L63: =IF(ISERROR(IF($K63="","",ROUND(($K63/$K$10)*$L$10,2))),"",IF($K63="","",ROUND(($K63/$K$10)*$L$10,2))) | M63: =IF($L63="","",ROUND($L63*$M$10,2)) | Q63: =IF(COUNT($N63:$P63)=0,"",SUM($N63:$P63)) | R63: =IF(ISERROR(IF($Q63="","",ROUND(($Q63/$Q$10)*$R$10,2))),"",IF($Q63="","",ROUND(($Q63/$Q$10)*$R$10,2))) | S63: =IF($R63="","",ROUND($R63*$S$10,2)) | W63: =IF(OR(T63="",$T$10=""),"",(T63/$T$10)*$W$10) | X63: =IF(OR(U63="",$U$10=""),"",(U63/$U$10)*$X$10) | Y63: =IF(OR(V63="",$V$10=""),"",(V63/$V$10)*$Y$10) | Z63: =IF(COUNT($W63:$Y63)=0,"",IFERROR(ROUND((SUM($W63:$Y63)/SUM($W$10:$Y$10))*$Z$10,2),"")) | AA63: =IF($Z63="","",ROUND($Z63*$AA$10,2)) | AB63: =IF(ISERROR(IF($Z63="","",ROUND(SUM($M63,$S63,$AA63),2))),"",IF($Z63="","",ROUND(SUM($M63,$S63,$AA63),2))) | AC63: =IF(ISERROR(IF($Z63="","",VLOOKUP(AB63,NewTransmu,4,TRUE))),"",IF($Z63="","",VLOOKUP(AB63,NewTransmu,4,TRUE))) | AD63: =IF(ISERROR(IF(AC63="","",VLOOKUP(AC63,DESCRIPTORS,4,TRUE))),"",IF(AC63="","",VLOOKUP(AC63,DESCRIPTORS,4,TRUE))) | AN63: =(T63/$T$10)*100 -> #DIV/0! | AO63: =(U63/$U$10)*100 -> #DIV/0! | AP63: =(V63/$V$10)*100 -> #DIV/0!
A64: 2 | B64: ='INPUT DATA'!P10 -> 0 | K64: =IF(COUNT($F64:$J64)=0,"",SUM($F64:$J64)) | L64: =IF(ISERROR(IF($K64="","",ROUND(($K64/$K$10)*$L$10,2))),"",IF($K64="","",ROUND(($K64/$K$10)*$L$10,2))) | M64: =IF($L64="","",ROUND($L64*$M$10,2)) | Q64: =IF(COUNT($N64:$P64)=0,"",SUM($N64:$P64)) | R64: =IF(ISERROR(IF($Q64="","",ROUND(($Q64/$Q$10)*$R$10,2))),"",IF($Q64="","",ROUND(($Q64/$Q$10)*$R$10,2))) | S64: =IF($R64="","",ROUND($R64*$S$10,2)) | W64: =IF(OR(T64="",$T$10=""),"",(T64/$T$10)*$W$10) | X64: =IF(OR(U64="",$U$10=""),"",(U64/$U$10)*$X$10) | Y64: =IF(OR(V64="",$V$10=""),"",(V64/$V$10)*$Y$10) | Z64: =IF(COUNT($W64:$Y64)=0,"",IFERROR(ROUND((SUM($W64:$Y64)/SUM($W$10:$Y$10))*$Z$10,2),"")) | AA64: =IF($Z64="","",ROUND($Z64*$AA$10,2)) | AB64: =IF(ISERROR(IF($Z64="","",ROUND(SUM($M64,$S64,$AA64),2))),"",IF($Z64="","",ROUND(SUM($M64,$S64,$AA64),2))) | AC64: =IF(ISERROR(IF($Z64="","",VLOOKUP(AB64,NewTransmu,4,TRUE))),"",IF($Z64="","",VLOOKUP(AB64,NewTransmu,4,TRUE))) | AD64: =IF(ISERROR(IF(AC64="","",VLOOKUP(AC64,DESCRIPTORS,4,TRUE))),"",IF(AC64="","",VLOOKUP(AC64,DESCRIPTORS,4,TRUE))) | AN64: =(T64/$T$10)*100 -> #DIV/0! | AO64: =(U64/$U$10)*100 -> #DIV/0! | AP64: =(V64/$V$10)*100 -> #DIV/0!
A65: 3 | B65: ='INPUT DATA'!P11 -> 0 | K65: =IF(COUNT($F65:$J65)=0,"",SUM($F65:$J65)) | L65: =IF(ISERROR(IF($K65="","",ROUND(($K65/$K$10)*$L$10,2))),"",IF($K65="","",ROUND(($K65/$K$10)*$L$10,2))) | M65: =IF($L65="","",ROUND($L65*$M$10,2)) | Q65: =IF(COUNT($N65:$P65)=0,"",SUM($N65:$P65)) | R65: =IF(ISERROR(IF($Q65="","",ROUND(($Q65/$Q$10)*$R$10,2))),"",IF($Q65="","",ROUND(($Q65/$Q$10)*$R$10,2))) | S65: =IF($R65="","",ROUND($R65*$S$10,2)) | W65: =IF(OR(T65="",$T$10=""),"",(T65/$T$10)*$W$10) | X65: =IF(OR(U65="",$U$10=""),"",(U65/$U$10)*$X$10) | Y65: =IF(OR(V65="",$V$10=""),"",(V65/$V$10)*$Y$10) | Z65: =IF(COUNT($W65:$Y65)=0,"",IFERROR(ROUND((SUM($W65:$Y65)/SUM($W$10:$Y$10))*$Z$10,2),"")) | AA65: =IF($Z65="","",ROUND($Z65*$AA$10,2)) | AB65: =IF(ISERROR(IF($Z65="","",ROUND(SUM($M65,$S65,$AA65),2))),"",IF($Z65="","",ROUND(SUM($M65,$S65,$AA65),2))) | AC65: =IF(ISERROR(IF($Z65="","",VLOOKUP(AB65,NewTransmu,4,TRUE))),"",IF($Z65="","",VLOOKUP(AB65,NewTransmu,4,TRUE))) | AD65: =IF(ISERROR(IF(AC65="","",VLOOKUP(AC65,DESCRIPTORS,4,TRUE))),"",IF(AC65="","",VLOOKUP(AC65,DESCRIPTORS,4,TRUE))) | AN65: =(T65/$T$10)*100 -> #DIV/0! | AO65: =(U65/$U$10)*100 -> #DIV/0! | AP65: =(V65/$V$10)*100 -> #DIV/0!
A66: 4 | B66: ='INPUT DATA'!P12 -> 0 | K66: =IF(COUNT($F66:$J66)=0,"",SUM($F66:$J66)) | L66: =IF(ISERROR(IF($K66="","",ROUND(($K66/$K$10)*$L$10,2))),"",IF($K66="","",ROUND(($K66/$K$10)*$L$10,2))) | M66: =IF($L66="","",ROUND($L66*$M$10,2)) | Q66: =IF(COUNT($N66:$P66)=0,"",SUM($N66:$P66)) | R66: =IF(ISERROR(IF($Q66="","",ROUND(($Q66/$Q$10)*$R$10,2))),"",IF($Q66="","",ROUND(($Q66/$Q$10)*$R$10,2))) | S66: =IF($R66="","",ROUND($R66*$S$10,2)) | W66: =IF(OR(T66="",$T$10=""),"",(T66/$T$10)*$W$10) | X66: =IF(OR(U66="",$U$10=""),"",(U66/$U$10)*$X$10) | Y66: =IF(OR(V66="",$V$10=""),"",(V66/$V$10)*$Y$10) | Z66: =IF(COUNT($W66:$Y66)=0,"",IFERROR(ROUND((SUM($W66:$Y66)/SUM($W$10:$Y$10))*$Z$10,2),"")) | AA66: =IF($Z66="","",ROUND($Z66*$AA$10,2)) | AB66: =IF(ISERROR(IF($Z66="","",ROUND(SUM($M66,$S66,$AA66),2))),"",IF($Z66="","",ROUND(SUM($M66,$S66,$AA66),2))) | AC66: =IF(ISERROR(IF($Z66="","",VLOOKUP(AB66,NewTransmu,4,TRUE))),"",IF($Z66="","",VLOOKUP(AB66,NewTransmu,4,TRUE))) | AD66: =IF(ISERROR(IF(AC66="","",VLOOKUP(AC66,DESCRIPTORS,4,TRUE))),"",IF(AC66="","",VLOOKUP(AC66,DESCRIPTORS,4,TRUE))) | AN66: =(T66/$T$10)*100 -> #DIV/0! | AO66: =(U66/$U$10)*100 -> #DIV/0! | AP66: =(V66/$V$10)*100 -> #DIV/0!
A67: 5 | B67: ='INPUT DATA'!P13 -> 0 | K67: =IF(COUNT($F67:$J67)=0,"",SUM($F67:$J67)) | L67: =IF(ISERROR(IF($K67="","",ROUND(($K67/$K$10)*$L$10,2))),"",IF($K67="","",ROUND(($K67/$K$10)*$L$10,2))) | M67: =IF($L67="","",ROUND($L67*$M$10,2)) | Q67: =IF(COUNT($N67:$P67)=0,"",SUM($N67:$P67)) | R67: =IF(ISERROR(IF($Q67="","",ROUND(($Q67/$Q$10)*$R$10,2))),"",IF($Q67="","",ROUND(($Q67/$Q$10)*$R$10,2))) | S67: =IF($R67="","",ROUND($R67*$S$10,2)) | W67: =IF(OR(T67="",$T$10=""),"",(T67/$T$10)*$W$10) | X67: =IF(OR(U67="",$U$10=""),"",(U67/$U$10)*$X$10) | Y67: =IF(OR(V67="",$V$10=""),"",(V67/$V$10)*$Y$10) | Z67: =IF(COUNT($W67:$Y67)=0,"",IFERROR(ROUND((SUM($W67:$Y67)/SUM($W$10:$Y$10))*$Z$10,2),"")) | AA67: =IF($Z67="","",ROUND($Z67*$AA$10,2)) | AB67: =IF(ISERROR(IF($Z67="","",ROUND(SUM($M67,$S67,$AA67),2))),"",IF($Z67="","",ROUND(SUM($M67,$S67,$AA67),2))) | AC67: =IF(ISERROR(IF($Z67="","",VLOOKUP(AB67,NewTransmu,4,TRUE))),"",IF($Z67="","",VLOOKUP(AB67,NewTransmu,4,TRUE))) | AD67: =IF(ISERROR(IF(AC67="","",VLOOKUP(AC67,DESCRIPTORS,4,TRUE))),"",IF(AC67="","",VLOOKUP(AC67,DESCRIPTORS,4,TRUE))) | AN67: =(T67/$T$10)*100 -> #DIV/0! | AO67: =(U67/$U$10)*100 -> #DIV/0! | AP67: =(V67/$V$10)*100 -> #DIV/0!
A68: 6 | B68: ='INPUT DATA'!P14 -> 0 | K68: =IF(COUNT($F68:$J68)=0,"",SUM($F68:$J68)) | L68: =IF(ISERROR(IF($K68="","",ROUND(($K68/$K$10)*$L$10,2))),"",IF($K68="","",ROUND(($K68/$K$10)*$L$10,2))) | M68: =IF($L68="","",ROUND($L68*$M$10,2)) | Q68: =IF(COUNT($N68:$P68)=0,"",SUM($N68:$P68)) | R68: =IF(ISERROR(IF($Q68="","",ROUND(($Q68/$Q$10)*$R$10,2))),"",IF($Q68="","",ROUND(($Q68/$Q$10)*$R$10,2))) | S68: =IF($R68="","",ROUND($R68*$S$10,2)) | W68: =IF(OR(T68="",$T$10=""),"",(T68/$T$10)*$W$10) | X68: =IF(OR(U68="",$U$10=""),"",(U68/$U$10)*$X$10) | Y68: =IF(OR(V68="",$V$10=""),"",(V68/$V$10)*$Y$10) | Z68: =IF(COUNT($W68:$Y68)=0,"",IFERROR(ROUND((SUM($W68:$Y68)/SUM($W$10:$Y$10))*$Z$10,2),"")) | AA68: =IF($Z68="","",ROUND($Z68*$AA$10,2)) | AB68: =IF(ISERROR(IF($Z68="","",ROUND(SUM($M68,$S68,$AA68),2))),"",IF($Z68="","",ROUND(SUM($M68,$S68,$AA68),2))) | AC68: =IF(ISERROR(IF($Z68="","",VLOOKUP(AB68,NewTransmu,4,TRUE))),"",IF($Z68="","",VLOOKUP(AB68,NewTransmu,4,TRUE))) | AD68: =IF(ISERROR(IF(AC68="","",VLOOKUP(AC68,DESCRIPTORS,4,TRUE))),"",IF(AC68="","",VLOOKUP(AC68,DESCRIPTORS,4,TRUE))) | AN68: =(T68/$T$10)*100 -> #DIV/0! | AO68: =(U68/$U$10)*100 -> #DIV/0! | AP68: =(V68/$V$10)*100 -> #DIV/0!
A69: 7 | B69: ='INPUT DATA'!P15 -> 0 | K69: =IF(COUNT($F69:$J69)=0,"",SUM($F69:$J69)) | L69: =IF(ISERROR(IF($K69="","",ROUND(($K69/$K$10)*$L$10,2))),"",IF($K69="","",ROUND(($K69/$K$10)*$L$10,2))) | M69: =IF($L69="","",ROUND($L69*$M$10,2)) | Q69: =IF(COUNT($N69:$P69)=0,"",SUM($N69:$P69)) | R69: =IF(ISERROR(IF($Q69="","",ROUND(($Q69/$Q$10)*$R$10,2))),"",IF($Q69="","",ROUND(($Q69/$Q$10)*$R$10,2))) | S69: =IF($R69="","",ROUND($R69*$S$10,2)) | W69: =IF(OR(T69="",$T$10=""),"",(T69/$T$10)*$W$10) | X69: =IF(OR(U69="",$U$10=""),"",(U69/$U$10)*$X$10) | Y69: =IF(OR(V69="",$V$10=""),"",(V69/$V$10)*$Y$10) | Z69: =IF(COUNT($W69:$Y69)=0,"",IFERROR(ROUND((SUM($W69:$Y69)/SUM($W$10:$Y$10))*$Z$10,2),"")) | AA69: =IF($Z69="","",ROUND($Z69*$AA$10,2)) | AB69: =IF(ISERROR(IF($Z69="","",ROUND(SUM($M69,$S69,$AA69),2))),"",IF($Z69="","",ROUND(SUM($M69,$S69,$AA69),2))) | AC69: =IF(ISERROR(IF($Z69="","",VLOOKUP(AB69,NewTransmu,4,TRUE))),"",IF($Z69="","",VLOOKUP(AB69,NewTransmu,4,TRUE))) | AD69: =IF(ISERROR(IF(AC69="","",VLOOKUP(AC69,DESCRIPTORS,4,TRUE))),"",IF(AC69="","",VLOOKUP(AC69,DESCRIPTORS,4,TRUE))) | AN69: =(T69/$T$10)*100 -> #DIV/0! | AO69: =(U69/$U$10)*100 -> #DIV/0! | AP69: =(V69/$V$10)*100 -> #DIV/0!
A70: 8 | B70: ='INPUT DATA'!P16 -> 0 | K70: =IF(COUNT($F70:$J70)=0,"",SUM($F70:$J70)) | L70: =IF(ISERROR(IF($K70="","",ROUND(($K70/$K$10)*$L$10,2))),"",IF($K70="","",ROUND(($K70/$K$10)*$L$10,2))) | M70: =IF($L70="","",ROUND($L70*$M$10,2)) | Q70: =IF(COUNT($N70:$P70)=0,"",SUM($N70:$P70)) | R70: =IF(ISERROR(IF($Q70="","",ROUND(($Q70/$Q$10)*$R$10,2))),"",IF($Q70="","",ROUND(($Q70/$Q$10)*$R$10,2))) | S70: =IF($R70="","",ROUND($R70*$S$10,2)) | W70: =IF(OR(T70="",$T$10=""),"",(T70/$T$10)*$W$10) | X70: =IF(OR(U70="",$U$10=""),"",(U70/$U$10)*$X$10) | Y70: =IF(OR(V70="",$V$10=""),"",(V70/$V$10)*$Y$10) | Z70: =IF(COUNT($W70:$Y70)=0,"",IFERROR(ROUND((SUM($W70:$Y70)/SUM($W$10:$Y$10))*$Z$10,2),"")) | AA70: =IF($Z70="","",ROUND($Z70*$AA$10,2)) | AB70: =IF(ISERROR(IF($Z70="","",ROUND(SUM($M70,$S70,$AA70),2))),"",IF($Z70="","",ROUND(SUM($M70,$S70,$AA70),2))) | AC70: =IF(ISERROR(IF($Z70="","",VLOOKUP(AB70,NewTransmu,4,TRUE))),"",IF($Z70="","",VLOOKUP(AB70,NewTransmu,4,TRUE))) | AD70: =IF(ISERROR(IF(AC70="","",VLOOKUP(AC70,DESCRIPTORS,4,TRUE))),"",IF(AC70="","",VLOOKUP(AC70,DESCRIPTORS,4,TRUE))) | AN70: =(T70/$T$10)*100 -> #DIV/0! | AO70: =(U70/$U$10)*100 -> #DIV/0! | AP70: =(V70/$V$10)*100 -> #DIV/0!
A71: 9 | B71: ='INPUT DATA'!P17 -> 0 | K71: =IF(COUNT($F71:$J71)=0,"",SUM($F71:$J71)) | L71: =IF(ISERROR(IF($K71="","",ROUND(($K71/$K$10)*$L$10,2))),"",IF($K71="","",ROUND(($K71/$K$10)*$L$10,2))) | M71: =IF($L71="","",ROUND($L71*$M$10,2)) | Q71: =IF(COUNT($N71:$P71)=0,"",SUM($N71:$P71)) | R71: =IF(ISERROR(IF($Q71="","",ROUND(($Q71/$Q$10)*$R$10,2))),"",IF($Q71="","",ROUND(($Q71/$Q$10)*$R$10,2))) | S71: =IF($R71="","",ROUND($R71*$S$10,2)) | W71: =IF(OR(T71="",$T$10=""),"",(T71/$T$10)*$W$10) | X71: =IF(OR(U71="",$U$10=""),"",(U71/$U$10)*$X$10) | Y71: =IF(OR(V71="",$V$10=""),"",(V71/$V$10)*$Y$10) | Z71: =IF(COUNT($W71:$Y71)=0,"",IFERROR(ROUND((SUM($W71:$Y71)/SUM($W$10:$Y$10))*$Z$10,2),"")) | AA71: =IF($Z71="","",ROUND($Z71*$AA$10,2)) | AB71: =IF(ISERROR(IF($Z71="","",ROUND(SUM($M71,$S71,$AA71),2))),"",IF($Z71="","",ROUND(SUM($M71,$S71,$AA71),2))) | AC71: =IF(ISERROR(IF($Z71="","",VLOOKUP(AB71,NewTransmu,4,TRUE))),"",IF($Z71="","",VLOOKUP(AB71,NewTransmu,4,TRUE))) | AD71: =IF(ISERROR(IF(AC71="","",VLOOKUP(AC71,DESCRIPTORS,4,TRUE))),"",IF(AC71="","",VLOOKUP(AC71,DESCRIPTORS,4,TRUE))) | AN71: =(T71/$T$10)*100 -> #DIV/0! | AO71: =(U71/$U$10)*100 -> #DIV/0! | AP71: =(V71/$V$10)*100 -> #DIV/0!
A72: 10 | B72: ='INPUT DATA'!P18 -> 0 | K72: =IF(COUNT($F72:$J72)=0,"",SUM($F72:$J72)) | L72: =IF(ISERROR(IF($K72="","",ROUND(($K72/$K$10)*$L$10,2))),"",IF($K72="","",ROUND(($K72/$K$10)*$L$10,2))) | M72: =IF($L72="","",ROUND($L72*$M$10,2)) | Q72: =IF(COUNT($N72:$P72)=0,"",SUM($N72:$P72)) | R72: =IF(ISERROR(IF($Q72="","",ROUND(($Q72/$Q$10)*$R$10,2))),"",IF($Q72="","",ROUND(($Q72/$Q$10)*$R$10,2))) | S72: =IF($R72="","",ROUND($R72*$S$10,2)) | W72: =IF(OR(T72="",$T$10=""),"",(T72/$T$10)*$W$10) | X72: =IF(OR(U72="",$U$10=""),"",(U72/$U$10)*$X$10) | Y72: =IF(OR(V72="",$V$10=""),"",(V72/$V$10)*$Y$10) | Z72: =IF(COUNT($W72:$Y72)=0,"",IFERROR(ROUND((SUM($W72:$Y72)/SUM($W$10:$Y$10))*$Z$10,2),"")) | AA72: =IF($Z72="","",ROUND($Z72*$AA$10,2)) | AB72: =IF(ISERROR(IF($Z72="","",ROUND(SUM($M72,$S72,$AA72),2))),"",IF($Z72="","",ROUND(SUM($M72,$S72,$AA72),2))) | AC72: =IF(ISERROR(IF($Z72="","",VLOOKUP(AB72,NewTransmu,4,TRUE))),"",IF($Z72="","",VLOOKUP(AB72,NewTransmu,4,TRUE))) | AD72: =IF(ISERROR(IF(AC72="","",VLOOKUP(AC72,DESCRIPTORS,4,TRUE))),"",IF(AC72="","",VLOOKUP(AC72,DESCRIPTORS,4,TRUE))) | AN72: =(T72/$T$10)*100 -> #DIV/0! | AO72: =(U72/$U$10)*100 -> #DIV/0! | AP72: =(V72/$V$10)*100 -> #DIV/0!
A73: 11 | B73: ='INPUT DATA'!P19 -> 0 | K73: =IF(COUNT($F73:$J73)=0,"",SUM($F73:$J73)) | L73: =IF(ISERROR(IF($K73="","",ROUND(($K73/$K$10)*$L$10,2))),"",IF($K73="","",ROUND(($K73/$K$10)*$L$10,2))) | M73: =IF($L73="","",ROUND($L73*$M$10,2)) | Q73: =IF(COUNT($N73:$P73)=0,"",SUM($N73:$P73)) | R73: =IF(ISERROR(IF($Q73="","",ROUND(($Q73/$Q$10)*$R$10,2))),"",IF($Q73="","",ROUND(($Q73/$Q$10)*$R$10,2))) | S73: =IF($R73="","",ROUND($R73*$S$10,2)) | W73: =IF(OR(T73="",$T$10=""),"",(T73/$T$10)*$W$10) | X73: =IF(OR(U73="",$U$10=""),"",(U73/$U$10)*$X$10) | Y73: =IF(OR(V73="",$V$10=""),"",(V73/$V$10)*$Y$10) | Z73: =IF(COUNT($W73:$Y73)=0,"",IFERROR(ROUND((SUM($W73:$Y73)/SUM($W$10:$Y$10))*$Z$10,2),"")) | AA73: =IF($Z73="","",ROUND($Z73*$AA$10,2)) | AB73: =IF(ISERROR(IF($Z73="","",ROUND(SUM($M73,$S73,$AA73),2))),"",IF($Z73="","",ROUND(SUM($M73,$S73,$AA73),2))) | AC73: =IF(ISERROR(IF($Z73="","",VLOOKUP(AB73,NewTransmu,4,TRUE))),"",IF($Z73="","",VLOOKUP(AB73,NewTransmu,4,TRUE))) | AD73: =IF(ISERROR(IF(AC73="","",VLOOKUP(AC73,DESCRIPTORS,4,TRUE))),"",IF(AC73="","",VLOOKUP(AC73,DESCRIPTORS,4,TRUE))) | AN73: =(T73/$T$10)*100 -> #DIV/0! | AO73: =(U73/$U$10)*100 -> #DIV/0! | AP73: =(V73/$V$10)*100 -> #DIV/0!
A74: 12 | B74: ='INPUT DATA'!P20 -> 0 | K74: =IF(COUNT($F74:$J74)=0,"",SUM($F74:$J74)) | L74: =IF(ISERROR(IF($K74="","",ROUND(($K74/$K$10)*$L$10,2))),"",IF($K74="","",ROUND(($K74/$K$10)*$L$10,2))) | M74: =IF($L74="","",ROUND($L74*$M$10,2)) | Q74: =IF(COUNT($N74:$P74)=0,"",SUM($N74:$P74)) | R74: =IF(ISERROR(IF($Q74="","",ROUND(($Q74/$Q$10)*$R$10,2))),"",IF($Q74="","",ROUND(($Q74/$Q$10)*$R$10,2))) | S74: =IF($R74="","",ROUND($R74*$S$10,2)) | W74: =IF(OR(T74="",$T$10=""),"",(T74/$T$10)*$W$10) | X74: =IF(OR(U74="",$U$10=""),"",(U74/$U$10)*$X$10) | Y74: =IF(OR(V74="",$V$10=""),"",(V74/$V$10)*$Y$10) | Z74: =IF(COUNT($W74:$Y74)=0,"",IFERROR(ROUND((SUM($W74:$Y74)/SUM($W$10:$Y$10))*$Z$10,2),"")) | AA74: =IF($Z74="","",ROUND($Z74*$AA$10,2)) | AB74: =IF(ISERROR(IF($Z74="","",ROUND(SUM($M74,$S74,$AA74),2))),"",IF($Z74="","",ROUND(SUM($M74,$S74,$AA74),2))) | AC74: =IF(ISERROR(IF($Z74="","",VLOOKUP(AB74,NewTransmu,4,TRUE))),"",IF($Z74="","",VLOOKUP(AB74,NewTransmu,4,TRUE))) | AD74: =IF(ISERROR(IF(AC74="","",VLOOKUP(AC74,DESCRIPTORS,4,TRUE))),"",IF(AC74="","",VLOOKUP(AC74,DESCRIPTORS,4,TRUE))) | AN74: =(T74/$T$10)*100 -> #DIV/0! | AO74: =(U74/$U$10)*100 -> #DIV/0! | AP74: =(V74/$V$10)*100 -> #DIV/0!
... A112: 50 | B112: ='INPUT DATA'!P58 -> 0 | K112: =IF(COUNT($F112:$J112)=0,"",SUM($F112:$J112)) | L112: =IF(ISERROR(IF($K112="","",ROUND(($K112/$K$10)*$L$10,2))),"",IF($K112="","",ROUND(($K112/$K$10)*$L$10,2))) | M112: =IF($L112="","",ROUND($L112*$M$10,2)) | Q112: =IF(COUNT($N112:$P112)=0,"",SUM($N112:$P112)) | R112: =IF(ISERROR(IF($Q112="","",ROUND(($Q112/$Q$10)*$R$10,2))),"",IF($Q112="","",ROUND(($Q112/$Q$10)*$R$10,2))) | S112: =IF($R112="","",ROUND($R112*$S$10,2)) | W112: =IF(OR(T112="",$T$10=""),"",(T112/$T$10)*$W$10) | X112: =IF(OR(U112="",$U$10=""),"",(U112/$U$10)*$X$10) | Y112: =IF(OR(V112="",$V$10=""),"",(V112/$V$10)*$Y$10) | Z112: =IF(COUNT($W112:$Y112)=0,"",IFERROR(ROUND((SUM($W112:$Y112)/SUM($W$10:$Y$10))*$Z$10,2),"")) | AA112: =IF($Z112="","",ROUND($Z112*$AA$10,2)) | AB112: =IF(ISERROR(IF($Z112="","",ROUND(SUM($M112,$S112,$AA112),2))),"",IF($Z112="","",ROUND(SUM($M112,$S112,$AA112),2))) | AC112: =IF(ISERROR(IF($Z112="","",VLOOKUP(AB112,NewTransmu,4,TRUE))),"",IF($Z112="","",VLOOKUP(AB112,NewTransmu,4,TRUE))) | AD112: =IF(ISERROR(IF(AC112="","",VLOOKUP(AC112,DESCRIPTORS,4,TRUE))),"",IF(AC112="","",VLOOKUP(AC112,DESCRIPTORS,4,TRUE))) | AN112: =(T112/$T$10)*100 -> #DIV/0! | AO112: =(U112/$U$10)*100 -> #DIV/0! | AP112: =(V112/$V$10)*100 -> #DIV/0!

Sheet PEH_T2
A1: Class Record
B4: REGION | G4: ='INPUT DATA'!E8 -> X | I4: DIVISION | L4: ='INPUT DATA'!E9 -> EDUCATORS FILES
B5: SCHOOL NAME | G5: ='INPUT DATA'!E10 -> EFILES NATIONAL HIGH SCHOOL | Q5: SCHOOL ID | S5: ='INPUT DATA'!E11 -> 123456 | V5: SCHOOL YEAR | AB5: ='INPUT DATA'!E12 -> 2026-2027
A7: TERM 2 | F7: GRADE & SECTION: | J7: ='INPUT DATA'!E14 -> VI - MASIPAG | N7: TEACHER: | Q7: ='INPUT DATA'!E17 -> SAMUEL A. SILVERIO | Z7: SUBJECT: | AB7: PE & HEALTH
B8: LEARNERS' NAMES | F8: WRITTEN / ORAL WORKS (20%) | N8: PRODUCT / PERFORMANCE TASKS (60%) | T8: SUMMATIVE TESTS AND TERM EXAMINATIONS (20%) | AB8: Initial Grade | AC8: TERM GRADE | AD8: DESCRIPTOR
F9: 1 | G9: 2 | H9: 3 | I9: 4 | J9: 5 | K9: Total | L9: PS | M9: WS | N9: 1 | O9: 2 | P9: 3 | Q9: Total | R9: PS | S9: WS | T9: ST1 | U9: ST2 | V9: TE | W9: WS ST1 (30%) | X9: WS ST2 (30%) | Y9: WS TE (40%) | Z9: PS ST&TE | AA9: WS ST&TE
B10: HIGHEST POSSIBLE SCORE | K10: =IF(COUNT($F10:$J10)=0,"",SUM($F10:$J10)) | L10: 100 | M10: 0.2 | Q10: =IF(COUNT($N10:$P10)=0,"",SUM($N10:$P10)) | R10: 100 | S10: 0.6 | W10: 30 | X10: 30 | Y10: 40 | Z10: 100 | AA10: 0.2
B11: MALE | AQ11: ST1 | AR11: ST2 | AS11: TE
A12: 1 | B12: ='INPUT DATA'!J9 -> 0 | K12: =IF(COUNT($F12:$J12)=0,"",SUM($F12:$J12)) | L12: =IF(ISERROR(IF($K12="","",ROUND(($K12/$K$10)*$L$10,2))),"",IF($K12="","",ROUND(($K12/$K$10)*$L$10,2))) | M12: =IF($L12="","",ROUND($L12*$M$10,2)) | Q12: =IF(COUNT($N12:$P12)=0,"",SUM($N12:$P12)) | R12: =IF(ISERROR(IF($Q12="","",ROUND(($Q12/$Q$10)*$R$10,2))),"",IF($Q12="","",ROUND(($Q12/$Q$10)*$R$10,2))) | S12: =IF($R12="","",ROUND($R12*$S$10,2)) | W12: =IF(OR(T12="",$T$10=""),"",(T12/$T$10)*$W$10) | X12: =IF(OR(U12="",$U$10=""),"",(U12/$U$10)*$X$10) | Y12: =IF(OR(V12="",$V$10=""),"",(V12/$V$10)*$Y$10) | Z12: =IF(COUNT($W12:$Y12)=0,"",IFERROR(ROUND((SUM($W12:$Y12)/SUM($W$10:$Y$10))*$Z$10,2),"")) | AA12: =IF($Z12="","",ROUND($Z12*$AA$10,2)) | AB12: =IF(ISERROR(IF($Z12="","",ROUND(SUM($M12,$S12,$AA12),2))),"",IF($Z12="","",ROUND(SUM($M12,$S12,$AA12),2))) | AC12: =IF(ISERROR(IF($Z12="","",VLOOKUP(AB12,NewTransmu,4,TRUE))),"",IF($Z12="","",VLOOKUP(AB12,NewTransmu,4,TRUE))) | AD12: =IF(ISERROR(IF(AC12="","",VLOOKUP(AC12,DESCRIPTORS,4,TRUE))),"",IF(AC12="","",VLOOKUP(AC12,DESCRIPTORS,4,TRUE))) | AQ12: =(T12/$T$10)*100 -> #DIV/0! | AR12: =(U12/$U$10)*100 -> #DIV/0! | AS12: =(V12/$V$10)*100 -> #DIV/0!
A13: 2 | B13: ='INPUT DATA'!J10 -> 0 | K13: =IF(COUNT($F13:$J13)=0,"",SUM($F13:$J13)) | L13: =IF(ISERROR(IF($K13="","",ROUND(($K13/$K$10)*$L$10,2))),"",IF($K13="","",ROUND(($K13/$K$10)*$L$10,2))) | M13: =IF($L13="","",ROUND($L13*$M$10,2)) | Q13: =IF(COUNT($N13:$P13)=0,"",SUM($N13:$P13)) | R13: =IF(ISERROR(IF($Q13="","",ROUND(($Q13/$Q$10)*$R$10,2))),"",IF($Q13="","",ROUND(($Q13/$Q$10)*$R$10,2))) | S13: =IF($R13="","",ROUND($R13*$S$10,2)) | W13: =IF(OR(T13="",$T$10=""),"",(T13/$T$10)*$W$10) | X13: =IF(OR(U13="",$U$10=""),"",(U13/$U$10)*$X$10) | Y13: =IF(OR(V13="",$V$10=""),"",(V13/$V$10)*$Y$10) | Z13: =IF(COUNT($W13:$Y13)=0,"",IFERROR(ROUND((SUM($W13:$Y13)/SUM($W$10:$Y$10))*$Z$10,2),"")) | AA13: =IF($Z13="","",ROUND($Z13*$AA$10,2)) | AB13: =IF(ISERROR(IF($Z13="","",ROUND(SUM($M13,$S13,$AA13),2))),"",IF($Z13="","",ROUND(SUM($M13,$S13,$AA13),2))) | AC13: =IF(ISERROR(IF($Z13="","",VLOOKUP(AB13,NewTransmu,4,TRUE))),"",IF($Z13="","",VLOOKUP(AB13,NewTransmu,4,TRUE))) | AD13: =IF(ISERROR(IF(AC13="","",VLOOKUP(AC13,DESCRIPTORS,4,TRUE))),"",IF(AC13="","",VLOOKUP(AC13,DESCRIPTORS,4,TRUE))) | AQ13: =(T13/$T$10)*100 -> #DIV/0! | AR13: =(U13/$U$10)*100 -> #DIV/0! | AS13: =(V13/$V$10)*100 -> #DIV/0!
A14: 3 | B14: ='INPUT DATA'!J11 -> 0 | K14: =IF(COUNT($F14:$J14)=0,"",SUM($F14:$J14)) | L14: =IF(ISERROR(IF($K14="","",ROUND(($K14/$K$10)*$L$10,2))),"",IF($K14="","",ROUND(($K14/$K$10)*$L$10,2))) | M14: =IF($L14="","",ROUND($L14*$M$10,2)) | Q14: =IF(COUNT($N14:$P14)=0,"",SUM($N14:$P14)) | R14: =IF(ISERROR(IF($Q14="","",ROUND(($Q14/$Q$10)*$R$10,2))),"",IF($Q14="","",ROUND(($Q14/$Q$10)*$R$10,2))) | S14: =IF($R14="","",ROUND($R14*$S$10,2)) | W14: =IF(OR(T14="",$T$10=""),"",(T14/$T$10)*$W$10) | X14: =IF(OR(U14="",$U$10=""),"",(U14/$U$10)*$X$10) | Y14: =IF(OR(V14="",$V$10=""),"",(V14/$V$10)*$Y$10) | Z14: =IF(COUNT($W14:$Y14)=0,"",IFERROR(ROUND((SUM($W14:$Y14)/SUM($W$10:$Y$10))*$Z$10,2),"")) | AA14: =IF($Z14="","",ROUND($Z14*$AA$10,2)) | AB14: =IF(ISERROR(IF($Z14="","",ROUND(SUM($M14,$S14,$AA14),2))),"",IF($Z14="","",ROUND(SUM($M14,$S14,$AA14),2))) | AC14: =IF(ISERROR(IF($Z14="","",VLOOKUP(AB14,NewTransmu,4,TRUE))),"",IF($Z14="","",VLOOKUP(AB14,NewTransmu,4,TRUE))) | AD14: =IF(ISERROR(IF(AC14="","",VLOOKUP(AC14,DESCRIPTORS,4,TRUE))),"",IF(AC14="","",VLOOKUP(AC14,DESCRIPTORS,4,TRUE))) | AQ14: =(T14/$T$10)*100 -> #DIV/0! | AR14: =(U14/$U$10)*100 -> #DIV/0! | AS14: =(V14/$V$10)*100 -> #DIV/0!
A15: 4 | B15: ='INPUT DATA'!J12 -> 0 | K15: =IF(COUNT($F15:$J15)=0,"",SUM($F15:$J15)) | L15: =IF(ISERROR(IF($K15="","",ROUND(($K15/$K$10)*$L$10,2))),"",IF($K15="","",ROUND(($K15/$K$10)*$L$10,2))) | M15: =IF($L15="","",ROUND($L15*$M$10,2)) | Q15: =IF(COUNT($N15:$P15)=0,"",SUM($N15:$P15)) | R15: =IF(ISERROR(IF($Q15="","",ROUND(($Q15/$Q$10)*$R$10,2))),"",IF($Q15="","",ROUND(($Q15/$Q$10)*$R$10,2))) | S15: =IF($R15="","",ROUND($R15*$S$10,2)) | W15: =IF(OR(T15="",$T$10=""),"",(T15/$T$10)*$W$10) | X15: =IF(OR(U15="",$U$10=""),"",(U15/$U$10)*$X$10) | Y15: =IF(OR(V15="",$V$10=""),"",(V15/$V$10)*$Y$10) | Z15: =IF(COUNT($W15:$Y15)=0,"",IFERROR(ROUND((SUM($W15:$Y15)/SUM($W$10:$Y$10))*$Z$10,2),"")) | AA15: =IF($Z15="","",ROUND($Z15*$AA$10,2)) | AB15: =IF(ISERROR(IF($Z15="","",ROUND(SUM($M15,$S15,$AA15),2))),"",IF($Z15="","",ROUND(SUM($M15,$S15,$AA15),2))) | AC15: =IF(ISERROR(IF($Z15="","",VLOOKUP(AB15,NewTransmu,4,TRUE))),"",IF($Z15="","",VLOOKUP(AB15,NewTransmu,4,TRUE))) | AD15: =IF(ISERROR(IF(AC15="","",VLOOKUP(AC15,DESCRIPTORS,4,TRUE))),"",IF(AC15="","",VLOOKUP(AC15,DESCRIPTORS,4,TRUE))) | AQ15: =(T15/$T$10)*100 -> #DIV/0! | AR15: =(U15/$U$10)*100 -> #DIV/0! | AS15: =(V15/$V$10)*100 -> #DIV/0!
A16: 5 | B16: ='INPUT DATA'!J13 -> 0 | K16: =IF(COUNT($F16:$J16)=0,"",SUM($F16:$J16)) | L16: =IF(ISERROR(IF($K16="","",ROUND(($K16/$K$10)*$L$10,2))),"",IF($K16="","",ROUND(($K16/$K$10)*$L$10,2))) | M16: =IF($L16="","",ROUND($L16*$M$10,2)) | Q16: =IF(COUNT($N16:$P16)=0,"",SUM($N16:$P16)) | R16: =IF(ISERROR(IF($Q16="","",ROUND(($Q16/$Q$10)*$R$10,2))),"",IF($Q16="","",ROUND(($Q16/$Q$10)*$R$10,2))) | S16: =IF($R16="","",ROUND($R16*$S$10,2)) | W16: =IF(OR(T16="",$T$10=""),"",(T16/$T$10)*$W$10) | X16: =IF(OR(U16="",$U$10=""),"",(U16/$U$10)*$X$10) | Y16: =IF(OR(V16="",$V$10=""),"",(V16/$V$10)*$Y$10) | Z16: =IF(COUNT($W16:$Y16)=0,"",IFERROR(ROUND((SUM($W16:$Y16)/SUM($W$10:$Y$10))*$Z$10,2),"")) | AA16: =IF($Z16="","",ROUND($Z16*$AA$10,2)) | AB16: =IF(ISERROR(IF($Z16="","",ROUND(SUM($M16,$S16,$AA16),2))),"",IF($Z16="","",ROUND(SUM($M16,$S16,$AA16),2))) | AC16: =IF(ISERROR(IF($Z16="","",VLOOKUP(AB16,NewTransmu,4,TRUE))),"",IF($Z16="","",VLOOKUP(AB16,NewTransmu,4,TRUE))) | AD16: =IF(ISERROR(IF(AC16="","",VLOOKUP(AC16,DESCRIPTORS,4,TRUE))),"",IF(AC16="","",VLOOKUP(AC16,DESCRIPTORS,4,TRUE))) | AQ16: =(T16/$T$10)*100 -> #DIV/0! | AR16: =(U16/$U$10)*100 -> #DIV/0! | AS16: =(V16/$V$10)*100 -> #DIV/0!
A17: 6 | B17: ='INPUT DATA'!J14 -> 0 | K17: =IF(COUNT($F17:$J17)=0,"",SUM($F17:$J17)) | L17: =IF(ISERROR(IF($K17="","",ROUND(($K17/$K$10)*$L$10,2))),"",IF($K17="","",ROUND(($K17/$K$10)*$L$10,2))) | M17: =IF($L17="","",ROUND($L17*$M$10,2)) | Q17: =IF(COUNT($N17:$P17)=0,"",SUM($N17:$P17)) | R17: =IF(ISERROR(IF($Q17="","",ROUND(($Q17/$Q$10)*$R$10,2))),"",IF($Q17="","",ROUND(($Q17/$Q$10)*$R$10,2))) | S17: =IF($R17="","",ROUND($R17*$S$10,2)) | W17: =IF(OR(T17="",$T$10=""),"",(T17/$T$10)*$W$10) | X17: =IF(OR(U17="",$U$10=""),"",(U17/$U$10)*$X$10) | Y17: =IF(OR(V17="",$V$10=""),"",(V17/$V$10)*$Y$10) | Z17: =IF(COUNT($W17:$Y17)=0,"",IFERROR(ROUND((SUM($W17:$Y17)/SUM($W$10:$Y$10))*$Z$10,2),"")) | AA17: =IF($Z17="","",ROUND($Z17*$AA$10,2)) | AB17: =IF(ISERROR(IF($Z17="","",ROUND(SUM($M17,$S17,$AA17),2))),"",IF($Z17="","",ROUND(SUM($M17,$S17,$AA17),2))) | AC17: =IF(ISERROR(IF($Z17="","",VLOOKUP(AB17,NewTransmu,4,TRUE))),"",IF($Z17="","",VLOOKUP(AB17,NewTransmu,4,TRUE))) | AD17: =IF(ISERROR(IF(AC17="","",VLOOKUP(AC17,DESCRIPTORS,4,TRUE))),"",IF(AC17="","",VLOOKUP(AC17,DESCRIPTORS,4,TRUE))) | AQ17: =(T17/$T$10)*100 -> #DIV/0! | AR17: =(U17/$U$10)*100 -> #DIV/0! | AS17: =(V17/$V$10)*100 -> #DIV/0!
A18: 7 | B18: ='INPUT DATA'!J15 -> 0 | K18: =IF(COUNT($F18:$J18)=0,"",SUM($F18:$J18)) | L18: =IF(ISERROR(IF($K18="","",ROUND(($K18/$K$10)*$L$10,2))),"",IF($K18="","",ROUND(($K18/$K$10)*$L$10,2))) | M18: =IF($L18="","",ROUND($L18*$M$10,2)) | Q18: =IF(COUNT($N18:$P18)=0,"",SUM($N18:$P18)) | R18: =IF(ISERROR(IF($Q18="","",ROUND(($Q18/$Q$10)*$R$10,2))),"",IF($Q18="","",ROUND(($Q18/$Q$10)*$R$10,2))) | S18: =IF($R18="","",ROUND($R18*$S$10,2)) | W18: =IF(OR(T18="",$T$10=""),"",(T18/$T$10)*$W$10) | X18: =IF(OR(U18="",$U$10=""),"",(U18/$U$10)*$X$10) | Y18: =IF(OR(V18="",$V$10=""),"",(V18/$V$10)*$Y$10) | Z18: =IF(COUNT($W18:$Y18)=0,"",IFERROR(ROUND((SUM($W18:$Y18)/SUM($W$10:$Y$10))*$Z$10,2),"")) | AA18: =IF($Z18="","",ROUND($Z18*$AA$10,2)) | AB18: =IF(ISERROR(IF($Z18="","",ROUND(SUM($M18,$S18,$AA18),2))),"",IF($Z18="","",ROUND(SUM($M18,$S18,$AA18),2))) | AC18: =IF(ISERROR(IF($Z18="","",VLOOKUP(AB18,NewTransmu,4,TRUE))),"",IF($Z18="","",VLOOKUP(AB18,NewTransmu,4,TRUE))) | AD18: =IF(ISERROR(IF(AC18="","",VLOOKUP(AC18,DESCRIPTORS,4,TRUE))),"",IF(AC18="","",VLOOKUP(AC18,DESCRIPTORS,4,TRUE))) | AQ18: =(T18/$T$10)*100 -> #DIV/0! | AR18: =(U18/$U$10)*100 -> #DIV/0! | AS18: =(V18/$V$10)*100 -> #DIV/0!
A19: 8 | B19: ='INPUT DATA'!J16 -> 0 | K19: =IF(COUNT($F19:$J19)=0,"",SUM($F19:$J19)) | L19: =IF(ISERROR(IF($K19="","",ROUND(($K19/$K$10)*$L$10,2))),"",IF($K19="","",ROUND(($K19/$K$10)*$L$10,2))) | M19: =IF($L19="","",ROUND($L19*$M$10,2)) | Q19: =IF(COUNT($N19:$P19)=0,"",SUM($N19:$P19)) | R19: =IF(ISERROR(IF($Q19="","",ROUND(($Q19/$Q$10)*$R$10,2))),"",IF($Q19="","",ROUND(($Q19/$Q$10)*$R$10,2))) | S19: =IF($R19="","",ROUND($R19*$S$10,2)) | W19: =IF(OR(T19="",$T$10=""),"",(T19/$T$10)*$W$10) | X19: =IF(OR(U19="",$U$10=""),"",(U19/$U$10)*$X$10) | Y19: =IF(OR(V19="",$V$10=""),"",(V19/$V$10)*$Y$10) | Z19: =IF(COUNT($W19:$Y19)=0,"",IFERROR(ROUND((SUM($W19:$Y19)/SUM($W$10:$Y$10))*$Z$10,2),"")) | AA19: =IF($Z19="","",ROUND($Z19*$AA$10,2)) | AB19: =IF(ISERROR(IF($Z19="","",ROUND(SUM($M19,$S19,$AA19),2))),"",IF($Z19="","",ROUND(SUM($M19,$S19,$AA19),2))) | AC19: =IF(ISERROR(IF($Z19="","",VLOOKUP(AB19,NewTransmu,4,TRUE))),"",IF($Z19="","",VLOOKUP(AB19,NewTransmu,4,TRUE))) | AD19: =IF(ISERROR(IF(AC19="","",VLOOKUP(AC19,DESCRIPTORS,4,TRUE))),"",IF(AC19="","",VLOOKUP(AC19,DESCRIPTORS,4,TRUE))) | AQ19: =(T19/$T$10)*100 -> #DIV/0! | AR19: =(U19/$U$10)*100 -> #DIV/0! | AS19: =(V19/$V$10)*100 -> #DIV/0!
A20: 9 | B20: ='INPUT DATA'!J17 -> 0 | K20: =IF(COUNT($F20:$J20)=0,"",SUM($F20:$J20)) | L20: =IF(ISERROR(IF($K20="","",ROUND(($K20/$K$10)*$L$10,2))),"",IF($K20="","",ROUND(($K20/$K$10)*$L$10,2))) | M20: =IF($L20="","",ROUND($L20*$M$10,2)) | Q20: =IF(COUNT($N20:$P20)=0,"",SUM($N20:$P20)) | R20: =IF(ISERROR(IF($Q20="","",ROUND(($Q20/$Q$10)*$R$10,2))),"",IF($Q20="","",ROUND(($Q20/$Q$10)*$R$10,2))) | S20: =IF($R20="","",ROUND($R20*$S$10,2)) | W20: =IF(OR(T20="",$T$10=""),"",(T20/$T$10)*$W$10) | X20: =IF(OR(U20="",$U$10=""),"",(U20/$U$10)*$X$10) | Y20: =IF(OR(V20="",$V$10=""),"",(V20/$V$10)*$Y$10) | Z20: =IF(COUNT($W20:$Y20)=0,"",IFERROR(ROUND((SUM($W20:$Y20)/SUM($W$10:$Y$10))*$Z$10,2),"")) | AA20: =IF($Z20="","",ROUND($Z20*$AA$10,2)) | AB20: =IF(ISERROR(IF($Z20="","",ROUND(SUM($M20,$S20,$AA20),2))),"",IF($Z20="","",ROUND(SUM($M20,$S20,$AA20),2))) | AC20: =IF(ISERROR(IF($Z20="","",VLOOKUP(AB20,NewTransmu,4,TRUE))),"",IF($Z20="","",VLOOKUP(AB20,NewTransmu,4,TRUE))) | AD20: =IF(ISERROR(IF(AC20="","",VLOOKUP(AC20,DESCRIPTORS,4,TRUE))),"",IF(AC20="","",VLOOKUP(AC20,DESCRIPTORS,4,TRUE))) | AQ20: =(T20/$T$10)*100 -> #DIV/0! | AR20: =(U20/$U$10)*100 -> #DIV/0! | AS20: =(V20/$V$10)*100 -> #DIV/0!
A21: 10 | B21: ='INPUT DATA'!J18 -> 0 | K21: =IF(COUNT($F21:$J21)=0,"",SUM($F21:$J21)) | L21: =IF(ISERROR(IF($K21="","",ROUND(($K21/$K$10)*$L$10,2))),"",IF($K21="","",ROUND(($K21/$K$10)*$L$10,2))) | M21: =IF($L21="","",ROUND($L21*$M$10,2)) | Q21: =IF(COUNT($N21:$P21)=0,"",SUM($N21:$P21)) | R21: =IF(ISERROR(IF($Q21="","",ROUND(($Q21/$Q$10)*$R$10,2))),"",IF($Q21="","",ROUND(($Q21/$Q$10)*$R$10,2))) | S21: =IF($R21="","",ROUND($R21*$S$10,2)) | W21: =IF(OR(T21="",$T$10=""),"",(T21/$T$10)*$W$10) | X21: =IF(OR(U21="",$U$10=""),"",(U21/$U$10)*$X$10) | Y21: =IF(OR(V21="",$V$10=""),"",(V21/$V$10)*$Y$10) | Z21: =IF(COUNT($W21:$Y21)=0,"",IFERROR(ROUND((SUM($W21:$Y21)/SUM($W$10:$Y$10))*$Z$10,2),"")) | AA21: =IF($Z21="","",ROUND($Z21*$AA$10,2)) | AB21: =IF(ISERROR(IF($Z21="","",ROUND(SUM($M21,$S21,$AA21),2))),"",IF($Z21="","",ROUND(SUM($M21,$S21,$AA21),2))) | AC21: =IF(ISERROR(IF($Z21="","",VLOOKUP(AB21,NewTransmu,4,TRUE))),"",IF($Z21="","",VLOOKUP(AB21,NewTransmu,4,TRUE))) | AD21: =IF(ISERROR(IF(AC21="","",VLOOKUP(AC21,DESCRIPTORS,4,TRUE))),"",IF(AC21="","",VLOOKUP(AC21,DESCRIPTORS,4,TRUE))) | AQ21: =(T21/$T$10)*100 -> #DIV/0! | AR21: =(U21/$U$10)*100 -> #DIV/0! | AS21: =(V21/$V$10)*100 -> #DIV/0!
A22: 11 | B22: ='INPUT DATA'!J19 -> 0 | K22: =IF(COUNT($F22:$J22)=0,"",SUM($F22:$J22)) | L22: =IF(ISERROR(IF($K22="","",ROUND(($K22/$K$10)*$L$10,2))),"",IF($K22="","",ROUND(($K22/$K$10)*$L$10,2))) | M22: =IF($L22="","",ROUND($L22*$M$10,2)) | Q22: =IF(COUNT($N22:$P22)=0,"",SUM($N22:$P22)) | R22: =IF(ISERROR(IF($Q22="","",ROUND(($Q22/$Q$10)*$R$10,2))),"",IF($Q22="","",ROUND(($Q22/$Q$10)*$R$10,2))) | S22: =IF($R22="","",ROUND($R22*$S$10,2)) | W22: =IF(OR(T22="",$T$10=""),"",(T22/$T$10)*$W$10) | X22: =IF(OR(U22="",$U$10=""),"",(U22/$U$10)*$X$10) | Y22: =IF(OR(V22="",$V$10=""),"",(V22/$V$10)*$Y$10) | Z22: =IF(COUNT($W22:$Y22)=0,"",IFERROR(ROUND((SUM($W22:$Y22)/SUM($W$10:$Y$10))*$Z$10,2),"")) | AA22: =IF($Z22="","",ROUND($Z22*$AA$10,2)) | AB22: =IF(ISERROR(IF($Z22="","",ROUND(SUM($M22,$S22,$AA22),2))),"",IF($Z22="","",ROUND(SUM($M22,$S22,$AA22),2))) | AC22: =IF(ISERROR(IF($Z22="","",VLOOKUP(AB22,NewTransmu,4,TRUE))),"",IF($Z22="","",VLOOKUP(AB22,NewTransmu,4,TRUE))) | AD22: =IF(ISERROR(IF(AC22="","",VLOOKUP(AC22,DESCRIPTORS,4,TRUE))),"",IF(AC22="","",VLOOKUP(AC22,DESCRIPTORS,4,TRUE))) | AQ22: =(T22/$T$10)*100 -> #DIV/0! | AR22: =(U22/$U$10)*100 -> #DIV/0! | AS22: =(V22/$V$10)*100 -> #DIV/0!
A23: 12 | B23: ='INPUT DATA'!J20 -> 0 | K23: =IF(COUNT($F23:$J23)=0,"",SUM($F23:$J23)) | L23: =IF(ISERROR(IF($K23="","",ROUND(($K23/$K$10)*$L$10,2))),"",IF($K23="","",ROUND(($K23/$K$10)*$L$10,2))) | M23: =IF($L23="","",ROUND($L23*$M$10,2)) | Q23: =IF(COUNT($N23:$P23)=0,"",SUM($N23:$P23)) | R23: =IF(ISERROR(IF($Q23="","",ROUND(($Q23/$Q$10)*$R$10,2))),"",IF($Q23="","",ROUND(($Q23/$Q$10)*$R$10,2))) | S23: =IF($R23="","",ROUND($R23*$S$10,2)) | W23: =IF(OR(T23="",$T$10=""),"",(T23/$T$10)*$W$10) | X23: =IF(OR(U23="",$U$10=""),"",(U23/$U$10)*$X$10) | Y23: =IF(OR(V23="",$V$10=""),"",(V23/$V$10)*$Y$10) | Z23: =IF(COUNT($W23:$Y23)=0,"",IFERROR(ROUND((SUM($W23:$Y23)/SUM($W$10:$Y$10))*$Z$10,2),"")) | AA23: =IF($Z23="","",ROUND($Z23*$AA$10,2)) | AB23: =IF(ISERROR(IF($Z23="","",ROUND(SUM($M23,$S23,$AA23),2))),"",IF($Z23="","",ROUND(SUM($M23,$S23,$AA23),2))) | AC23: =IF(ISERROR(IF($Z23="","",VLOOKUP(AB23,NewTransmu,4,TRUE))),"",IF($Z23="","",VLOOKUP(AB23,NewTransmu,4,TRUE))) | AD23: =IF(ISERROR(IF(AC23="","",VLOOKUP(AC23,DESCRIPTORS,4,TRUE))),"",IF(AC23="","",VLOOKUP(AC23,DESCRIPTORS,4,TRUE))) | AQ23: =(T23/$T$10)*100 -> #DIV/0! | AR23: =(U23/$U$10)*100 -> #DIV/0! | AS23: =(V23/$V$10)*100 -> #DIV/0!
... A61: 50 | B61: ='INPUT DATA'!J58 -> 0 | K61: =IF(COUNT($F61:$J61)=0,"",SUM($F61:$J61)) | L61: =IF(ISERROR(IF($K61="","",ROUND(($K61/$K$10)*$L$10,2))),"",IF($K61="","",ROUND(($K61/$K$10)*$L$10,2))) | M61: =IF($L61="","",ROUND($L61*$M$10,2)) | Q61: =IF(COUNT($N61:$P61)=0,"",SUM($N61:$P61)) | R61: =IF(ISERROR(IF($Q61="","",ROUND(($Q61/$Q$10)*$R$10,2))),"",IF($Q61="","",ROUND(($Q61/$Q$10)*$R$10,2))) | S61: =IF($R61="","",ROUND($R61*$S$10,2)) | W61: =IF(OR(T61="",$T$10=""),"",(T61/$T$10)*$W$10) | X61: =IF(OR(U61="",$U$10=""),"",(U61/$U$10)*$X$10) | Y61: =IF(OR(V61="",$V$10=""),"",(V61/$V$10)*$Y$10) | Z61: =IF(COUNT($W61:$Y61)=0,"",IFERROR(ROUND((SUM($W61:$Y61)/SUM($W$10:$Y$10))*$Z$10,2),"")) | AA61: =IF($Z61="","",ROUND($Z61*$AA$10,2)) | AB61: =IF(ISERROR(IF($Z61="","",ROUND(SUM($M61,$S61,$AA61),2))),"",IF($Z61="","",ROUND(SUM($M61,$S61,$AA61),2))) | AC61: =IF(ISERROR(IF($Z61="","",VLOOKUP(AB61,NewTransmu,4,TRUE))),"",IF($Z61="","",VLOOKUP(AB61,NewTransmu,4,TRUE))) | AD61: =IF(ISERROR(IF(AC61="","",VLOOKUP(AC61,DESCRIPTORS,4,TRUE))),"",IF(AC61="","",VLOOKUP(AC61,DESCRIPTORS,4,TRUE))) | AQ61: =(T61/$T$10)*100 -> #DIV/0! | AR61: =(U61/$U$10)*100 -> #DIV/0! | AS61: =(V61/$V$10)*100 -> #DIV/0!
B62: FEMALE | AQ62: =(T62/$T$10)*100 -> #DIV/0! | AR62: =(U62/$U$10)*100 -> #DIV/0! | AS62: =(V62/$V$10)*100 -> #DIV/0!
A63: 1 | B63: ='INPUT DATA'!P9 -> 0 | K63: =IF(COUNT($F63:$J63)=0,"",SUM($F63:$J63)) | L63: =IF(ISERROR(IF($K63="","",ROUND(($K63/$K$10)*$L$10,2))),"",IF($K63="","",ROUND(($K63/$K$10)*$L$10,2))) | M63: =IF($L63="","",ROUND($L63*$M$10,2)) | Q63: =IF(COUNT($N63:$P63)=0,"",SUM($N63:$P63)) | R63: =IF(ISERROR(IF($Q63="","",ROUND(($Q63/$Q$10)*$R$10,2))),"",IF($Q63="","",ROUND(($Q63/$Q$10)*$R$10,2))) | S63: =IF($R63="","",ROUND($R63*$S$10,2)) | W63: =IF(OR(T63="",$T$10=""),"",(T63/$T$10)*$W$10) | X63: =IF(OR(U63="",$U$10=""),"",(U63/$U$10)*$X$10) | Y63: =IF(OR(V63="",$V$10=""),"",(V63/$V$10)*$Y$10) | Z63: =IF(COUNT($W63:$Y63)=0,"",IFERROR(ROUND((SUM($W63:$Y63)/SUM($W$10:$Y$10))*$Z$10,2),"")) | AA63: =IF($Z63="","",ROUND($Z63*$AA$10,2)) | AB63: =IF(ISERROR(IF($Z63="","",ROUND(SUM($M63,$S63,$AA63),2))),"",IF($Z63="","",ROUND(SUM($M63,$S63,$AA63),2))) | AC63: =IF(ISERROR(IF($Z63="","",VLOOKUP(AB63,NewTransmu,4,TRUE))),"",IF($Z63="","",VLOOKUP(AB63,NewTransmu,4,TRUE))) | AD63: =IF(ISERROR(IF(AC63="","",VLOOKUP(AC63,DESCRIPTORS,4,TRUE))),"",IF(AC63="","",VLOOKUP(AC63,DESCRIPTORS,4,TRUE))) | AQ63: =(T63/$T$10)*100 -> #DIV/0! | AR63: =(U63/$U$10)*100 -> #DIV/0! | AS63: =(V63/$V$10)*100 -> #DIV/0!
A64: 2 | B64: ='INPUT DATA'!P10 -> 0 | K64: =IF(COUNT($F64:$J64)=0,"",SUM($F64:$J64)) | L64: =IF(ISERROR(IF($K64="","",ROUND(($K64/$K$10)*$L$10,2))),"",IF($K64="","",ROUND(($K64/$K$10)*$L$10,2))) | M64: =IF($L64="","",ROUND($L64*$M$10,2)) | Q64: =IF(COUNT($N64:$P64)=0,"",SUM($N64:$P64)) | R64: =IF(ISERROR(IF($Q64="","",ROUND(($Q64/$Q$10)*$R$10,2))),"",IF($Q64="","",ROUND(($Q64/$Q$10)*$R$10,2))) | S64: =IF($R64="","",ROUND($R64*$S$10,2)) | W64: =IF(OR(T64="",$T$10=""),"",(T64/$T$10)*$W$10) | X64: =IF(OR(U64="",$U$10=""),"",(U64/$U$10)*$X$10) | Y64: =IF(OR(V64="",$V$10=""),"",(V64/$V$10)*$Y$10) | Z64: =IF(COUNT($W64:$Y64)=0,"",IFERROR(ROUND((SUM($W64:$Y64)/SUM($W$10:$Y$10))*$Z$10,2),"")) | AA64: =IF($Z64="","",ROUND($Z64*$AA$10,2)) | AB64: =IF(ISERROR(IF($Z64="","",ROUND(SUM($M64,$S64,$AA64),2))),"",IF($Z64="","",ROUND(SUM($M64,$S64,$AA64),2))) | AC64: =IF(ISERROR(IF($Z64="","",VLOOKUP(AB64,NewTransmu,4,TRUE))),"",IF($Z64="","",VLOOKUP(AB64,NewTransmu,4,TRUE))) | AD64: =IF(ISERROR(IF(AC64="","",VLOOKUP(AC64,DESCRIPTORS,4,TRUE))),"",IF(AC64="","",VLOOKUP(AC64,DESCRIPTORS,4,TRUE))) | AQ64: =(T64/$T$10)*100 -> #DIV/0! | AR64: =(U64/$U$10)*100 -> #DIV/0! | AS64: =(V64/$V$10)*100 -> #DIV/0!
A65: 3 | B65: ='INPUT DATA'!P11 -> 0 | K65: =IF(COUNT($F65:$J65)=0,"",SUM($F65:$J65)) | L65: =IF(ISERROR(IF($K65="","",ROUND(($K65/$K$10)*$L$10,2))),"",IF($K65="","",ROUND(($K65/$K$10)*$L$10,2))) | M65: =IF($L65="","",ROUND($L65*$M$10,2)) | Q65: =IF(COUNT($N65:$P65)=0,"",SUM($N65:$P65)) | R65: =IF(ISERROR(IF($Q65="","",ROUND(($Q65/$Q$10)*$R$10,2))),"",IF($Q65="","",ROUND(($Q65/$Q$10)*$R$10,2))) | S65: =IF($R65="","",ROUND($R65*$S$10,2)) | W65: =IF(OR(T65="",$T$10=""),"",(T65/$T$10)*$W$10) | X65: =IF(OR(U65="",$U$10=""),"",(U65/$U$10)*$X$10) | Y65: =IF(OR(V65="",$V$10=""),"",(V65/$V$10)*$Y$10) | Z65: =IF(COUNT($W65:$Y65)=0,"",IFERROR(ROUND((SUM($W65:$Y65)/SUM($W$10:$Y$10))*$Z$10,2),"")) | AA65: =IF($Z65="","",ROUND($Z65*$AA$10,2)) | AB65: =IF(ISERROR(IF($Z65="","",ROUND(SUM($M65,$S65,$AA65),2))),"",IF($Z65="","",ROUND(SUM($M65,$S65,$AA65),2))) | AC65: =IF(ISERROR(IF($Z65="","",VLOOKUP(AB65,NewTransmu,4,TRUE))),"",IF($Z65="","",VLOOKUP(AB65,NewTransmu,4,TRUE))) | AD65: =IF(ISERROR(IF(AC65="","",VLOOKUP(AC65,DESCRIPTORS,4,TRUE))),"",IF(AC65="","",VLOOKUP(AC65,DESCRIPTORS,4,TRUE))) | AQ65: =(T65/$T$10)*100 -> #DIV/0! | AR65: =(U65/$U$10)*100 -> #DIV/0! | AS65: =(V65/$V$10)*100 -> #DIV/0!
A66: 4 | B66: ='INPUT DATA'!P12 -> 0 | K66: =IF(COUNT($F66:$J66)=0,"",SUM($F66:$J66)) | L66: =IF(ISERROR(IF($K66="","",ROUND(($K66/$K$10)*$L$10,2))),"",IF($K66="","",ROUND(($K66/$K$10)*$L$10,2))) | M66: =IF($L66="","",ROUND($L66*$M$10,2)) | Q66: =IF(COUNT($N66:$P66)=0,"",SUM($N66:$P66)) | R66: =IF(ISERROR(IF($Q66="","",ROUND(($Q66/$Q$10)*$R$10,2))),"",IF($Q66="","",ROUND(($Q66/$Q$10)*$R$10,2))) | S66: =IF($R66="","",ROUND($R66*$S$10,2)) | W66: =IF(OR(T66="",$T$10=""),"",(T66/$T$10)*$W$10) | X66: =IF(OR(U66="",$U$10=""),"",(U66/$U$10)*$X$10) | Y66: =IF(OR(V66="",$V$10=""),"",(V66/$V$10)*$Y$10) | Z66: =IF(COUNT($W66:$Y66)=0,"",IFERROR(ROUND((SUM($W66:$Y66)/SUM($W$10:$Y$10))*$Z$10,2),"")) | AA66: =IF($Z66="","",ROUND($Z66*$AA$10,2)) | AB66: =IF(ISERROR(IF($Z66="","",ROUND(SUM($M66,$S66,$AA66),2))),"",IF($Z66="","",ROUND(SUM($M66,$S66,$AA66),2))) | AC66: =IF(ISERROR(IF($Z66="","",VLOOKUP(AB66,NewTransmu,4,TRUE))),"",IF($Z66="","",VLOOKUP(AB66,NewTransmu,4,TRUE))) | AD66: =IF(ISERROR(IF(AC66="","",VLOOKUP(AC66,DESCRIPTORS,4,TRUE))),"",IF(AC66="","",VLOOKUP(AC66,DESCRIPTORS,4,TRUE))) | AQ66: =(T66/$T$10)*100 -> #DIV/0! | AR66: =(U66/$U$10)*100 -> #DIV/0! | AS66: =(V66/$V$10)*100 -> #DIV/0!
A67: 5 | B67: ='INPUT DATA'!P13 -> 0 | K67: =IF(COUNT($F67:$J67)=0,"",SUM($F67:$J67)) | L67: =IF(ISERROR(IF($K67="","",ROUND(($K67/$K$10)*$L$10,2))),"",IF($K67="","",ROUND(($K67/$K$10)*$L$10,2))) | M67: =IF($L67="","",ROUND($L67*$M$10,2)) | Q67: =IF(COUNT($N67:$P67)=0,"",SUM($N67:$P67)) | R67: =IF(ISERROR(IF($Q67="","",ROUND(($Q67/$Q$10)*$R$10,2))),"",IF($Q67="","",ROUND(($Q67/$Q$10)*$R$10,2))) | S67: =IF($R67="","",ROUND($R67*$S$10,2)) | W67: =IF(OR(T67="",$T$10=""),"",(T67/$T$10)*$W$10) | X67: =IF(OR(U67="",$U$10=""),"",(U67/$U$10)*$X$10) | Y67: =IF(OR(V67="",$V$10=""),"",(V67/$V$10)*$Y$10) | Z67: =IF(COUNT($W67:$Y67)=0,"",IFERROR(ROUND((SUM($W67:$Y67)/SUM($W$10:$Y$10))*$Z$10,2),"")) | AA67: =IF($Z67="","",ROUND($Z67*$AA$10,2)) | AB67: =IF(ISERROR(IF($Z67="","",ROUND(SUM($M67,$S67,$AA67),2))),"",IF($Z67="","",ROUND(SUM($M67,$S67,$AA67),2))) | AC67: =IF(ISERROR(IF($Z67="","",VLOOKUP(AB67,NewTransmu,4,TRUE))),"",IF($Z67="","",VLOOKUP(AB67,NewTransmu,4,TRUE))) | AD67: =IF(ISERROR(IF(AC67="","",VLOOKUP(AC67,DESCRIPTORS,4,TRUE))),"",IF(AC67="","",VLOOKUP(AC67,DESCRIPTORS,4,TRUE))) | AQ67: =(T67/$T$10)*100 -> #DIV/0! | AR67: =(U67/$U$10)*100 -> #DIV/0! | AS67: =(V67/$V$10)*100 -> #DIV/0!
A68: 6 | B68: ='INPUT DATA'!P14 -> 0 | K68: =IF(COUNT($F68:$J68)=0,"",SUM($F68:$J68)) | L68: =IF(ISERROR(IF($K68="","",ROUND(($K68/$K$10)*$L$10,2))),"",IF($K68="","",ROUND(($K68/$K$10)*$L$10,2))) | M68: =IF($L68="","",ROUND($L68*$M$10,2)) | Q68: =IF(COUNT($N68:$P68)=0,"",SUM($N68:$P68)) | R68: =IF(ISERROR(IF($Q68="","",ROUND(($Q68/$Q$10)*$R$10,2))),"",IF($Q68="","",ROUND(($Q68/$Q$10)*$R$10,2))) | S68: =IF($R68="","",ROUND($R68*$S$10,2)) | W68: =IF(OR(T68="",$T$10=""),"",(T68/$T$10)*$W$10) | X68: =IF(OR(U68="",$U$10=""),"",(U68/$U$10)*$X$10) | Y68: =IF(OR(V68="",$V$10=""),"",(V68/$V$10)*$Y$10) | Z68: =IF(COUNT($W68:$Y68)=0,"",IFERROR(ROUND((SUM($W68:$Y68)/SUM($W$10:$Y$10))*$Z$10,2),"")) | AA68: =IF($Z68="","",ROUND($Z68*$AA$10,2)) | AB68: =IF(ISERROR(IF($Z68="","",ROUND(SUM($M68,$S68,$AA68),2))),"",IF($Z68="","",ROUND(SUM($M68,$S68,$AA68),2))) | AC68: =IF(ISERROR(IF($Z68="","",VLOOKUP(AB68,NewTransmu,4,TRUE))),"",IF($Z68="","",VLOOKUP(AB68,NewTransmu,4,TRUE))) | AD68: =IF(ISERROR(IF(AC68="","",VLOOKUP(AC68,DESCRIPTORS,4,TRUE))),"",IF(AC68="","",VLOOKUP(AC68,DESCRIPTORS,4,TRUE))) | AQ68: =(T68/$T$10)*100 -> #DIV/0! | AR68: =(U68/$U$10)*100 -> #DIV/0! | AS68: =(V68/$V$10)*100 -> #DIV/0!
A69: 7 | B69: ='INPUT DATA'!P15 -> 0 | K69: =IF(COUNT($F69:$J69)=0,"",SUM($F69:$J69)) | L69: =IF(ISERROR(IF($K69="","",ROUND(($K69/$K$10)*$L$10,2))),"",IF($K69="","",ROUND(($K69/$K$10)*$L$10,2))) | M69: =IF($L69="","",ROUND($L69*$M$10,2)) | Q69: =IF(COUNT($N69:$P69)=0,"",SUM($N69:$P69)) | R69: =IF(ISERROR(IF($Q69="","",ROUND(($Q69/$Q$10)*$R$10,2))),"",IF($Q69="","",ROUND(($Q69/$Q$10)*$R$10,2))) | S69: =IF($R69="","",ROUND($R69*$S$10,2)) | W69: =IF(OR(T69="",$T$10=""),"",(T69/$T$10)*$W$10) | X69: =IF(OR(U69="",$U$10=""),"",(U69/$U$10)*$X$10) | Y69: =IF(OR(V69="",$V$10=""),"",(V69/$V$10)*$Y$10) | Z69: =IF(COUNT($W69:$Y69)=0,"",IFERROR(ROUND((SUM($W69:$Y69)/SUM($W$10:$Y$10))*$Z$10,2),"")) | AA69: =IF($Z69="","",ROUND($Z69*$AA$10,2)) | AB69: =IF(ISERROR(IF($Z69="","",ROUND(SUM($M69,$S69,$AA69),2))),"",IF($Z69="","",ROUND(SUM($M69,$S69,$AA69),2))) | AC69: =IF(ISERROR(IF($Z69="","",VLOOKUP(AB69,NewTransmu,4,TRUE))),"",IF($Z69="","",VLOOKUP(AB69,NewTransmu,4,TRUE))) | AD69: =IF(ISERROR(IF(AC69="","",VLOOKUP(AC69,DESCRIPTORS,4,TRUE))),"",IF(AC69="","",VLOOKUP(AC69,DESCRIPTORS,4,TRUE))) | AQ69: =(T69/$T$10)*100 -> #DIV/0! | AR69: =(U69/$U$10)*100 -> #DIV/0! | AS69: =(V69/$V$10)*100 -> #DIV/0!
A70: 8 | B70: ='INPUT DATA'!P16 -> 0 | K70: =IF(COUNT($F70:$J70)=0,"",SUM($F70:$J70)) | L70: =IF(ISERROR(IF($K70="","",ROUND(($K70/$K$10)*$L$10,2))),"",IF($K70="","",ROUND(($K70/$K$10)*$L$10,2))) | M70: =IF($L70="","",ROUND($L70*$M$10,2)) | Q70: =IF(COUNT($N70:$P70)=0,"",SUM($N70:$P70)) | R70: =IF(ISERROR(IF($Q70="","",ROUND(($Q70/$Q$10)*$R$10,2))),"",IF($Q70="","",ROUND(($Q70/$Q$10)*$R$10,2))) | S70: =IF($R70="","",ROUND($R70*$S$10,2)) | W70: =IF(OR(T70="",$T$10=""),"",(T70/$T$10)*$W$10) | X70: =IF(OR(U70="",$U$10=""),"",(U70/$U$10)*$X$10) | Y70: =IF(OR(V70="",$V$10=""),"",(V70/$V$10)*$Y$10) | Z70: =IF(COUNT($W70:$Y70)=0,"",IFERROR(ROUND((SUM($W70:$Y70)/SUM($W$10:$Y$10))*$Z$10,2),"")) | AA70: =IF($Z70="","",ROUND($Z70*$AA$10,2)) | AB70: =IF(ISERROR(IF($Z70="","",ROUND(SUM($M70,$S70,$AA70),2))),"",IF($Z70="","",ROUND(SUM($M70,$S70,$AA70),2))) | AC70: =IF(ISERROR(IF($Z70="","",VLOOKUP(AB70,NewTransmu,4,TRUE))),"",IF($Z70="","",VLOOKUP(AB70,NewTransmu,4,TRUE))) | AD70: =IF(ISERROR(IF(AC70="","",VLOOKUP(AC70,DESCRIPTORS,4,TRUE))),"",IF(AC70="","",VLOOKUP(AC70,DESCRIPTORS,4,TRUE))) | AQ70: =(T70/$T$10)*100 -> #DIV/0! | AR70: =(U70/$U$10)*100 -> #DIV/0! | AS70: =(V70/$V$10)*100 -> #DIV/0!
A71: 9 | B71: ='INPUT DATA'!P17 -> 0 | K71: =IF(COUNT($F71:$J71)=0,"",SUM($F71:$J71)) | L71: =IF(ISERROR(IF($K71="","",ROUND(($K71/$K$10)*$L$10,2))),"",IF($K71="","",ROUND(($K71/$K$10)*$L$10,2))) | M71: =IF($L71="","",ROUND($L71*$M$10,2)) | Q71: =IF(COUNT($N71:$P71)=0,"",SUM($N71:$P71)) | R71: =IF(ISERROR(IF($Q71="","",ROUND(($Q71/$Q$10)*$R$10,2))),"",IF($Q71="","",ROUND(($Q71/$Q$10)*$R$10,2))) | S71: =IF($R71="","",ROUND($R71*$S$10,2)) | W71: =IF(OR(T71="",$T$10=""),"",(T71/$T$10)*$W$10) | X71: =IF(OR(U71="",$U$10=""),"",(U71/$U$10)*$X$10) | Y71: =IF(OR(V71="",$V$10=""),"",(V71/$V$10)*$Y$10) | Z71: =IF(COUNT($W71:$Y71)=0,"",IFERROR(ROUND((SUM($W71:$Y71)/SUM($W$10:$Y$10))*$Z$10,2),"")) | AA71: =IF($Z71="","",ROUND($Z71*$AA$10,2)) | AB71: =IF(ISERROR(IF($Z71="","",ROUND(SUM($M71,$S71,$AA71),2))),"",IF($Z71="","",ROUND(SUM($M71,$S71,$AA71),2))) | AC71: =IF(ISERROR(IF($Z71="","",VLOOKUP(AB71,NewTransmu,4,TRUE))),"",IF($Z71="","",VLOOKUP(AB71,NewTransmu,4,TRUE))) | AD71: =IF(ISERROR(IF(AC71="","",VLOOKUP(AC71,DESCRIPTORS,4,TRUE))),"",IF(AC71="","",VLOOKUP(AC71,DESCRIPTORS,4,TRUE))) | AQ71: =(T71/$T$10)*100 -> #DIV/0! | AR71: =(U71/$U$10)*100 -> #DIV/0! | AS71: =(V71/$V$10)*100 -> #DIV/0!
A72: 10 | B72: ='INPUT DATA'!P18 -> 0 | K72: =IF(COUNT($F72:$J72)=0,"",SUM($F72:$J72)) | L72: =IF(ISERROR(IF($K72="","",ROUND(($K72/$K$10)*$L$10,2))),"",IF($K72="","",ROUND(($K72/$K$10)*$L$10,2))) | M72: =IF($L72="","",ROUND($L72*$M$10,2)) | Q72: =IF(COUNT($N72:$P72)=0,"",SUM($N72:$P72)) | R72: =IF(ISERROR(IF($Q72="","",ROUND(($Q72/$Q$10)*$R$10,2))),"",IF($Q72="","",ROUND(($Q72/$Q$10)*$R$10,2))) | S72: =IF($R72="","",ROUND($R72*$S$10,2)) | W72: =IF(OR(T72="",$T$10=""),"",(T72/$T$10)*$W$10) | X72: =IF(OR(U72="",$U$10=""),"",(U72/$U$10)*$X$10) | Y72: =IF(OR(V72="",$V$10=""),"",(V72/$V$10)*$Y$10) | Z72: =IF(COUNT($W72:$Y72)=0,"",IFERROR(ROUND((SUM($W72:$Y72)/SUM($W$10:$Y$10))*$Z$10,2),"")) | AA72: =IF($Z72="","",ROUND($Z72*$AA$10,2)) | AB72: =IF(ISERROR(IF($Z72="","",ROUND(SUM($M72,$S72,$AA72),2))),"",IF($Z72="","",ROUND(SUM($M72,$S72,$AA72),2))) | AC72: =IF(ISERROR(IF($Z72="","",VLOOKUP(AB72,NewTransmu,4,TRUE))),"",IF($Z72="","",VLOOKUP(AB72,NewTransmu,4,TRUE))) | AD72: =IF(ISERROR(IF(AC72="","",VLOOKUP(AC72,DESCRIPTORS,4,TRUE))),"",IF(AC72="","",VLOOKUP(AC72,DESCRIPTORS,4,TRUE))) | AQ72: =(T72/$T$10)*100 -> #DIV/0! | AR72: =(U72/$U$10)*100 -> #DIV/0! | AS72: =(V72/$V$10)*100 -> #DIV/0!
A73: 11 | B73: ='INPUT DATA'!P19 -> 0 | K73: =IF(COUNT($F73:$J73)=0,"",SUM($F73:$J73)) | L73: =IF(ISERROR(IF($K73="","",ROUND(($K73/$K$10)*$L$10,2))),"",IF($K73="","",ROUND(($K73/$K$10)*$L$10,2))) | M73: =IF($L73="","",ROUND($L73*$M$10,2)) | Q73: =IF(COUNT($N73:$P73)=0,"",SUM($N73:$P73)) | R73: =IF(ISERROR(IF($Q73="","",ROUND(($Q73/$Q$10)*$R$10,2))),"",IF($Q73="","",ROUND(($Q73/$Q$10)*$R$10,2))) | S73: =IF($R73="","",ROUND($R73*$S$10,2)) | W73: =IF(OR(T73="",$T$10=""),"",(T73/$T$10)*$W$10) | X73: =IF(OR(U73="",$U$10=""),"",(U73/$U$10)*$X$10) | Y73: =IF(OR(V73="",$V$10=""),"",(V73/$V$10)*$Y$10) | Z73: =IF(COUNT($W73:$Y73)=0,"",IFERROR(ROUND((SUM($W73:$Y73)/SUM($W$10:$Y$10))*$Z$10,2),"")) | AA73: =IF($Z73="","",ROUND($Z73*$AA$10,2)) | AB73: =IF(ISERROR(IF($Z73="","",ROUND(SUM($M73,$S73,$AA73),2))),"",IF($Z73="","",ROUND(SUM($M73,$S73,$AA73),2))) | AC73: =IF(ISERROR(IF($Z73="","",VLOOKUP(AB73,NewTransmu,4,TRUE))),"",IF($Z73="","",VLOOKUP(AB73,NewTransmu,4,TRUE))) | AD73: =IF(ISERROR(IF(AC73="","",VLOOKUP(AC73,DESCRIPTORS,4,TRUE))),"",IF(AC73="","",VLOOKUP(AC73,DESCRIPTORS,4,TRUE))) | AQ73: =(T73/$T$10)*100 -> #DIV/0! | AR73: =(U73/$U$10)*100 -> #DIV/0! | AS73: =(V73/$V$10)*100 -> #DIV/0!
A74: 12 | B74: ='INPUT DATA'!P20 -> 0 | K74: =IF(COUNT($F74:$J74)=0,"",SUM($F74:$J74)) | L74: =IF(ISERROR(IF($K74="","",ROUND(($K74/$K$10)*$L$10,2))),"",IF($K74="","",ROUND(($K74/$K$10)*$L$10,2))) | M74: =IF($L74="","",ROUND($L74*$M$10,2)) | Q74: =IF(COUNT($N74:$P74)=0,"",SUM($N74:$P74)) | R74: =IF(ISERROR(IF($Q74="","",ROUND(($Q74/$Q$10)*$R$10,2))),"",IF($Q74="","",ROUND(($Q74/$Q$10)*$R$10,2))) | S74: =IF($R74="","",ROUND($R74*$S$10,2)) | W74: =IF(OR(T74="",$T$10=""),"",(T74/$T$10)*$W$10) | X74: =IF(OR(U74="",$U$10=""),"",(U74/$U$10)*$X$10) | Y74: =IF(OR(V74="",$V$10=""),"",(V74/$V$10)*$Y$10) | Z74: =IF(COUNT($W74:$Y74)=0,"",IFERROR(ROUND((SUM($W74:$Y74)/SUM($W$10:$Y$10))*$Z$10,2),"")) | AA74: =IF($Z74="","",ROUND($Z74*$AA$10,2)) | AB74: =IF(ISERROR(IF($Z74="","",ROUND(SUM($M74,$S74,$AA74),2))),"",IF($Z74="","",ROUND(SUM($M74,$S74,$AA74),2))) | AC74: =IF(ISERROR(IF($Z74="","",VLOOKUP(AB74,NewTransmu,4,TRUE))),"",IF($Z74="","",VLOOKUP(AB74,NewTransmu,4,TRUE))) | AD74: =IF(ISERROR(IF(AC74="","",VLOOKUP(AC74,DESCRIPTORS,4,TRUE))),"",IF(AC74="","",VLOOKUP(AC74,DESCRIPTORS,4,TRUE))) | AQ74: =(T74/$T$10)*100 -> #DIV/0! | AR74: =(U74/$U$10)*100 -> #DIV/0! | AS74: =(V74/$V$10)*100 -> #DIV/0!
... A112: 50 | B112: ='INPUT DATA'!P58 -> 0 | K112: =IF(COUNT($F112:$J112)=0,"",SUM($F112:$J112)) | L112: =IF(ISERROR(IF($K112="","",ROUND(($K112/$K$10)*$L$10,2))),"",IF($K112="","",ROUND(($K112/$K$10)*$L$10,2))) | M112: =IF($L112="","",ROUND($L112*$M$10,2)) | Q112: =IF(COUNT($N112:$P112)=0,"",SUM($N112:$P112)) | R112: =IF(ISERROR(IF($Q112="","",ROUND(($Q112/$Q$10)*$R$10,2))),"",IF($Q112="","",ROUND(($Q112/$Q$10)*$R$10,2))) | S112: =IF($R112="","",ROUND($R112*$S$10,2)) | W112: =IF(OR(T112="",$T$10=""),"",(T112/$T$10)*$W$10) | X112: =IF(OR(U112="",$U$10=""),"",(U112/$U$10)*$X$10) | Y112: =IF(OR(V112="",$V$10=""),"",(V112/$V$10)*$Y$10) | Z112: =IF(COUNT($W112:$Y112)=0,"",IFERROR(ROUND((SUM($W112:$Y112)/SUM($W$10:$Y$10))*$Z$10,2),"")) | AA112: =IF($Z112="","",ROUND($Z112*$AA$10,2)) | AB112: =IF(ISERROR(IF($Z112="","",ROUND(SUM($M112,$S112,$AA112),2))),"",IF($Z112="","",ROUND(SUM($M112,$S112,$AA112),2))) | AC112: =IF(ISERROR(IF($Z112="","",VLOOKUP(AB112,NewTransmu,4,TRUE))),"",IF($Z112="","",VLOOKUP(AB112,NewTransmu,4,TRUE))) | AD112: =IF(ISERROR(IF(AC112="","",VLOOKUP(AC112,DESCRIPTORS,4,TRUE))),"",IF(AC112="","",VLOOKUP(AC112,DESCRIPTORS,4,TRUE))) | AQ112: =(T112/$T$10)*100 -> #DIV/0! | AR112: =(U112/$U$10)*100 -> #DIV/0! | AS112: =(V112/$V$10)*100 -> #DIV/0!

Sheet MAPEH_T2
A1: Summary of Term 2 Grades
B5: REGION | G5: ='INPUT DATA'!E8 -> X | L5: DIVISION | O5: ='INPUT DATA'!E9 -> EDUCATORS FILES
B6: SCHOOL NAME | G6: ='INPUT DATA'!E10 -> EFILES NATIONAL HIGH SCHOOL | S6: SCHOOL ID | W6: ='INPUT DATA'!E11 -> 123456
B8: LEARNERS' NAMES | F8: GRADE & SECTION: | K8: ='INPUT DATA'!E14 -> VI - MASIPAG | S8: SCHOOL YEAR: | W8: ='INPUT DATA'!E12 -> 2026-2027
F9: TEACHER: | K9: ='INPUT DATA'!E17 -> SAMUEL A. SILVERIO | S9: SUBJECT: | W9: ='INPUT DATA'!E15 -> MAPEH
F10: MUSIC & ARTS (TERM 2) | J10: PE & HEALTH (TERM 2) | N10: MAPEH (TERM 2 GRADE) | V10: DESCRIPTOR
AJ11: ST1 | AK11: ST2 | AL11: TE | AN11: ST1 | AO11: ST2 | AP11: TE
B12: MALE | AJ12: =IF(COUNT(MA_T2!T10,PEH_T2!T10)=0,"",MA_T2!T10+PEH_T2!T10) | AK12: =IF(COUNT(MA_T2!U10,PEH_T2!U10)=0,"",MA_T2!U10+PEH_T2!U10) | AL12: =IF(COUNT(MA_T2!V10,PEH_T2!V10)=0,"",MA_T2!V10+PEH_T2!V10)
A13: 1 | B13: ='INPUT DATA'!J9 -> 0 | F13: =MA_T2!AC12 | J13: =PEH_T2!AC12 | N13: =IF(COUNT(F13,J13)<2,"",ROUND(AVERAGE(F13,J13),0)) | V13: =IFERROR(VLOOKUP(N13,DESCRIPTORS,4,TRUE),"") | AJ13: =IF(COUNT(MA_T2!T12,PEH_T2!T12)=0,"",MA_T2!T12+PEH_T2!T12) | AK13: =IF(COUNT(MA_T2!U12,PEH_T2!U12)=0,"",MA_T2!U12+PEH_T2!U12) | AL13: =IF(COUNT(MA_T2!V12,PEH_T2!V12)=0,"",MA_T2!V12+PEH_T2!V12) | AN13: =IF(AJ13="","",IF($AJ$12=0,"",(AJ13/$AJ$12)*100)) | AO13: =IF(AK13="","",IF($AK$12=0,"",(AK13/$AK$12)*100)) | AP13: =IF(AL13="","",IF($AL$12=0,"",(AL13/$AL$12)*100))
A14: 2 | B14: ='INPUT DATA'!J10 -> 0 | F14: =MA_T2!AC13 | J14: =PEH_T2!AC13 | N14: =IF(COUNT(F14,J14)<2,"",ROUND(AVERAGE(F14,J14),0)) | V14: =IFERROR(VLOOKUP(N14,DESCRIPTORS,4,TRUE),"") | AJ14: =IF(COUNT(MA_T2!T13,PEH_T2!T13)=0,"",MA_T2!T13+PEH_T2!T13) | AK14: =IF(COUNT(MA_T2!U13,PEH_T2!U13)=0,"",MA_T2!U13+PEH_T2!U13) | AL14: =IF(COUNT(MA_T2!V13,PEH_T2!V13)=0,"",MA_T2!V13+PEH_T2!V13) | AN14: =IF(AJ14="","",IF($AJ$12=0,"",(AJ14/$AJ$12)*100)) | AO14: =IF(AK14="","",IF($AK$12=0,"",(AK14/$AK$12)*100)) | AP14: =IF(AL14="","",IF($AL$12=0,"",(AL14/$AL$12)*100))
A15: 3 | B15: ='INPUT DATA'!J11 -> 0 | F15: =MA_T2!AC14 | J15: =PEH_T2!AC14 | N15: =IF(COUNT(F15,J15)<2,"",ROUND(AVERAGE(F15,J15),0)) | V15: =IFERROR(VLOOKUP(N15,DESCRIPTORS,4,TRUE),"") | AJ15: =IF(COUNT(MA_T2!T14,PEH_T2!T14)=0,"",MA_T2!T14+PEH_T2!T14) | AK15: =IF(COUNT(MA_T2!U14,PEH_T2!U14)=0,"",MA_T2!U14+PEH_T2!U14) | AL15: =IF(COUNT(MA_T2!V14,PEH_T2!V14)=0,"",MA_T2!V14+PEH_T2!V14) | AN15: =IF(AJ15="","",IF($AJ$12=0,"",(AJ15/$AJ$12)*100)) | AO15: =IF(AK15="","",IF($AK$12=0,"",(AK15/$AK$12)*100)) | AP15: =IF(AL15="","",IF($AL$12=0,"",(AL15/$AL$12)*100))
A16: 4 | B16: ='INPUT DATA'!J12 -> 0 | F16: =MA_T2!AC15 | J16: =PEH_T2!AC15 | N16: =IF(COUNT(F16,J16)<2,"",ROUND(AVERAGE(F16,J16),0)) | V16: =IFERROR(VLOOKUP(N16,DESCRIPTORS,4,TRUE),"") | AJ16: =IF(COUNT(MA_T2!T15,PEH_T2!T15)=0,"",MA_T2!T15+PEH_T2!T15) | AK16: =IF(COUNT(MA_T2!U15,PEH_T2!U15)=0,"",MA_T2!U15+PEH_T2!U15) | AL16: =IF(COUNT(MA_T2!V15,PEH_T2!V15)=0,"",MA_T2!V15+PEH_T2!V15) | AN16: =IF(AJ16="","",IF($AJ$12=0,"",(AJ16/$AJ$12)*100)) | AO16: =IF(AK16="","",IF($AK$12=0,"",(AK16/$AK$12)*100)) | AP16: =IF(AL16="","",IF($AL$12=0,"",(AL16/$AL$12)*100))
A17: 5 | B17: ='INPUT DATA'!J13 -> 0 | F17: =MA_T2!AC16 | J17: =PEH_T2!AC16 | N17: =IF(COUNT(F17,J17)<2,"",ROUND(AVERAGE(F17,J17),0)) | V17: =IFERROR(VLOOKUP(N17,DESCRIPTORS,4,TRUE),"") | AJ17: =IF(COUNT(MA_T2!T16,PEH_T2!T16)=0,"",MA_T2!T16+PEH_T2!T16) | AK17: =IF(COUNT(MA_T2!U16,PEH_T2!U16)=0,"",MA_T2!U16+PEH_T2!U16) | AL17: =IF(COUNT(MA_T2!V16,PEH_T2!V16)=0,"",MA_T2!V16+PEH_T2!V16) | AN17: =IF(AJ17="","",IF($AJ$12=0,"",(AJ17/$AJ$12)*100)) | AO17: =IF(AK17="","",IF($AK$12=0,"",(AK17/$AK$12)*100)) | AP17: =IF(AL17="","",IF($AL$12=0,"",(AL17/$AL$12)*100))
A18: 6 | B18: ='INPUT DATA'!J14 -> 0 | F18: =MA_T2!AC17 | J18: =PEH_T2!AC17 | N18: =IF(COUNT(F18,J18)<2,"",ROUND(AVERAGE(F18,J18),0)) | V18: =IFERROR(VLOOKUP(N18,DESCRIPTORS,4,TRUE),"") | AJ18: =IF(COUNT(MA_T2!T17,PEH_T2!T17)=0,"",MA_T2!T17+PEH_T2!T17) | AK18: =IF(COUNT(MA_T2!U17,PEH_T2!U17)=0,"",MA_T2!U17+PEH_T2!U17) | AL18: =IF(COUNT(MA_T2!V17,PEH_T2!V17)=0,"",MA_T2!V17+PEH_T2!V17) | AN18: =IF(AJ18="","",IF($AJ$12=0,"",(AJ18/$AJ$12)*100)) | AO18: =IF(AK18="","",IF($AK$12=0,"",(AK18/$AK$12)*100)) | AP18: =IF(AL18="","",IF($AL$12=0,"",(AL18/$AL$12)*100))
A19: 7 | B19: ='INPUT DATA'!J15 -> 0 | F19: =MA_T2!AC18 | J19: =PEH_T2!AC18 | N19: =IF(COUNT(F19,J19)<2,"",ROUND(AVERAGE(F19,J19),0)) | V19: =IFERROR(VLOOKUP(N19,DESCRIPTORS,4,TRUE),"") | AJ19: =IF(COUNT(MA_T2!T18,PEH_T2!T18)=0,"",MA_T2!T18+PEH_T2!T18) | AK19: =IF(COUNT(MA_T2!U18,PEH_T2!U18)=0,"",MA_T2!U18+PEH_T2!U18) | AL19: =IF(COUNT(MA_T2!V18,PEH_T2!V18)=0,"",MA_T2!V18+PEH_T2!V18) | AN19: =IF(AJ19="","",IF($AJ$12=0,"",(AJ19/$AJ$12)*100)) | AO19: =IF(AK19="","",IF($AK$12=0,"",(AK19/$AK$12)*100)) | AP19: =IF(AL19="","",IF($AL$12=0,"",(AL19/$AL$12)*100))
A20: 8 | B20: ='INPUT DATA'!J16 -> 0 | D20: 0 | F20: =MA_T2!AC19 | J20: =PEH_T2!AC19 | N20: =IF(COUNT(F20,J20)<2,"",ROUND(AVERAGE(F20,J20),0)) | V20: =IFERROR(VLOOKUP(N20,DESCRIPTORS,4,TRUE),"") | AJ20: =IF(COUNT(MA_T2!T19,PEH_T2!T19)=0,"",MA_T2!T19+PEH_T2!T19) | AK20: =IF(COUNT(MA_T2!U19,PEH_T2!U19)=0,"",MA_T2!U19+PEH_T2!U19) | AL20: =IF(COUNT(MA_T2!V19,PEH_T2!V19)=0,"",MA_T2!V19+PEH_T2!V19) | AN20: =IF(AJ20="","",IF($AJ$12=0,"",(AJ20/$AJ$12)*100)) | AO20: =IF(AK20="","",IF($AK$12=0,"",(AK20/$AK$12)*100)) | AP20: =IF(AL20="","",IF($AL$12=0,"",(AL20/$AL$12)*100))
A21: 9 | B21: ='INPUT DATA'!J17 -> 0 | F21: =MA_T2!AC20 | J21: =PEH_T2!AC20 | N21: =IF(COUNT(F21,J21)<2,"",ROUND(AVERAGE(F21,J21),0)) | V21: =IFERROR(VLOOKUP(N21,DESCRIPTORS,4,TRUE),"") | AJ21: =IF(COUNT(MA_T2!T20,PEH_T2!T20)=0,"",MA_T2!T20+PEH_T2!T20) | AK21: =IF(COUNT(MA_T2!U20,PEH_T2!U20)=0,"",MA_T2!U20+PEH_T2!U20) | AL21: =IF(COUNT(MA_T2!V20,PEH_T2!V20)=0,"",MA_T2!V20+PEH_T2!V20) | AN21: =IF(AJ21="","",IF($AJ$12=0,"",(AJ21/$AJ$12)*100)) | AO21: =IF(AK21="","",IF($AK$12=0,"",(AK21/$AK$12)*100)) | AP21: =IF(AL21="","",IF($AL$12=0,"",(AL21/$AL$12)*100))
A22: 10 | B22: ='INPUT DATA'!J18 -> 0 | F22: =MA_T2!AC21 | J22: =PEH_T2!AC21 | N22: =IF(COUNT(F22,J22)<2,"",ROUND(AVERAGE(F22,J22),0)) | V22: =IFERROR(VLOOKUP(N22,DESCRIPTORS,4,TRUE),"") | AJ22: =IF(COUNT(MA_T2!T21,PEH_T2!T21)=0,"",MA_T2!T21+PEH_T2!T21) | AK22: =IF(COUNT(MA_T2!U21,PEH_T2!U21)=0,"",MA_T2!U21+PEH_T2!U21) | AL22: =IF(COUNT(MA_T2!V21,PEH_T2!V21)=0,"",MA_T2!V21+PEH_T2!V21) | AN22: =IF(AJ22="","",IF($AJ$12=0,"",(AJ22/$AJ$12)*100)) | AO22: =IF(AK22="","",IF($AK$12=0,"",(AK22/$AK$12)*100)) | AP22: =IF(AL22="","",IF($AL$12=0,"",(AL22/$AL$12)*100))
A23: 11 | B23: ='INPUT DATA'!J19 -> 0 | D23: 0 | F23: =MA_T2!AC22 | J23: =PEH_T2!AC22 | N23: =IF(COUNT(F23,J23)<2,"",ROUND(AVERAGE(F23,J23),0)) | V23: =IFERROR(VLOOKUP(N23,DESCRIPTORS,4,TRUE),"") | AJ23: =IF(COUNT(MA_T2!T22,PEH_T2!T22)=0,"",MA_T2!T22+PEH_T2!T22) | AK23: =IF(COUNT(MA_T2!U22,PEH_T2!U22)=0,"",MA_T2!U22+PEH_T2!U22) | AL23: =IF(COUNT(MA_T2!V22,PEH_T2!V22)=0,"",MA_T2!V22+PEH_T2!V22) | AN23: =IF(AJ23="","",IF($AJ$12=0,"",(AJ23/$AJ$12)*100)) | AO23: =IF(AK23="","",IF($AK$12=0,"",(AK23/$AK$12)*100)) | AP23: =IF(AL23="","",IF($AL$12=0,"",(AL23/$AL$12)*100))
A24: 12 | B24: ='INPUT DATA'!J20 -> 0 | F24: =MA_T2!AC23 | J24: =PEH_T2!AC23 | N24: =IF(COUNT(F24,J24)<2,"",ROUND(AVERAGE(F24,J24),0)) | V24: =IFERROR(VLOOKUP(N24,DESCRIPTORS,4,TRUE),"") | AJ24: =IF(COUNT(MA_T2!T23,PEH_T2!T23)=0,"",MA_T2!T23+PEH_T2!T23) | AK24: =IF(COUNT(MA_T2!U23,PEH_T2!U23)=0,"",MA_T2!U23+PEH_T2!U23) | AL24: =IF(COUNT(MA_T2!V23,PEH_T2!V23)=0,"",MA_T2!V23+PEH_T2!V23) | AN24: =IF(AJ24="","",IF($AJ$12=0,"",(AJ24/$AJ$12)*100)) | AO24: =IF(AK24="","",IF($AK$12=0,"",(AK24/$AK$12)*100)) | AP24: =IF(AL24="","",IF($AL$12=0,"",(AL24/$AL$12)*100))
A25: 13 | B25: ='INPUT DATA'!J21 -> 0 | F25: =MA_T2!AC24 | J25: =PEH_T2!AC24 | N25: =IF(COUNT(F25,J25)<2,"",ROUND(AVERAGE(F25,J25),0)) | V25: =IFERROR(VLOOKUP(N25,DESCRIPTORS,4,TRUE),"") | AJ25: =IF(COUNT(MA_T2!T24,PEH_T2!T24)=0,"",MA_T2!T24+PEH_T2!T24) | AK25: =IF(COUNT(MA_T2!U24,PEH_T2!U24)=0,"",MA_T2!U24+PEH_T2!U24) | AL25: =IF(COUNT(MA_T2!V24,PEH_T2!V24)=0,"",MA_T2!V24+PEH_T2!V24) | AN25: =IF(AJ25="","",IF($AJ$12=0,"",(AJ25/$AJ$12)*100)) | AO25: =IF(AK25="","",IF($AK$12=0,"",(AK25/$AK$12)*100)) | AP25: =IF(AL25="","",IF($AL$12=0,"",(AL25/$AL$12)*100))
A26: 14 | B26: ='INPUT DATA'!J22 -> 0 | F26: =MA_T2!AC25 | J26: =PEH_T2!AC25 | N26: =IF(COUNT(F26,J26)<2,"",ROUND(AVERAGE(F26,J26),0)) | V26: =IFERROR(VLOOKUP(N26,DESCRIPTORS,4,TRUE),"") | AJ26: =IF(COUNT(MA_T2!T25,PEH_T2!T25)=0,"",MA_T2!T25+PEH_T2!T25) | AK26: =IF(COUNT(MA_T2!U25,PEH_T2!U25)=0,"",MA_T2!U25+PEH_T2!U25) | AL26: =IF(COUNT(MA_T2!V25,PEH_T2!V25)=0,"",MA_T2!V25+PEH_T2!V25) | AN26: =IF(AJ26="","",IF($AJ$12=0,"",(AJ26/$AJ$12)*100)) | AO26: =IF(AK26="","",IF($AK$12=0,"",(AK26/$AK$12)*100)) | AP26: =IF(AL26="","",IF($AL$12=0,"",(AL26/$AL$12)*100))
A27: 15 | B27: ='INPUT DATA'!J23 -> 0 | F27: =MA_T2!AC26 | J27: =PEH_T2!AC26 | N27: =IF(COUNT(F27,J27)<2,"",ROUND(AVERAGE(F27,J27),0)) | V27: =IFERROR(VLOOKUP(N27,DESCRIPTORS,4,TRUE),"") | AJ27: =IF(COUNT(MA_T2!T26,PEH_T2!T26)=0,"",MA_T2!T26+PEH_T2!T26) | AK27: =IF(COUNT(MA_T2!U26,PEH_T2!U26)=0,"",MA_T2!U26+PEH_T2!U26) | AL27: =IF(COUNT(MA_T2!V26,PEH_T2!V26)=0,"",MA_T2!V26+PEH_T2!V26) | AN27: =IF(AJ27="","",IF($AJ$12=0,"",(AJ27/$AJ$12)*100)) | AO27: =IF(AK27="","",IF($AK$12=0,"",(AK27/$AK$12)*100)) | AP27: =IF(AL27="","",IF($AL$12=0,"",(AL27/$AL$12)*100))
A28: 16 | B28: ='INPUT DATA'!J24 -> 0 | F28: =MA_T2!AC27 | J28: =PEH_T2!AC27 | N28: =IF(COUNT(F28,J28)<2,"",ROUND(AVERAGE(F28,J28),0)) | V28: =IFERROR(VLOOKUP(N28,DESCRIPTORS,4,TRUE),"") | AJ28: =IF(COUNT(MA_T2!T27,PEH_T2!T27)=0,"",MA_T2!T27+PEH_T2!T27) | AK28: =IF(COUNT(MA_T2!U27,PEH_T2!U27)=0,"",MA_T2!U27+PEH_T2!U27) | AL28: =IF(COUNT(MA_T2!V27,PEH_T2!V27)=0,"",MA_T2!V27+PEH_T2!V27) | AN28: =IF(AJ28="","",IF($AJ$12=0,"",(AJ28/$AJ$12)*100)) | AO28: =IF(AK28="","",IF($AK$12=0,"",(AK28/$AK$12)*100)) | AP28: =IF(AL28="","",IF($AL$12=0,"",(AL28/$AL$12)*100))
A29: 17 | B29: ='INPUT DATA'!J25 -> 0 | F29: =MA_T2!AC28 | J29: =PEH_T2!AC28 | N29: =IF(COUNT(F29,J29)<2,"",ROUND(AVERAGE(F29,J29),0)) | V29: =IFERROR(VLOOKUP(N29,DESCRIPTORS,4,TRUE),"") | AJ29: =IF(COUNT(MA_T2!T28,PEH_T2!T28)=0,"",MA_T2!T28+PEH_T2!T28) | AK29: =IF(COUNT(MA_T2!U28,PEH_T2!U28)=0,"",MA_T2!U28+PEH_T2!U28) | AL29: =IF(COUNT(MA_T2!V28,PEH_T2!V28)=0,"",MA_T2!V28+PEH_T2!V28) | AN29: =IF(AJ29="","",IF($AJ$12=0,"",(AJ29/$AJ$12)*100)) | AO29: =IF(AK29="","",IF($AK$12=0,"",(AK29/$AK$12)*100)) | AP29: =IF(AL29="","",IF($AL$12=0,"",(AL29/$AL$12)*100))
A30: 18 | B30: ='INPUT DATA'!J26 -> 0 | F30: =MA_T2!AC29 | J30: =PEH_T2!AC29 | N30: =IF(COUNT(F30,J30)<2,"",ROUND(AVERAGE(F30,J30),0)) | V30: =IFERROR(VLOOKUP(N30,DESCRIPTORS,4,TRUE),"") | AJ30: =IF(COUNT(MA_T2!T29,PEH_T2!T29)=0,"",MA_T2!T29+PEH_T2!T29) | AK30: =IF(COUNT(MA_T2!U29,PEH_T2!U29)=0,"",MA_T2!U29+PEH_T2!U29) | AL30: =IF(COUNT(MA_T2!V29,PEH_T2!V29)=0,"",MA_T2!V29+PEH_T2!V29) | AN30: =IF(AJ30="","",IF($AJ$12=0,"",(AJ30/$AJ$12)*100)) | AO30: =IF(AK30="","",IF($AK$12=0,"",(AK30/$AK$12)*100)) | AP30: =IF(AL30="","",IF($AL$12=0,"",(AL30/$AL$12)*100))
A31: 19 | B31: ='INPUT DATA'!J27 -> 0 | F31: =MA_T2!AC30 | J31: =PEH_T2!AC30 | N31: =IF(COUNT(F31,J31)<2,"",ROUND(AVERAGE(F31,J31),0)) | V31: =IFERROR(VLOOKUP(N31,DESCRIPTORS,4,TRUE),"") | AJ31: =IF(COUNT(MA_T2!T30,PEH_T2!T30)=0,"",MA_T2!T30+PEH_T2!T30) | AK31: =IF(COUNT(MA_T2!U30,PEH_T2!U30)=0,"",MA_T2!U30+PEH_T2!U30) | AL31: =IF(COUNT(MA_T2!V30,PEH_T2!V30)=0,"",MA_T2!V30+PEH_T2!V30) | AN31: =IF(AJ31="","",IF($AJ$12=0,"",(AJ31/$AJ$12)*100)) | AO31: =IF(AK31="","",IF($AK$12=0,"",(AK31/$AK$12)*100)) | AP31: =IF(AL31="","",IF($AL$12=0,"",(AL31/$AL$12)*100))
A32: 20 | B32: ='INPUT DATA'!J28 -> 0 | F32: =MA_T2!AC31 | J32: =PEH_T2!AC31 | N32: =IF(COUNT(F32,J32)<2,"",ROUND(AVERAGE(F32,J32),0)) | V32: =IFERROR(VLOOKUP(N32,DESCRIPTORS,4,TRUE),"") | AJ32: =IF(COUNT(MA_T2!T31,PEH_T2!T31)=0,"",MA_T2!T31+PEH_T2!T31) | AK32: =IF(COUNT(MA_T2!U31,PEH_T2!U31)=0,"",MA_T2!U31+PEH_T2!U31) | AL32: =IF(COUNT(MA_T2!V31,PEH_T2!V31)=0,"",MA_T2!V31+PEH_T2!V31) | AN32: =IF(AJ32="","",IF($AJ$12=0,"",(AJ32/$AJ$12)*100)) | AO32: =IF(AK32="","",IF($AK$12=0,"",(AK32/$AK$12)*100)) | AP32: =IF(AL32="","",IF($AL$12=0,"",(AL32/$AL$12)*100))
A33: 21 | B33: ='INPUT DATA'!J29 -> 0 | F33: =MA_T2!AC32 | J33: =PEH_T2!AC32 | N33: =IF(COUNT(F33,J33)<2,"",ROUND(AVERAGE(F33,J33),0)) | V33: =IFERROR(VLOOKUP(N33,DESCRIPTORS,4,TRUE),"") | AJ33: =IF(COUNT(MA_T2!T32,PEH_T2!T32)=0,"",MA_T2!T32+PEH_T2!T32) | AK33: =IF(COUNT(MA_T2!U32,PEH_T2!U32)=0,"",MA_T2!U32+PEH_T2!U32) | AL33: =IF(COUNT(MA_T2!V32,PEH_T2!V32)=0,"",MA_T2!V32+PEH_T2!V32) | AN33: =IF(AJ33="","",IF($AJ$12=0,"",(AJ33/$AJ$12)*100)) | AO33: =IF(AK33="","",IF($AK$12=0,"",(AK33/$AK$12)*100)) | AP33: =IF(AL33="","",IF($AL$12=0,"",(AL33/$AL$12)*100))
A34: 22 | B34: ='INPUT DATA'!J30 -> 0 | F34: =MA_T2!AC33 | J34: =PEH_T2!AC33 | N34: =IF(COUNT(F34,J34)<2,"",ROUND(AVERAGE(F34,J34),0)) | V34: =IFERROR(VLOOKUP(N34,DESCRIPTORS,4,TRUE),"") | AJ34: =IF(COUNT(MA_T2!T33,PEH_T2!T33)=0,"",MA_T2!T33+PEH_T2!T33) | AK34: =IF(COUNT(MA_T2!U33,PEH_T2!U33)=0,"",MA_T2!U33+PEH_T2!U33) | AL34: =IF(COUNT(MA_T2!V33,PEH_T2!V33)=0,"",MA_T2!V33+PEH_T2!V33) | AN34: =IF(AJ34="","",IF($AJ$12=0,"",(AJ34/$AJ$12)*100)) | AO34: =IF(AK34="","",IF($AK$12=0,"",(AK34/$AK$12)*100)) | AP34: =IF(AL34="","",IF($AL$12=0,"",(AL34/$AL$12)*100))
A35: 23 | B35: ='INPUT DATA'!J31 -> 0 | F35: =MA_T2!AC34 | J35: =PEH_T2!AC34 | N35: =IF(COUNT(F35,J35)<2,"",ROUND(AVERAGE(F35,J35),0)) | V35: =IFERROR(VLOOKUP(N35,DESCRIPTORS,4,TRUE),"") | AJ35: =IF(COUNT(MA_T2!T34,PEH_T2!T34)=0,"",MA_T2!T34+PEH_T2!T34) | AK35: =IF(COUNT(MA_T2!U34,PEH_T2!U34)=0,"",MA_T2!U34+PEH_T2!U34) | AL35: =IF(COUNT(MA_T2!V34,PEH_T2!V34)=0,"",MA_T2!V34+PEH_T2!V34) | AN35: =IF(AJ35="","",IF($AJ$12=0,"",(AJ35/$AJ$12)*100)) | AO35: =IF(AK35="","",IF($AK$12=0,"",(AK35/$AK$12)*100)) | AP35: =IF(AL35="","",IF($AL$12=0,"",(AL35/$AL$12)*100))
... A61: 49 | B61: ='INPUT DATA'!J57 -> 0 | F61: =MA_T2!AC60 | J61: =PEH_T2!AC60 | N61: =IF(COUNT(F61,J61)<2,"",ROUND(AVERAGE(F61,J61),0)) | V61: =IFERROR(VLOOKUP(N61,DESCRIPTORS,4,TRUE),"") | AJ61: =IF(COUNT(MA_T2!T60,PEH_T2!T60)=0,"",MA_T2!T60+PEH_T2!T60) | AK61: =IF(COUNT(MA_T2!U60,PEH_T2!U60)=0,"",MA_T2!U60+PEH_T2!U60) | AL61: =IF(COUNT(MA_T2!V60,PEH_T2!V60)=0,"",MA_T2!V60+PEH_T2!V60) | AN61: =IF(AJ61="","",IF($AJ$12=0,"",(AJ61/$AJ$12)*100)) | AO61: =IF(AK61="","",IF($AK$12=0,"",(AK61/$AK$12)*100)) | AP61: =IF(AL61="","",IF($AL$12=0,"",(AL61/$AL$12)*100))
A62: 50 | B62: ='INPUT DATA'!J58 -> 0 | C62: 0 | F62: =MA_T2!AC61 | J62: =PEH_T2!AC61 | N62: =IF(COUNT(F62,J62)<2,"",ROUND(AVERAGE(F62,J62),0)) | V62: =IFERROR(VLOOKUP(N62,DESCRIPTORS,4,TRUE),"") | AJ62: =IF(COUNT(MA_T2!T61,PEH_T2!T61)=0,"",MA_T2!T61+PEH_T2!T61) | AK62: =IF(COUNT(MA_T2!U61,PEH_T2!U61)=0,"",MA_T2!U61+PEH_T2!U61) | AL62: =IF(COUNT(MA_T2!V61,PEH_T2!V61)=0,"",MA_T2!V61+PEH_T2!V61) | AN62: =IF(AJ62="","",IF($AJ$12=0,"",(AJ62/$AJ$12)*100)) | AO62: =IF(AK62="","",IF($AK$12=0,"",(AK62/$AK$12)*100)) | AP62: =IF(AL62="","",IF($AL$12=0,"",(AL62/$AL$12)*100))
B63: FEMALE | V63: =IF(OR(F63="",J63="",N63="",R63=""),"",IF(ISERROR(ROUND(AVERAGE(F63,J63,N63,R63),0)),"",ROUND(AVERAGE(F63,J63,N63,R63),0)))
A64: 1 | B64: ='INPUT DATA'!P9 -> 0 | F64: =MA_T2!AC63 | J64: =PEH_T2!AC63 | N64: =IF(COUNT(F64,J64)<2,"",ROUND(AVERAGE(F64,J64),0)) | V64: =IFERROR(VLOOKUP(N64,DESCRIPTORS,4,TRUE),"") | AJ64: =IF(COUNT(MA_T2!T63,PEH_T2!T63)=0,"",MA_T2!T63+PEH_T2!T63) | AK64: =IF(COUNT(MA_T2!U63,PEH_T2!U63)=0,"",MA_T2!U63+PEH_T2!U63) | AL64: =IF(COUNT(MA_T2!V63,PEH_T2!V63)=0,"",MA_T2!V63+PEH_T2!V63) | AN64: =IF(AJ64="","",IF($AJ$12=0,"",(AJ64/$AJ$12)*100)) | AO64: =IF(AK64="","",IF($AK$12=0,"",(AK64/$AK$12)*100)) | AP64: =IF(AL64="","",IF($AL$12=0,"",(AL64/$AL$12)*100))
A65: 2 | B65: ='INPUT DATA'!P10 -> 0 | F65: =MA_T2!AC64 | J65: =PEH_T2!AC64 | N65: =IF(COUNT(F65,J65)<2,"",ROUND(AVERAGE(F65,J65),0)) | V65: =IFERROR(VLOOKUP(N65,DESCRIPTORS,4,TRUE),"") | AJ65: =IF(COUNT(MA_T2!T64,PEH_T2!T64)=0,"",MA_T2!T64+PEH_T2!T64) | AK65: =IF(COUNT(MA_T2!U64,PEH_T2!U64)=0,"",MA_T2!U64+PEH_T2!U64) | AL65: =IF(COUNT(MA_T2!V64,PEH_T2!V64)=0,"",MA_T2!V64+PEH_T2!V64) | AN65: =IF(AJ65="","",IF($AJ$12=0,"",(AJ65/$AJ$12)*100)) | AO65: =IF(AK65="","",IF($AK$12=0,"",(AK65/$AK$12)*100)) | AP65: =IF(AL65="","",IF($AL$12=0,"",(AL65/$AL$12)*100))
A66: 3 | B66: ='INPUT DATA'!P11 -> 0 | F66: =MA_T2!AC65 | J66: =PEH_T2!AC65 | N66: =IF(COUNT(F66,J66)<2,"",ROUND(AVERAGE(F66,J66),0)) | V66: =IFERROR(VLOOKUP(N66,DESCRIPTORS,4,TRUE),"") | AJ66: =IF(COUNT(MA_T2!T65,PEH_T2!T65)=0,"",MA_T2!T65+PEH_T2!T65) | AK66: =IF(COUNT(MA_T2!U65,PEH_T2!U65)=0,"",MA_T2!U65+PEH_T2!U65) | AL66: =IF(COUNT(MA_T2!V65,PEH_T2!V65)=0,"",MA_T2!V65+PEH_T2!V65) | AN66: =IF(AJ66="","",IF($AJ$12=0,"",(AJ66/$AJ$12)*100)) | AO66: =IF(AK66="","",IF($AK$12=0,"",(AK66/$AK$12)*100)) | AP66: =IF(AL66="","",IF($AL$12=0,"",(AL66/$AL$12)*100))
A67: 4 | B67: ='INPUT DATA'!P12 -> 0 | F67: =MA_T2!AC66 | J67: =PEH_T2!AC66 | N67: =IF(COUNT(F67,J67)<2,"",ROUND(AVERAGE(F67,J67),0)) | V67: =IFERROR(VLOOKUP(N67,DESCRIPTORS,4,TRUE),"") | AJ67: =IF(COUNT(MA_T2!T66,PEH_T2!T66)=0,"",MA_T2!T66+PEH_T2!T66) | AK67: =IF(COUNT(MA_T2!U66,PEH_T2!U66)=0,"",MA_T2!U66+PEH_T2!U66) | AL67: =IF(COUNT(MA_T2!V66,PEH_T2!V66)=0,"",MA_T2!V66+PEH_T2!V66) | AN67: =IF(AJ67="","",IF($AJ$12=0,"",(AJ67/$AJ$12)*100)) | AO67: =IF(AK67="","",IF($AK$12=0,"",(AK67/$AK$12)*100)) | AP67: =IF(AL67="","",IF($AL$12=0,"",(AL67/$AL$12)*100))
A68: 5 | B68: ='INPUT DATA'!P13 -> 0 | F68: =MA_T2!AC67 | J68: =PEH_T2!AC67 | N68: =IF(COUNT(F68,J68)<2,"",ROUND(AVERAGE(F68,J68),0)) | V68: =IFERROR(VLOOKUP(N68,DESCRIPTORS,4,TRUE),"") | AJ68: =IF(COUNT(MA_T2!T67,PEH_T2!T67)=0,"",MA_T2!T67+PEH_T2!T67) | AK68: =IF(COUNT(MA_T2!U67,PEH_T2!U67)=0,"",MA_T2!U67+PEH_T2!U67) | AL68: =IF(COUNT(MA_T2!V67,PEH_T2!V67)=0,"",MA_T2!V67+PEH_T2!V67) | AN68: =IF(AJ68="","",IF($AJ$12=0,"",(AJ68/$AJ$12)*100)) | AO68: =IF(AK68="","",IF($AK$12=0,"",(AK68/$AK$12)*100)) | AP68: =IF(AL68="","",IF($AL$12=0,"",(AL68/$AL$12)*100))
A69: 6 | B69: ='INPUT DATA'!P14 -> 0 | F69: =MA_T2!AC68 | J69: =PEH_T2!AC68 | N69: =IF(COUNT(F69,J69)<2,"",ROUND(AVERAGE(F69,J69),0)) | V69: =IFERROR(VLOOKUP(N69,DESCRIPTORS,4,TRUE),"") | AJ69: =IF(COUNT(MA_T2!T68,PEH_T2!T68)=0,"",MA_T2!T68+PEH_T2!T68) | AK69: =IF(COUNT(MA_T2!U68,PEH_T2!U68)=0,"",MA_T2!U68+PEH_T2!U68) | AL69: =IF(COUNT(MA_T2!V68,PEH_T2!V68)=0,"",MA_T2!V68+PEH_T2!V68) | AN69: =IF(AJ69="","",IF($AJ$12=0,"",(AJ69/$AJ$12)*100)) | AO69: =IF(AK69="","",IF($AK$12=0,"",(AK69/$AK$12)*100)) | AP69: =IF(AL69="","",IF($AL$12=0,"",(AL69/$AL$12)*100))
A70: 7 | B70: ='INPUT DATA'!P15 -> 0 | F70: =MA_T2!AC69 | J70: =PEH_T2!AC69 | N70: =IF(COUNT(F70,J70)<2,"",ROUND(AVERAGE(F70,J70),0)) | V70: =IFERROR(VLOOKUP(N70,DESCRIPTORS,4,TRUE),"") | AJ70: =IF(COUNT(MA_T2!T69,PEH_T2!T69)=0,"",MA_T2!T69+PEH_T2!T69) | AK70: =IF(COUNT(MA_T2!U69,PEH_T2!U69)=0,"",MA_T2!U69+PEH_T2!U69) | AL70: =IF(COUNT(MA_T2!V69,PEH_T2!V69)=0,"",MA_T2!V69+PEH_T2!V69) | AN70: =IF(AJ70="","",IF($AJ$12=0,"",(AJ70/$AJ$12)*100)) | AO70: =IF(AK70="","",IF($AK$12=0,"",(AK70/$AK$12)*100)) | AP70: =IF(AL70="","",IF($AL$12=0,"",(AL70/$AL$12)*100))
A71: 8 | B71: ='INPUT DATA'!P16 -> 0 | F71: =MA_T2!AC70 | J71: =PEH_T2!AC70 | N71: =IF(COUNT(F71,J71)<2,"",ROUND(AVERAGE(F71,J71),0)) | V71: =IFERROR(VLOOKUP(N71,DESCRIPTORS,4,TRUE),"") | AJ71: =IF(COUNT(MA_T2!T70,PEH_T2!T70)=0,"",MA_T2!T70+PEH_T2!T70) | AK71: =IF(COUNT(MA_T2!U70,PEH_T2!U70)=0,"",MA_T2!U70+PEH_T2!U70) | AL71: =IF(COUNT(MA_T2!V70,PEH_T2!V70)=0,"",MA_T2!V70+PEH_T2!V70) | AN71: =IF(AJ71="","",IF($AJ$12=0,"",(AJ71/$AJ$12)*100)) | AO71: =IF(AK71="","",IF($AK$12=0,"",(AK71/$AK$12)*100)) | AP71: =IF(AL71="","",IF($AL$12=0,"",(AL71/$AL$12)*100))
A72: 9 | B72: ='INPUT DATA'!P17 -> 0 | F72: =MA_T2!AC71 | J72: =PEH_T2!AC71 | N72: =IF(COUNT(F72,J72)<2,"",ROUND(AVERAGE(F72,J72),0)) | V72: =IFERROR(VLOOKUP(N72,DESCRIPTORS,4,TRUE),"") | AJ72: =IF(COUNT(MA_T2!T71,PEH_T2!T71)=0,"",MA_T2!T71+PEH_T2!T71) | AK72: =IF(COUNT(MA_T2!U71,PEH_T2!U71)=0,"",MA_T2!U71+PEH_T2!U71) | AL72: =IF(COUNT(MA_T2!V71,PEH_T2!V71)=0,"",MA_T2!V71+PEH_T2!V71) | AN72: =IF(AJ72="","",IF($AJ$12=0,"",(AJ72/$AJ$12)*100)) | AO72: =IF(AK72="","",IF($AK$12=0,"",(AK72/$AK$12)*100)) | AP72: =IF(AL72="","",IF($AL$12=0,"",(AL72/$AL$12)*100))
A73: 10 | B73: ='INPUT DATA'!P18 -> 0 | F73: =MA_T2!AC72 | J73: =PEH_T2!AC72 | N73: =IF(COUNT(F73,J73)<2,"",ROUND(AVERAGE(F73,J73),0)) | V73: =IFERROR(VLOOKUP(N73,DESCRIPTORS,4,TRUE),"") | AJ73: =IF(COUNT(MA_T2!T72,PEH_T2!T72)=0,"",MA_T2!T72+PEH_T2!T72) | AK73: =IF(COUNT(MA_T2!U72,PEH_T2!U72)=0,"",MA_T2!U72+PEH_T2!U72) | AL73: =IF(COUNT(MA_T2!V72,PEH_T2!V72)=0,"",MA_T2!V72+PEH_T2!V72) | AN73: =IF(AJ73="","",IF($AJ$12=0,"",(AJ73/$AJ$12)*100)) | AO73: =IF(AK73="","",IF($AK$12=0,"",(AK73/$AK$12)*100)) | AP73: =IF(AL73="","",IF($AL$12=0,"",(AL73/$AL$12)*100))
A74: 11 | B74: ='INPUT DATA'!P19 -> 0 | F74: =MA_T2!AC73 | J74: =PEH_T2!AC73 | N74: =IF(COUNT(F74,J74)<2,"",ROUND(AVERAGE(F74,J74),0)) | V74: =IFERROR(VLOOKUP(N74,DESCRIPTORS,4,TRUE),"") | AJ74: =IF(COUNT(MA_T2!T73,PEH_T2!T73)=0,"",MA_T2!T73+PEH_T2!T73) | AK74: =IF(COUNT(MA_T2!U73,PEH_T2!U73)=0,"",MA_T2!U73+PEH_T2!U73) | AL74: =IF(COUNT(MA_T2!V73,PEH_T2!V73)=0,"",MA_T2!V73+PEH_T2!V73) | AN74: =IF(AJ74="","",IF($AJ$12=0,"",(AJ74/$AJ$12)*100)) | AO74: =IF(AK74="","",IF($AK$12=0,"",(AK74/$AK$12)*100)) | AP74: =IF(AL74="","",IF($AL$12=0,"",(AL74/$AL$12)*100))
A75: 12 | B75: ='INPUT DATA'!P20 -> 0 | F75: =MA_T2!AC74 | J75: =PEH_T2!AC74 | N75: =IF(COUNT(F75,J75)<2,"",ROUND(AVERAGE(F75,J75),0)) | V75: =IFERROR(VLOOKUP(N75,DESCRIPTORS,4,TRUE),"") | AJ75: =IF(COUNT(MA_T2!T74,PEH_T2!T74)=0,"",MA_T2!T74+PEH_T2!T74) | AK75: =IF(COUNT(MA_T2!U74,PEH_T2!U74)=0,"",MA_T2!U74+PEH_T2!U74) | AL75: =IF(COUNT(MA_T2!V74,PEH_T2!V74)=0,"",MA_T2!V74+PEH_T2!V74) | AN75: =IF(AJ75="","",IF($AJ$12=0,"",(AJ75/$AJ$12)*100)) | AO75: =IF(AK75="","",IF($AK$12=0,"",(AK75/$AK$12)*100)) | AP75: =IF(AL75="","",IF($AL$12=0,"",(AL75/$AL$12)*100))
... A113: 50 | B113: ='INPUT DATA'!P58 -> 0 | F113: =MA_T2!AC112 | J113: =PEH_T2!AC112 | N113: =IF(COUNT(F113,J113)<2,"",ROUND(AVERAGE(F113,J113),0)) | V113: =IFERROR(VLOOKUP(N113,DESCRIPTORS,4,TRUE),"") | AJ113: =IF(COUNT(MA_T2!T112,PEH_T2!T112)=0,"",MA_T2!T112+PEH_T2!T112) | AK113: =IF(COUNT(MA_T2!U112,PEH_T2!U112)=0,"",MA_T2!U112+PEH_T2!U112) | AL113: =IF(COUNT(MA_T2!V112,PEH_T2!V112)=0,"",MA_T2!V112+PEH_T2!V112) | AN113: =IF(AJ113="","",IF($AJ$12=0,"",(AJ113/$AJ$12)*100)) | AO113: =IF(AK113="","",IF($AK$12=0,"",(AK113/$AK$12)*100)) | AP113: =IF(AL113="","",IF($AL$12=0,"",(AL113/$AL$12)*100))
B115: LEVEL OF PROGRESS AND ACHIEVEMENT
B116: Descriptor & Grading | F116: Male | J116: Female | M116: Total | R116: Prepared By:
B117: Advancing (90-100) | F117: =COUNTIF( $V$13:$AB$62, "Advancing" ) -> 0 | J117: =COUNTIF( $V$64:$AB$113, "Advancing" ) -> 0 | M117: =F117+J117 -> 0 | R117: ='INPUT DATA'!E17 -> SAMUEL A. SILVERIO
B118: Benchmarking (80-89) | F118: =COUNTIF( $V$13:$AB$62, "Benchmarking" ) -> 0 | J118: =COUNTIF( $V$64:$AB$113, "Benchmarking" ) -> 0 | M118: =F118+J118 -> 0 | R118: ='INPUT DATA'!E18 -> TEACHER VI
B119: Connecting (75-79) | F119: =COUNTIF( $V$13:$AB$62, "Connecting" ) -> 0 | J119: =COUNTIF( $V$64:$AB$113, "Connecting" ) -> 0 | M119: =F119+J119 -> 0
B120: Developing (65-74) | F120: =COUNTIF( $V$13:$AB$62, "Developing" ) -> 0 | J120: =COUNTIF( $V$64:$AB$113, "Developing" ) -> 0 | M120: =F120+J120 -> 0 | Q120: Noted:
B121: Emerging (0-64) | F121: =COUNTIF( $V$13:$AB$62, "Emerging" ) -> 0 | J121: =COUNTIF( $V$64:$AB$113, "Emerging" ) -> 0 | M121: =F121+J121 -> 0 | R121: ='INPUT DATA'!E20 -> PEDRO MAPAGBIGAY
B122: Total | F122: =SUM(F117:F121) -> 0 | J122: =SUM(J117:J121) -> 0 | M122: =F122+J122 -> 0 | R122: ='INPUT DATA'!E21 -> PRINCIPAL III

Sheet MA_T3
A1: Class Record
B4: REGION | G4: ='INPUT DATA'!E8 -> X | I4: DIVISION | L4: ='INPUT DATA'!E9 -> EDUCATORS FILES
B5: SCHOOL NAME | G5: ='INPUT DATA'!E10 -> EFILES NATIONAL HIGH SCHOOL | Q5: SCHOOL ID | S5: ='INPUT DATA'!E11 -> 123456 | V5: SCHOOL YEAR | AB5: ='INPUT DATA'!E12 -> 2026-2027
A7: TERM 3 | F7: GRADE & SECTION: | J7: ='INPUT DATA'!E14 -> VI - MASIPAG | N7: TEACHER: | Q7: ='INPUT DATA'!E17 -> SAMUEL A. SILVERIO | Z7: SUBJECT: | AB7: MUSIC & ARTS
B8: LEARNERS' NAMES | F8: WRITTEN / ORAL WORKS (20%) | N8: PRODUCT / PERFORMANCE TASKS (60%) | T8: SUMMATIVE TESTS AND TERM EXAMINATIONS (20%) | AB8: Initial Grade | AC8: TERM GRADE | AD8: DESCRIPTOR
F9: 1 | G9: 2 | H9: 3 | I9: 4 | J9: 5 | K9: Total | L9: PS | M9: WS | N9: 1 | O9: 2 | P9: 3 | Q9: Total | R9: PS | S9: WS | T9: ST1 | U9: ST2 | V9: TE | W9: WS ST1 (30%) | X9: WS ST2 (30%) | Y9: WS TE (40%) | Z9: PS ST&TE | AA9: WS ST&TE
B10: HIGHEST POSSIBLE SCORE | K10: =IF(COUNT($F10:$J10)=0,"",SUM($F10:$J10)) | L10: 100 | M10: 0.2 | Q10: =IF(COUNT($N10:$P10)=0,"",SUM($N10:$P10)) | R10: 100 | S10: 0.6 | W10: 30 | X10: 30 | Y10: 40 | Z10: 100 | AA10: 0.2
B11: MALE | AK11: ST1 | AL11: ST2 | AM11: TE
A12: 1 | B12: ='INPUT DATA'!J9 -> 0 | K12: =IF(COUNT($F12:$J12)=0,"",SUM($F12:$J12)) | L12: =IF(ISERROR(IF($K12="","",ROUND(($K12/$K$10)*$L$10,2))),"",IF($K12="","",ROUND(($K12/$K$10)*$L$10,2))) | M12: =IF($L12="","",ROUND($L12*$M$10,2)) | Q12: =IF(COUNT($N12:$P12)=0,"",SUM($N12:$P12)) | R12: =IF(ISERROR(IF($Q12="","",ROUND(($Q12/$Q$10)*$R$10,2))),"",IF($Q12="","",ROUND(($Q12/$Q$10)*$R$10,2))) | S12: =IF($R12="","",ROUND($R12*$S$10,2)) | W12: =IF(OR(T12="",$T$10=""),"",(T12/$T$10)*$W$10) | X12: =IF(OR(U12="",$U$10=""),"",(U12/$U$10)*$X$10) | Y12: =IF(OR(V12="",$V$10=""),"",(V12/$V$10)*$Y$10) | Z12: =IF(COUNT($W12:$Y12)=0,"",IFERROR(ROUND((SUM($W12:$Y12)/SUM($W$10:$Y$10))*$Z$10,2),"")) | AA12: =IF($Z12="","",ROUND($Z12*$AA$10,2)) | AB12: =IF(ISERROR(IF($Z12="","",ROUND(SUM($M12,$S12,$AA12),2))),"",IF($Z12="","",ROUND(SUM($M12,$S12,$AA12),2))) | AC12: =IF(ISERROR(IF($Z12="","",VLOOKUP(AB12,NewTransmu,4,TRUE))),"",IF($Z12="","",VLOOKUP(AB12,NewTransmu,4,TRUE))) | AD12: =IF(ISERROR(IF(AC12="","",VLOOKUP(AC12,DESCRIPTORS,4,TRUE))),"",IF(AC12="","",VLOOKUP(AC12,DESCRIPTORS,4,TRUE))) | AK12: =(T12/$T$10)*100 -> #DIV/0! | AL12: =(U12/$U$10)*100 -> #DIV/0! | AM12: =(V12/$V$10)*100 -> #DIV/0!
A13: 2 | B13: ='INPUT DATA'!J10 -> 0 | K13: =IF(COUNT($F13:$J13)=0,"",SUM($F13:$J13)) | L13: =IF(ISERROR(IF($K13="","",ROUND(($K13/$K$10)*$L$10,2))),"",IF($K13="","",ROUND(($K13/$K$10)*$L$10,2))) | M13: =IF($L13="","",ROUND($L13*$M$10,2)) | Q13: =IF(COUNT($N13:$P13)=0,"",SUM($N13:$P13)) | R13: =IF(ISERROR(IF($Q13="","",ROUND(($Q13/$Q$10)*$R$10,2))),"",IF($Q13="","",ROUND(($Q13/$Q$10)*$R$10,2))) | S13: =IF($R13="","",ROUND($R13*$S$10,2)) | W13: =IF(OR(T13="",$T$10=""),"",(T13/$T$10)*$W$10) | X13: =IF(OR(U13="",$U$10=""),"",(U13/$U$10)*$X$10) | Y13: =IF(OR(V13="",$V$10=""),"",(V13/$V$10)*$Y$10) | Z13: =IF(COUNT($W13:$Y13)=0,"",IFERROR(ROUND((SUM($W13:$Y13)/SUM($W$10:$Y$10))*$Z$10,2),"")) | AA13: =IF($Z13="","",ROUND($Z13*$AA$10,2)) | AB13: =IF(ISERROR(IF($Z13="","",ROUND(SUM($M13,$S13,$AA13),2))),"",IF($Z13="","",ROUND(SUM($M13,$S13,$AA13),2))) | AC13: =IF(ISERROR(IF($Z13="","",VLOOKUP(AB13,NewTransmu,4,TRUE))),"",IF($Z13="","",VLOOKUP(AB13,NewTransmu,4,TRUE))) | AD13: =IF(ISERROR(IF(AC13="","",VLOOKUP(AC13,DESCRIPTORS,4,TRUE))),"",IF(AC13="","",VLOOKUP(AC13,DESCRIPTORS,4,TRUE))) | AK13: =(T13/$T$10)*100 -> #DIV/0! | AL13: =(U13/$U$10)*100 -> #DIV/0! | AM13: =(V13/$V$10)*100 -> #DIV/0!
A14: 3 | B14: ='INPUT DATA'!J11 -> 0 | K14: =IF(COUNT($F14:$J14)=0,"",SUM($F14:$J14)) | L14: =IF(ISERROR(IF($K14="","",ROUND(($K14/$K$10)*$L$10,2))),"",IF($K14="","",ROUND(($K14/$K$10)*$L$10,2))) | M14: =IF($L14="","",ROUND($L14*$M$10,2)) | Q14: =IF(COUNT($N14:$P14)=0,"",SUM($N14:$P14)) | R14: =IF(ISERROR(IF($Q14="","",ROUND(($Q14/$Q$10)*$R$10,2))),"",IF($Q14="","",ROUND(($Q14/$Q$10)*$R$10,2))) | S14: =IF($R14="","",ROUND($R14*$S$10,2)) | W14: =IF(OR(T14="",$T$10=""),"",(T14/$T$10)*$W$10) | X14: =IF(OR(U14="",$U$10=""),"",(U14/$U$10)*$X$10) | Y14: =IF(OR(V14="",$V$10=""),"",(V14/$V$10)*$Y$10) | Z14: =IF(COUNT($W14:$Y14)=0,"",IFERROR(ROUND((SUM($W14:$Y14)/SUM($W$10:$Y$10))*$Z$10,2),"")) | AA14: =IF($Z14="","",ROUND($Z14*$AA$10,2)) | AB14: =IF(ISERROR(IF($Z14="","",ROUND(SUM($M14,$S14,$AA14),2))),"",IF($Z14="","",ROUND(SUM($M14,$S14,$AA14),2))) | AC14: =IF(ISERROR(IF($Z14="","",VLOOKUP(AB14,NewTransmu,4,TRUE))),"",IF($Z14="","",VLOOKUP(AB14,NewTransmu,4,TRUE))) | AD14: =IF(ISERROR(IF(AC14="","",VLOOKUP(AC14,DESCRIPTORS,4,TRUE))),"",IF(AC14="","",VLOOKUP(AC14,DESCRIPTORS,4,TRUE))) | AK14: =(T14/$T$10)*100 -> #DIV/0! | AL14: =(U14/$U$10)*100 -> #DIV/0! | AM14: =(V14/$V$10)*100 -> #DIV/0!
A15: 4 | B15: ='INPUT DATA'!J12 -> 0 | K15: =IF(COUNT($F15:$J15)=0,"",SUM($F15:$J15)) | L15: =IF(ISERROR(IF($K15="","",ROUND(($K15/$K$10)*$L$10,2))),"",IF($K15="","",ROUND(($K15/$K$10)*$L$10,2))) | M15: =IF($L15="","",ROUND($L15*$M$10,2)) | Q15: =IF(COUNT($N15:$P15)=0,"",SUM($N15:$P15)) | R15: =IF(ISERROR(IF($Q15="","",ROUND(($Q15/$Q$10)*$R$10,2))),"",IF($Q15="","",ROUND(($Q15/$Q$10)*$R$10,2))) | S15: =IF($R15="","",ROUND($R15*$S$10,2)) | W15: =IF(OR(T15="",$T$10=""),"",(T15/$T$10)*$W$10) | X15: =IF(OR(U15="",$U$10=""),"",(U15/$U$10)*$X$10) | Y15: =IF(OR(V15="",$V$10=""),"",(V15/$V$10)*$Y$10) | Z15: =IF(COUNT($W15:$Y15)=0,"",IFERROR(ROUND((SUM($W15:$Y15)/SUM($W$10:$Y$10))*$Z$10,2),"")) | AA15: =IF($Z15="","",ROUND($Z15*$AA$10,2)) | AB15: =IF(ISERROR(IF($Z15="","",ROUND(SUM($M15,$S15,$AA15),2))),"",IF($Z15="","",ROUND(SUM($M15,$S15,$AA15),2))) | AC15: =IF(ISERROR(IF($Z15="","",VLOOKUP(AB15,NewTransmu,4,TRUE))),"",IF($Z15="","",VLOOKUP(AB15,NewTransmu,4,TRUE))) | AD15: =IF(ISERROR(IF(AC15="","",VLOOKUP(AC15,DESCRIPTORS,4,TRUE))),"",IF(AC15="","",VLOOKUP(AC15,DESCRIPTORS,4,TRUE))) | AK15: =(T15/$T$10)*100 -> #DIV/0! | AL15: =(U15/$U$10)*100 -> #DIV/0! | AM15: =(V15/$V$10)*100 -> #DIV/0!
A16: 5 | B16: ='INPUT DATA'!J13 -> 0 | K16: =IF(COUNT($F16:$J16)=0,"",SUM($F16:$J16)) | L16: =IF(ISERROR(IF($K16="","",ROUND(($K16/$K$10)*$L$10,2))),"",IF($K16="","",ROUND(($K16/$K$10)*$L$10,2))) | M16: =IF($L16="","",ROUND($L16*$M$10,2)) | Q16: =IF(COUNT($N16:$P16)=0,"",SUM($N16:$P16)) | R16: =IF(ISERROR(IF($Q16="","",ROUND(($Q16/$Q$10)*$R$10,2))),"",IF($Q16="","",ROUND(($Q16/$Q$10)*$R$10,2))) | S16: =IF($R16="","",ROUND($R16*$S$10,2)) | W16: =IF(OR(T16="",$T$10=""),"",(T16/$T$10)*$W$10) | X16: =IF(OR(U16="",$U$10=""),"",(U16/$U$10)*$X$10) | Y16: =IF(OR(V16="",$V$10=""),"",(V16/$V$10)*$Y$10) | Z16: =IF(COUNT($W16:$Y16)=0,"",IFERROR(ROUND((SUM($W16:$Y16)/SUM($W$10:$Y$10))*$Z$10,2),"")) | AA16: =IF($Z16="","",ROUND($Z16*$AA$10,2)) | AB16: =IF(ISERROR(IF($Z16="","",ROUND(SUM($M16,$S16,$AA16),2))),"",IF($Z16="","",ROUND(SUM($M16,$S16,$AA16),2))) | AC16: =IF(ISERROR(IF($Z16="","",VLOOKUP(AB16,NewTransmu,4,TRUE))),"",IF($Z16="","",VLOOKUP(AB16,NewTransmu,4,TRUE))) | AD16: =IF(ISERROR(IF(AC16="","",VLOOKUP(AC16,DESCRIPTORS,4,TRUE))),"",IF(AC16="","",VLOOKUP(AC16,DESCRIPTORS,4,TRUE))) | AK16: =(T16/$T$10)*100 -> #DIV/0! | AL16: =(U16/$U$10)*100 -> #DIV/0! | AM16: =(V16/$V$10)*100 -> #DIV/0!
A17: 6 | B17: ='INPUT DATA'!J14 -> 0 | K17: =IF(COUNT($F17:$J17)=0,"",SUM($F17:$J17)) | L17: =IF(ISERROR(IF($K17="","",ROUND(($K17/$K$10)*$L$10,2))),"",IF($K17="","",ROUND(($K17/$K$10)*$L$10,2))) | M17: =IF($L17="","",ROUND($L17*$M$10,2)) | Q17: =IF(COUNT($N17:$P17)=0,"",SUM($N17:$P17)) | R17: =IF(ISERROR(IF($Q17="","",ROUND(($Q17/$Q$10)*$R$10,2))),"",IF($Q17="","",ROUND(($Q17/$Q$10)*$R$10,2))) | S17: =IF($R17="","",ROUND($R17*$S$10,2)) | W17: =IF(OR(T17="",$T$10=""),"",(T17/$T$10)*$W$10) | X17: =IF(OR(U17="",$U$10=""),"",(U17/$U$10)*$X$10) | Y17: =IF(OR(V17="",$V$10=""),"",(V17/$V$10)*$Y$10) | Z17: =IF(COUNT($W17:$Y17)=0,"",IFERROR(ROUND((SUM($W17:$Y17)/SUM($W$10:$Y$10))*$Z$10,2),"")) | AA17: =IF($Z17="","",ROUND($Z17*$AA$10,2)) | AB17: =IF(ISERROR(IF($Z17="","",ROUND(SUM($M17,$S17,$AA17),2))),"",IF($Z17="","",ROUND(SUM($M17,$S17,$AA17),2))) | AC17: =IF(ISERROR(IF($Z17="","",VLOOKUP(AB17,NewTransmu,4,TRUE))),"",IF($Z17="","",VLOOKUP(AB17,NewTransmu,4,TRUE))) | AD17: =IF(ISERROR(IF(AC17="","",VLOOKUP(AC17,DESCRIPTORS,4,TRUE))),"",IF(AC17="","",VLOOKUP(AC17,DESCRIPTORS,4,TRUE))) | AK17: =(T17/$T$10)*100 -> #DIV/0! | AL17: =(U17/$U$10)*100 -> #DIV/0! | AM17: =(V17/$V$10)*100 -> #DIV/0!
A18: 7 | B18: ='INPUT DATA'!J15 -> 0 | K18: =IF(COUNT($F18:$J18)=0,"",SUM($F18:$J18)) | L18: =IF(ISERROR(IF($K18="","",ROUND(($K18/$K$10)*$L$10,2))),"",IF($K18="","",ROUND(($K18/$K$10)*$L$10,2))) | M18: =IF($L18="","",ROUND($L18*$M$10,2)) | Q18: =IF(COUNT($N18:$P18)=0,"",SUM($N18:$P18)) | R18: =IF(ISERROR(IF($Q18="","",ROUND(($Q18/$Q$10)*$R$10,2))),"",IF($Q18="","",ROUND(($Q18/$Q$10)*$R$10,2))) | S18: =IF($R18="","",ROUND($R18*$S$10,2)) | W18: =IF(OR(T18="",$T$10=""),"",(T18/$T$10)*$W$10) | X18: =IF(OR(U18="",$U$10=""),"",(U18/$U$10)*$X$10) | Y18: =IF(OR(V18="",$V$10=""),"",(V18/$V$10)*$Y$10) | Z18: =IF(COUNT($W18:$Y18)=0,"",IFERROR(ROUND((SUM($W18:$Y18)/SUM($W$10:$Y$10))*$Z$10,2),"")) | AA18: =IF($Z18="","",ROUND($Z18*$AA$10,2)) | AB18: =IF(ISERROR(IF($Z18="","",ROUND(SUM($M18,$S18,$AA18),2))),"",IF($Z18="","",ROUND(SUM($M18,$S18,$AA18),2))) | AC18: =IF(ISERROR(IF($Z18="","",VLOOKUP(AB18,NewTransmu,4,TRUE))),"",IF($Z18="","",VLOOKUP(AB18,NewTransmu,4,TRUE))) | AD18: =IF(ISERROR(IF(AC18="","",VLOOKUP(AC18,DESCRIPTORS,4,TRUE))),"",IF(AC18="","",VLOOKUP(AC18,DESCRIPTORS,4,TRUE))) | AK18: =(T18/$T$10)*100 -> #DIV/0! | AL18: =(U18/$U$10)*100 -> #DIV/0! | AM18: =(V18/$V$10)*100 -> #DIV/0!
A19: 8 | B19: ='INPUT DATA'!J16 -> 0 | K19: =IF(COUNT($F19:$J19)=0,"",SUM($F19:$J19)) | L19: =IF(ISERROR(IF($K19="","",ROUND(($K19/$K$10)*$L$10,2))),"",IF($K19="","",ROUND(($K19/$K$10)*$L$10,2))) | M19: =IF($L19="","",ROUND($L19*$M$10,2)) | Q19: =IF(COUNT($N19:$P19)=0,"",SUM($N19:$P19)) | R19: =IF(ISERROR(IF($Q19="","",ROUND(($Q19/$Q$10)*$R$10,2))),"",IF($Q19="","",ROUND(($Q19/$Q$10)*$R$10,2))) | S19: =IF($R19="","",ROUND($R19*$S$10,2)) | W19: =IF(OR(T19="",$T$10=""),"",(T19/$T$10)*$W$10) | X19: =IF(OR(U19="",$U$10=""),"",(U19/$U$10)*$X$10) | Y19: =IF(OR(V19="",$V$10=""),"",(V19/$V$10)*$Y$10) | Z19: =IF(COUNT($W19:$Y19)=0,"",IFERROR(ROUND((SUM($W19:$Y19)/SUM($W$10:$Y$10))*$Z$10,2),"")) | AA19: =IF($Z19="","",ROUND($Z19*$AA$10,2)) | AB19: =IF(ISERROR(IF($Z19="","",ROUND(SUM($M19,$S19,$AA19),2))),"",IF($Z19="","",ROUND(SUM($M19,$S19,$AA19),2))) | AC19: =IF(ISERROR(IF($Z19="","",VLOOKUP(AB19,NewTransmu,4,TRUE))),"",IF($Z19="","",VLOOKUP(AB19,NewTransmu,4,TRUE))) | AD19: =IF(ISERROR(IF(AC19="","",VLOOKUP(AC19,DESCRIPTORS,4,TRUE))),"",IF(AC19="","",VLOOKUP(AC19,DESCRIPTORS,4,TRUE))) | AK19: =(T19/$T$10)*100 -> #DIV/0! | AL19: =(U19/$U$10)*100 -> #DIV/0! | AM19: =(V19/$V$10)*100 -> #DIV/0!
A20: 9 | B20: ='INPUT DATA'!J17 -> 0 | K20: =IF(COUNT($F20:$J20)=0,"",SUM($F20:$J20)) | L20: =IF(ISERROR(IF($K20="","",ROUND(($K20/$K$10)*$L$10,2))),"",IF($K20="","",ROUND(($K20/$K$10)*$L$10,2))) | M20: =IF($L20="","",ROUND($L20*$M$10,2)) | Q20: =IF(COUNT($N20:$P20)=0,"",SUM($N20:$P20)) | R20: =IF(ISERROR(IF($Q20="","",ROUND(($Q20/$Q$10)*$R$10,2))),"",IF($Q20="","",ROUND(($Q20/$Q$10)*$R$10,2))) | S20: =IF($R20="","",ROUND($R20*$S$10,2)) | W20: =IF(OR(T20="",$T$10=""),"",(T20/$T$10)*$W$10) | X20: =IF(OR(U20="",$U$10=""),"",(U20/$U$10)*$X$10) | Y20: =IF(OR(V20="",$V$10=""),"",(V20/$V$10)*$Y$10) | Z20: =IF(COUNT($W20:$Y20)=0,"",IFERROR(ROUND((SUM($W20:$Y20)/SUM($W$10:$Y$10))*$Z$10,2),"")) | AA20: =IF($Z20="","",ROUND($Z20*$AA$10,2)) | AB20: =IF(ISERROR(IF($Z20="","",ROUND(SUM($M20,$S20,$AA20),2))),"",IF($Z20="","",ROUND(SUM($M20,$S20,$AA20),2))) | AC20: =IF(ISERROR(IF($Z20="","",VLOOKUP(AB20,NewTransmu,4,TRUE))),"",IF($Z20="","",VLOOKUP(AB20,NewTransmu,4,TRUE))) | AD20: =IF(ISERROR(IF(AC20="","",VLOOKUP(AC20,DESCRIPTORS,4,TRUE))),"",IF(AC20="","",VLOOKUP(AC20,DESCRIPTORS,4,TRUE))) | AK20: =(T20/$T$10)*100 -> #DIV/0! | AL20: =(U20/$U$10)*100 -> #DIV/0! | AM20: =(V20/$V$10)*100 -> #DIV/0!
A21: 10 | B21: ='INPUT DATA'!J18 -> 0 | K21: =IF(COUNT($F21:$J21)=0,"",SUM($F21:$J21)) | L21: =IF(ISERROR(IF($K21="","",ROUND(($K21/$K$10)*$L$10,2))),"",IF($K21="","",ROUND(($K21/$K$10)*$L$10,2))) | M21: =IF($L21="","",ROUND($L21*$M$10,2)) | Q21: =IF(COUNT($N21:$P21)=0,"",SUM($N21:$P21)) | R21: =IF(ISERROR(IF($Q21="","",ROUND(($Q21/$Q$10)*$R$10,2))),"",IF($Q21="","",ROUND(($Q21/$Q$10)*$R$10,2))) | S21: =IF($R21="","",ROUND($R21*$S$10,2)) | W21: =IF(OR(T21="",$T$10=""),"",(T21/$T$10)*$W$10) | X21: =IF(OR(U21="",$U$10=""),"",(U21/$U$10)*$X$10) | Y21: =IF(OR(V21="",$V$10=""),"",(V21/$V$10)*$Y$10) | Z21: =IF(COUNT($W21:$Y21)=0,"",IFERROR(ROUND((SUM($W21:$Y21)/SUM($W$10:$Y$10))*$Z$10,2),"")) | AA21: =IF($Z21="","",ROUND($Z21*$AA$10,2)) | AB21: =IF(ISERROR(IF($Z21="","",ROUND(SUM($M21,$S21,$AA21),2))),"",IF($Z21="","",ROUND(SUM($M21,$S21,$AA21),2))) | AC21: =IF(ISERROR(IF($Z21="","",VLOOKUP(AB21,NewTransmu,4,TRUE))),"",IF($Z21="","",VLOOKUP(AB21,NewTransmu,4,TRUE))) | AD21: =IF(ISERROR(IF(AC21="","",VLOOKUP(AC21,DESCRIPTORS,4,TRUE))),"",IF(AC21="","",VLOOKUP(AC21,DESCRIPTORS,4,TRUE))) | AK21: =(T21/$T$10)*100 -> #DIV/0! | AL21: =(U21/$U$10)*100 -> #DIV/0! | AM21: =(V21/$V$10)*100 -> #DIV/0!
A22: 11 | B22: ='INPUT DATA'!J19 -> 0 | K22: =IF(COUNT($F22:$J22)=0,"",SUM($F22:$J22)) | L22: =IF(ISERROR(IF($K22="","",ROUND(($K22/$K$10)*$L$10,2))),"",IF($K22="","",ROUND(($K22/$K$10)*$L$10,2))) | M22: =IF($L22="","",ROUND($L22*$M$10,2)) | Q22: =IF(COUNT($N22:$P22)=0,"",SUM($N22:$P22)) | R22: =IF(ISERROR(IF($Q22="","",ROUND(($Q22/$Q$10)*$R$10,2))),"",IF($Q22="","",ROUND(($Q22/$Q$10)*$R$10,2))) | S22: =IF($R22="","",ROUND($R22*$S$10,2)) | W22: =IF(OR(T22="",$T$10=""),"",(T22/$T$10)*$W$10) | X22: =IF(OR(U22="",$U$10=""),"",(U22/$U$10)*$X$10) | Y22: =IF(OR(V22="",$V$10=""),"",(V22/$V$10)*$Y$10) | Z22: =IF(COUNT($W22:$Y22)=0,"",IFERROR(ROUND((SUM($W22:$Y22)/SUM($W$10:$Y$10))*$Z$10,2),"")) | AA22: =IF($Z22="","",ROUND($Z22*$AA$10,2)) | AB22: =IF(ISERROR(IF($Z22="","",ROUND(SUM($M22,$S22,$AA22),2))),"",IF($Z22="","",ROUND(SUM($M22,$S22,$AA22),2))) | AC22: =IF(ISERROR(IF($Z22="","",VLOOKUP(AB22,NewTransmu,4,TRUE))),"",IF($Z22="","",VLOOKUP(AB22,NewTransmu,4,TRUE))) | AD22: =IF(ISERROR(IF(AC22="","",VLOOKUP(AC22,DESCRIPTORS,4,TRUE))),"",IF(AC22="","",VLOOKUP(AC22,DESCRIPTORS,4,TRUE))) | AK22: =(T22/$T$10)*100 -> #DIV/0! | AL22: =(U22/$U$10)*100 -> #DIV/0! | AM22: =(V22/$V$10)*100 -> #DIV/0!
A23: 12 | B23: ='INPUT DATA'!J20 -> 0 | K23: =IF(COUNT($F23:$J23)=0,"",SUM($F23:$J23)) | L23: =IF(ISERROR(IF($K23="","",ROUND(($K23/$K$10)*$L$10,2))),"",IF($K23="","",ROUND(($K23/$K$10)*$L$10,2))) | M23: =IF($L23="","",ROUND($L23*$M$10,2)) | Q23: =IF(COUNT($N23:$P23)=0,"",SUM($N23:$P23)) | R23: =IF(ISERROR(IF($Q23="","",ROUND(($Q23/$Q$10)*$R$10,2))),"",IF($Q23="","",ROUND(($Q23/$Q$10)*$R$10,2))) | S23: =IF($R23="","",ROUND($R23*$S$10,2)) | W23: =IF(OR(T23="",$T$10=""),"",(T23/$T$10)*$W$10) | X23: =IF(OR(U23="",$U$10=""),"",(U23/$U$10)*$X$10) | Y23: =IF(OR(V23="",$V$10=""),"",(V23/$V$10)*$Y$10) | Z23: =IF(COUNT($W23:$Y23)=0,"",IFERROR(ROUND((SUM($W23:$Y23)/SUM($W$10:$Y$10))*$Z$10,2),"")) | AA23: =IF($Z23="","",ROUND($Z23*$AA$10,2)) | AB23: =IF(ISERROR(IF($Z23="","",ROUND(SUM($M23,$S23,$AA23),2))),"",IF($Z23="","",ROUND(SUM($M23,$S23,$AA23),2))) | AC23: =IF(ISERROR(IF($Z23="","",VLOOKUP(AB23,NewTransmu,4,TRUE))),"",IF($Z23="","",VLOOKUP(AB23,NewTransmu,4,TRUE))) | AD23: =IF(ISERROR(IF(AC23="","",VLOOKUP(AC23,DESCRIPTORS,4,TRUE))),"",IF(AC23="","",VLOOKUP(AC23,DESCRIPTORS,4,TRUE))) | AK23: =(T23/$T$10)*100 -> #DIV/0! | AL23: =(U23/$U$10)*100 -> #DIV/0! | AM23: =(V23/$V$10)*100 -> #DIV/0!
... A61: 50 | B61: ='INPUT DATA'!J58 -> 0 | K61: =IF(COUNT($F61:$J61)=0,"",SUM($F61:$J61)) | L61: =IF(ISERROR(IF($K61="","",ROUND(($K61/$K$10)*$L$10,2))),"",IF($K61="","",ROUND(($K61/$K$10)*$L$10,2))) | M61: =IF($L61="","",ROUND($L61*$M$10,2)) | Q61: =IF(COUNT($N61:$P61)=0,"",SUM($N61:$P61)) | R61: =IF(ISERROR(IF($Q61="","",ROUND(($Q61/$Q$10)*$R$10,2))),"",IF($Q61="","",ROUND(($Q61/$Q$10)*$R$10,2))) | S61: =IF($R61="","",ROUND($R61*$S$10,2)) | W61: =IF(OR(T61="",$T$10=""),"",(T61/$T$10)*$W$10) | X61: =IF(OR(U61="",$U$10=""),"",(U61/$U$10)*$X$10) | Y61: =IF(OR(V61="",$V$10=""),"",(V61/$V$10)*$Y$10) | Z61: =IF(COUNT($W61:$Y61)=0,"",IFERROR(ROUND((SUM($W61:$Y61)/SUM($W$10:$Y$10))*$Z$10,2),"")) | AA61: =IF($Z61="","",ROUND($Z61*$AA$10,2)) | AB61: =IF(ISERROR(IF($Z61="","",ROUND(SUM($M61,$S61,$AA61),2))),"",IF($Z61="","",ROUND(SUM($M61,$S61,$AA61),2))) | AC61: =IF(ISERROR(IF($Z61="","",VLOOKUP(AB61,NewTransmu,4,TRUE))),"",IF($Z61="","",VLOOKUP(AB61,NewTransmu,4,TRUE))) | AD61: =IF(ISERROR(IF(AC61="","",VLOOKUP(AC61,DESCRIPTORS,4,TRUE))),"",IF(AC61="","",VLOOKUP(AC61,DESCRIPTORS,4,TRUE))) | AK61: =(T61/$T$10)*100 -> #DIV/0! | AL61: =(U61/$U$10)*100 -> #DIV/0! | AM61: =(V61/$V$10)*100 -> #DIV/0!
B62: FEMALE | AK62: =(T62/$T$10)*100 -> #DIV/0! | AL62: =(U62/$U$10)*100 -> #DIV/0! | AM62: =(V62/$V$10)*100 -> #DIV/0!
A63: 1 | B63: ='INPUT DATA'!P9 -> 0 | K63: =IF(COUNT($F63:$J63)=0,"",SUM($F63:$J63)) | L63: =IF(ISERROR(IF($K63="","",ROUND(($K63/$K$10)*$L$10,2))),"",IF($K63="","",ROUND(($K63/$K$10)*$L$10,2))) | M63: =IF($L63="","",ROUND($L63*$M$10,2)) | Q63: =IF(COUNT($N63:$P63)=0,"",SUM($N63:$P63)) | R63: =IF(ISERROR(IF($Q63="","",ROUND(($Q63/$Q$10)*$R$10,2))),"",IF($Q63="","",ROUND(($Q63/$Q$10)*$R$10,2))) | S63: =IF($R63="","",ROUND($R63*$S$10,2)) | W63: =IF(OR(T63="",$T$10=""),"",(T63/$T$10)*$W$10) | X63: =IF(OR(U63="",$U$10=""),"",(U63/$U$10)*$X$10) | Y63: =IF(OR(V63="",$V$10=""),"",(V63/$V$10)*$Y$10) | Z63: =IF(COUNT($W63:$Y63)=0,"",IFERROR(ROUND((SUM($W63:$Y63)/SUM($W$10:$Y$10))*$Z$10,2),"")) | AA63: =IF($Z63="","",ROUND($Z63*$AA$10,2)) | AB63: =IF(ISERROR(IF($Z63="","",ROUND(SUM($M63,$S63,$AA63),2))),"",IF($Z63="","",ROUND(SUM($M63,$S63,$AA63),2))) | AC63: =IF(ISERROR(IF($Z63="","",VLOOKUP(AB63,NewTransmu,4,TRUE))),"",IF($Z63="","",VLOOKUP(AB63,NewTransmu,4,TRUE))) | AD63: =IF(ISERROR(IF(AC63="","",VLOOKUP(AC63,DESCRIPTORS,4,TRUE))),"",IF(AC63="","",VLOOKUP(AC63,DESCRIPTORS,4,TRUE))) | AK63: =(T63/$T$10)*100 -> #DIV/0! | AL63: =(U63/$U$10)*100 -> #DIV/0! | AM63: =(V63/$V$10)*100 -> #DIV/0!
A64: 2 | B64: ='INPUT DATA'!P10 -> 0 | K64: =IF(COUNT($F64:$J64)=0,"",SUM($F64:$J64)) | L64: =IF(ISERROR(IF($K64="","",ROUND(($K64/$K$10)*$L$10,2))),"",IF($K64="","",ROUND(($K64/$K$10)*$L$10,2))) | M64: =IF($L64="","",ROUND($L64*$M$10,2)) | Q64: =IF(COUNT($N64:$P64)=0,"",SUM($N64:$P64)) | R64: =IF(ISERROR(IF($Q64="","",ROUND(($Q64/$Q$10)*$R$10,2))),"",IF($Q64="","",ROUND(($Q64/$Q$10)*$R$10,2))) | S64: =IF($R64="","",ROUND($R64*$S$10,2)) | W64: =IF(OR(T64="",$T$10=""),"",(T64/$T$10)*$W$10) | X64: =IF(OR(U64="",$U$10=""),"",(U64/$U$10)*$X$10) | Y64: =IF(OR(V64="",$V$10=""),"",(V64/$V$10)*$Y$10) | Z64: =IF(COUNT($W64:$Y64)=0,"",IFERROR(ROUND((SUM($W64:$Y64)/SUM($W$10:$Y$10))*$Z$10,2),"")) | AA64: =IF($Z64="","",ROUND($Z64*$AA$10,2)) | AB64: =IF(ISERROR(IF($Z64="","",ROUND(SUM($M64,$S64,$AA64),2))),"",IF($Z64="","",ROUND(SUM($M64,$S64,$AA64),2))) | AC64: =IF(ISERROR(IF($Z64="","",VLOOKUP(AB64,NewTransmu,4,TRUE))),"",IF($Z64="","",VLOOKUP(AB64,NewTransmu,4,TRUE))) | AD64: =IF(ISERROR(IF(AC64="","",VLOOKUP(AC64,DESCRIPTORS,4,TRUE))),"",IF(AC64="","",VLOOKUP(AC64,DESCRIPTORS,4,TRUE))) | AK64: =(T64/$T$10)*100 -> #DIV/0! | AL64: =(U64/$U$10)*100 -> #DIV/0! | AM64: =(V64/$V$10)*100 -> #DIV/0!
