Workbook
Name DESCRIPTORS: 'Helper (Do Not Delete)'!$T$3:$W$7
Name FemaleLearners: 'INPUT DATA'!$P$9:$P$58
Name FemaleList: 'INPUT DATA'!$P$9:$P$58
Name MaleLearners: 'INPUT DATA'!$J$9:$J$58
Name MaleList: 'INPUT DATA'!$J$9:$J$58
Name NewTransmu: 'Helper (Do Not Delete)'!$H$3:$K$43
Name T1_Names: TERM1!$B$12:$B$112

Sheet INPUT DATA
B2: INPUT DATA SHEET
B5: INFORMATION | H5: LEARNERS' NAMES
D8: REGION: | E8: X | I8: MALE | O8: FEMALE
D9: DIVISION: | E9: EDUFILES | I9: 1 | O9: 1
D10: SCHOOL NAME: | E10: EFILES NATIONAL HIGH SCHOOL | I10: 2 | O10: 2
D11: SCHOOL ID: | E11: 123456 | I11: 3 | O11: 3
D12: SCHOOL YEAR: | E12: 2026 -2027 | I12: 4 | O12: 4
I13: 5 | O13: 5
D14: GRADE & SECTION: | E14: IV - MAKABANSA | I14: 6 | O14: 6
D15: SUBJECT: | E15: SCIENCE | I15: 7 | O15: 7
I16: 8 | O16: 8
D17: TEACHER: | E17: SAMUEL A. SILVERIO | I17: 9 | O17: 9
D18: POSITION: | E18: TEACHER VI | I18: 10 | O18: 10
I19: 11 | O19: 11
D20: SCHOOL HEAD: | E20: JUANA DELA CRUZ | I20: 12 | O20: 12
D21: POSITION: | E21: PRINCIPAL III | I21: 13 | O21: 13
I22: 14 | O22: 14
I23: 15 | O23: 15
I24: 16 | O24: 16
I25: 17 | O25: 17
D26: DISCLAIMER: | E26: This Excel-based tool is not the official E-Class Record issued by the Department of Education (DepEd). It is an independently developed EduFilesPH resource designed to assist teachers in recording, computing, organizing, and monitoring learners’ grades more efficiently. The assessment components, grading weights, grade computation, transmutation, descriptors, and reporting features implemented in this tool are based on and aligned with DepEd Order No. 015, s. 2026, titled “Revised Guidelines on Classroom Assessment, Grading System, and Awards and Recognition for the K to 12 Basic Education Program.” Should DepEd release future orders, memoranda, official templates, or revised guidelines that introduce changes affecting classroom assessment, grading, or learner reporting, EduFilesPH may review and update this tool to maintain alignment with the latest applicable policies. | I26: 18 | O26: 18
I27: 19 | O27: 19
I28: 20 | O28: 20
I29: 21 | O29: 21
I30: 22 | O30: 22
I31: 23 | O31: 23
I32: 24 | O32: 24
I33: 25 | O33: 25
I34: 26 | O34: 26
I35: 27 | O35: 27
I36: 28 | O36: 28
I37: 29 | O37: 29
I38: 30 | O38: 30
... I58: 50 | O58: 50

Sheet TERM1
A1: Class Record
B4: REGION | G4: ='INPUT DATA'!E8 -> X | I4: DIVISION | L4: ='INPUT DATA'!E9 -> EDUFILES
B5: SCHOOL NAME | G5: ='INPUT DATA'!E10 -> EFILES NATIONAL HIGH SCHOOL | Q5: SCHOOL ID | S5: ='INPUT DATA'!E11 -> 123456 | V5: SCHOOL YEAR | AB5: ='INPUT DATA'!E12 -> 2026 -2027
A7: TERM 1 | F7: GRADE & SECTION: | J7: ='INPUT DATA'!E14 -> IV - MAKABANSA | N7: TEACHER: | Q7: ='INPUT DATA'!E17 -> SAMUEL A. SILVERIO | X7: SUBJECT: | Z7: ='INPUT DATA'!E15 -> SCIENCE
B8: LEARNERS' NAMES | F8: WRITTEN / ORAL WORKS (20%) | N8: PRODUCT / PERFORMANCE TASKS (50%) | T8: SUMMATIVE TESTS AND TERM EXAMINATIONS (30%) | AB8: INITIAL GRADE | AC8: TERM GRADE | AD8: DESCRIPTOR
F9: 1 | G9: 2 | H9: 3 | I9: 4 | J9: 5 | K9: Total | L9: PS | M9: WS | N9: 1 | O9: 2 | P9: 3 | Q9: Total | R9: PS | S9: WS | T9: ST1 | U9: ST2 | V9: TE | W9: WS ST1 (30%) | X9: WS ST2 (30%) | Y9: WS TE (40%) | Z9: PS ST&TE | AA9: WS ST&TE
B10: HIGHEST POSSIBLE SCORE | K10: =IF(COUNT($F10:$J10)=0,"",SUM($F10:$J10)) | L10: 100 | M10: 0.2 | Q10: =IF(COUNT($N10:$P10)=0,"",SUM($N10:$P10)) | R10: 100 | S10: 0.5 | W10: 30 | X10: 30 | Y10: 40 | Z10: 100 | AA10: 0.3
B11: MALE
A12: 1 | B12: ='INPUT DATA'!J9 -> 0 | K12: =IF(COUNT($F12:$J12)=0,"",SUM($F12:$J12)) | L12: =IF(ISERROR(IF($K12="","",ROUND(($K12/$K$10)*$L$10,2))),"",IF($K12="","",ROUND(($K12/$K$10)*$L$10,2))) | M12: =IF($L12="","",ROUND($L12*$M$10,2)) | Q12: =IF(COUNT($N12:$P12)=0,"",SUM($N12:$P12)) | R12: =IF(ISERROR(IF($Q12="","",ROUND(($Q12/$Q$10)*$R$10,2))),"",IF($Q12="","",ROUND(($Q12/$Q$10)*$R$10,2))) | S12: =IF($R12="","",ROUND($R12*$S$10,2)) | W12: =IF(OR(T12="",$T$10=""),"",(T12/$T$10)*$W$10) | X12: =IF(OR(U12="",$U$10=""),"",(U12/$U$10)*$X$10) | Y12: =IF(OR(V12="",$V$10=""),"",(V12/$V$10)*$Y$10) | Z12: =IF(COUNT($W12:$Y12)=0,"",IFERROR(ROUND((SUM($W12:$Y12)/SUM($W$10:$Y$10))*$Z$10,2),"")) | AA12: =IF($Z12="","",ROUND($Z12*$AA$10,2)) | AB12: =IF(ISERROR(IF($Z12="","",ROUND(SUM($M12,$S12,$AA12),2))),"",IF($Z12="","",ROUND(SUM($M12,$S12,$AA12),2))) | AC12: =IF(ISERROR(IF($Z12="","",VLOOKUP(AB12,NewTransmu,4,TRUE))),"",IF($Z12="","",VLOOKUP(AB12,NewTransmu,4,TRUE))) | AD12: =IF(ISERROR(IF(AC12="","",VLOOKUP(AC12,DESCRIPTORS,4,TRUE))),"",IF(AC12="","",VLOOKUP(AC12,DESCRIPTORS,4,TRUE)))
A13: 2 | B13: ='INPUT DATA'!J10 -> 0 | K13: =IF(COUNT($F13:$J13)=0,"",SUM($F13:$J13)) | L13: =IF(ISERROR(IF($K13="","",ROUND(($K13/$K$10)*$L$10,2))),"",IF($K13="","",ROUND(($K13/$K$10)*$L$10,2))) | M13: =IF($L13="","",ROUND($L13*$M$10,2)) | Q13: =IF(COUNT($N13:$P13)=0,"",SUM($N13:$P13)) | R13: =IF(ISERROR(IF($Q13="","",ROUND(($Q13/$Q$10)*$R$10,2))),"",IF($Q13="","",ROUND(($Q13/$Q$10)*$R$10,2))) | S13: =IF($R13="","",ROUND($R13*$S$10,2)) | W13: =IF(OR(T13="",$T$10=""),"",(T13/$T$10)*$W$10) | X13: =IF(OR(U13="",$U$10=""),"",(U13/$U$10)*$X$10) | Y13: =IF(OR(V13="",$V$10=""),"",(V13/$V$10)*$Y$10) | Z13: =IF(COUNT($W13:$Y13)=0,"",IFERROR(ROUND((SUM($W13:$Y13)/SUM($W$10:$Y$10))*$Z$10,2),"")) | AA13: =IF($Z13="","",ROUND($Z13*$AA$10,2)) | AB13: =IF(ISERROR(IF($Z13="","",ROUND(SUM($M13,$S13,$AA13),2))),"",IF($Z13="","",ROUND(SUM($M13,$S13,$AA13),2))) | AC13: =IF(ISERROR(IF($Z13="","",VLOOKUP(AB13,NewTransmu,4,TRUE))),"",IF($Z13="","",VLOOKUP(AB13,NewTransmu,4,TRUE))) | AD13: =IF(ISERROR(IF(AC13="","",VLOOKUP(AC13,DESCRIPTORS,4,TRUE))),"",IF(AC13="","",VLOOKUP(AC13,DESCRIPTORS,4,TRUE)))
A14: 3 | B14: ='INPUT DATA'!J11 -> 0 | K14: =IF(COUNT($F14:$J14)=0,"",SUM($F14:$J14)) | L14: =IF(ISERROR(IF($K14="","",ROUND(($K14/$K$10)*$L$10,2))),"",IF($K14="","",ROUND(($K14/$K$10)*$L$10,2))) | M14: =IF($L14="","",ROUND($L14*$M$10,2)) | Q14: =IF(COUNT($N14:$P14)=0,"",SUM($N14:$P14)) | R14: =IF(ISERROR(IF($Q14="","",ROUND(($Q14/$Q$10)*$R$10,2))),"",IF($Q14="","",ROUND(($Q14/$Q$10)*$R$10,2))) | S14: =IF($R14="","",ROUND($R14*$S$10,2)) | W14: =IF(OR(T14="",$T$10=""),"",(T14/$T$10)*$W$10) | X14: =IF(OR(U14="",$U$10=""),"",(U14/$U$10)*$X$10) | Y14: =IF(OR(V14="",$V$10=""),"",(V14/$V$10)*$Y$10) | Z14: =IF(COUNT($W14:$Y14)=0,"",IFERROR(ROUND((SUM($W14:$Y14)/SUM($W$10:$Y$10))*$Z$10,2),"")) | AA14: =IF($Z14="","",ROUND($Z14*$AA$10,2)) | AB14: =IF(ISERROR(IF($Z14="","",ROUND(SUM($M14,$S14,$AA14),2))),"",IF($Z14="","",ROUND(SUM($M14,$S14,$AA14),2))) | AC14: =IF(ISERROR(IF($Z14="","",VLOOKUP(AB14,NewTransmu,4,TRUE))),"",IF($Z14="","",VLOOKUP(AB14,NewTransmu,4,TRUE))) | AD14: =IF(ISERROR(IF(AC14="","",VLOOKUP(AC14,DESCRIPTORS,4,TRUE))),"",IF(AC14="","",VLOOKUP(AC14,DESCRIPTORS,4,TRUE)))
A15: 4 | B15: ='INPUT DATA'!J12 -> 0 | K15: =IF(COUNT($F15:$J15)=0,"",SUM($F15:$J15)) | L15: =IF(ISERROR(IF($K15="","",ROUND(($K15/$K$10)*$L$10,2))),"",IF($K15="","",ROUND(($K15/$K$10)*$L$10,2))) | M15: =IF($L15="","",ROUND($L15*$M$10,2)) | Q15: =IF(COUNT($N15:$P15)=0,"",SUM($N15:$P15)) | R15: =IF(ISERROR(IF($Q15="","",ROUND(($Q15/$Q$10)*$R$10,2))),"",IF($Q15="","",ROUND(($Q15/$Q$10)*$R$10,2))) | S15: =IF($R15="","",ROUND($R15*$S$10,2)) | W15: =IF(OR(T15="",$T$10=""),"",(T15/$T$10)*$W$10) | X15: =IF(OR(U15="",$U$10=""),"",(U15/$U$10)*$X$10) | Y15: =IF(OR(V15="",$V$10=""),"",(V15/$V$10)*$Y$10) | Z15: =IF(COUNT($W15:$Y15)=0,"",IFERROR(ROUND((SUM($W15:$Y15)/SUM($W$10:$Y$10))*$Z$10,2),"")) | AA15: =IF($Z15="","",ROUND($Z15*$AA$10,2)) | AB15: =IF(ISERROR(IF($Z15="","",ROUND(SUM($M15,$S15,$AA15),2))),"",IF($Z15="","",ROUND(SUM($M15,$S15,$AA15),2))) | AC15: =IF(ISERROR(IF($Z15="","",VLOOKUP(AB15,NewTransmu,4,TRUE))),"",IF($Z15="","",VLOOKUP(AB15,NewTransmu,4,TRUE))) | AD15: =IF(ISERROR(IF(AC15="","",VLOOKUP(AC15,DESCRIPTORS,4,TRUE))),"",IF(AC15="","",VLOOKUP(AC15,DESCRIPTORS,4,TRUE)))
A16: 5 | B16: ='INPUT DATA'!J13 -> 0 | K16: =IF(COUNT($F16:$J16)=0,"",SUM($F16:$J16)) | L16: =IF(ISERROR(IF($K16="","",ROUND(($K16/$K$10)*$L$10,2))),"",IF($K16="","",ROUND(($K16/$K$10)*$L$10,2))) | M16: =IF($L16="","",ROUND($L16*$M$10,2)) | Q16: =IF(COUNT($N16:$P16)=0,"",SUM($N16:$P16)) | R16: =IF(ISERROR(IF($Q16="","",ROUND(($Q16/$Q$10)*$R$10,2))),"",IF($Q16="","",ROUND(($Q16/$Q$10)*$R$10,2))) | S16: =IF($R16="","",ROUND($R16*$S$10,2)) | W16: =IF(OR(T16="",$T$10=""),"",(T16/$T$10)*$W$10) | X16: =IF(OR(U16="",$U$10=""),"",(U16/$U$10)*$X$10) | Y16: =IF(OR(V16="",$V$10=""),"",(V16/$V$10)*$Y$10) | Z16: =IF(COUNT($W16:$Y16)=0,"",IFERROR(ROUND((SUM($W16:$Y16)/SUM($W$10:$Y$10))*$Z$10,2),"")) | AA16: =IF($Z16="","",ROUND($Z16*$AA$10,2)) | AB16: =IF(ISERROR(IF($Z16="","",ROUND(SUM($M16,$S16,$AA16),2))),"",IF($Z16="","",ROUND(SUM($M16,$S16,$AA16),2))) | AC16: =IF(ISERROR(IF($Z16="","",VLOOKUP(AB16,NewTransmu,4,TRUE))),"",IF($Z16="","",VLOOKUP(AB16,NewTransmu,4,TRUE))) | AD16: =IF(ISERROR(IF(AC16="","",VLOOKUP(AC16,DESCRIPTORS,4,TRUE))),"",IF(AC16="","",VLOOKUP(AC16,DESCRIPTORS,4,TRUE)))
A17: 6 | B17: ='INPUT DATA'!J14 -> 0 | K17: =IF(COUNT($F17:$J17)=0,"",SUM($F17:$J17)) | L17: =IF(ISERROR(IF($K17="","",ROUND(($K17/$K$10)*$L$10,2))),"",IF($K17="","",ROUND(($K17/$K$10)*$L$10,2))) | M17: =IF($L17="","",ROUND($L17*$M$10,2)) | Q17: =IF(COUNT($N17:$P17)=0,"",SUM($N17:$P17)) | R17: =IF(ISERROR(IF($Q17="","",ROUND(($Q17/$Q$10)*$R$10,2))),"",IF($Q17="","",ROUND(($Q17/$Q$10)*$R$10,2))) | S17: =IF($R17="","",ROUND($R17*$S$10,2)) | W17: =IF(OR(T17="",$T$10=""),"",(T17/$T$10)*$W$10) | X17: =IF(OR(U17="",$U$10=""),"",(U17/$U$10)*$X$10) | Y17: =IF(OR(V17="",$V$10=""),"",(V17/$V$10)*$Y$10) | Z17: =IF(COUNT($W17:$Y17)=0,"",IFERROR(ROUND((SUM($W17:$Y17)/SUM($W$10:$Y$10))*$Z$10,2),"")) | AA17: =IF($Z17="","",ROUND($Z17*$AA$10,2)) | AB17: =IF(ISERROR(IF($Z17="","",ROUND(SUM($M17,$S17,$AA17),2))),"",IF($Z17="","",ROUND(SUM($M17,$S17,$AA17),2))) | AC17: =IF(ISERROR(IF($Z17="","",VLOOKUP(AB17,NewTransmu,4,TRUE))),"",IF($Z17="","",VLOOKUP(AB17,NewTransmu,4,TRUE))) | AD17: =IF(ISERROR(IF(AC17="","",VLOOKUP(AC17,DESCRIPTORS,4,TRUE))),"",IF(AC17="","",VLOOKUP(AC17,DESCRIPTORS,4,TRUE)))
A18: 7 | B18: ='INPUT DATA'!J15 -> 0 | K18: =IF(COUNT($F18:$J18)=0,"",SUM($F18:$J18)) | L18: =IF(ISERROR(IF($K18="","",ROUND(($K18/$K$10)*$L$10,2))),"",IF($K18="","",ROUND(($K18/$K$10)*$L$10,2))) | M18: =IF($L18="","",ROUND($L18*$M$10,2)) | Q18: =IF(COUNT($N18:$P18)=0,"",SUM($N18:$P18)) | R18: =IF(ISERROR(IF($Q18="","",ROUND(($Q18/$Q$10)*$R$10,2))),"",IF($Q18="","",ROUND(($Q18/$Q$10)*$R$10,2))) | S18: =IF($R18="","",ROUND($R18*$S$10,2)) | W18: =IF(OR(T18="",$T$10=""),"",(T18/$T$10)*$W$10) | X18: =IF(OR(U18="",$U$10=""),"",(U18/$U$10)*$X$10) | Y18: =IF(OR(V18="",$V$10=""),"",(V18/$V$10)*$Y$10) | Z18: =IF(COUNT($W18:$Y18)=0,"",IFERROR(ROUND((SUM($W18:$Y18)/SUM($W$10:$Y$10))*$Z$10,2),"")) | AA18: =IF($Z18="","",ROUND($Z18*$AA$10,2)) | AB18: =IF(ISERROR(IF($Z18="","",ROUND(SUM($M18,$S18,$AA18),2))),"",IF($Z18="","",ROUND(SUM($M18,$S18,$AA18),2))) | AC18: =IF(ISERROR(IF($Z18="","",VLOOKUP(AB18,NewTransmu,4,TRUE))),"",IF($Z18="","",VLOOKUP(AB18,NewTransmu,4,TRUE))) | AD18: =IF(ISERROR(IF(AC18="","",VLOOKUP(AC18,DESCRIPTORS,4,TRUE))),"",IF(AC18="","",VLOOKUP(AC18,DESCRIPTORS,4,TRUE)))
A19: 8 | B19: ='INPUT DATA'!J16 -> 0 | K19: =IF(COUNT($F19:$J19)=0,"",SUM($F19:$J19)) | L19: =IF(ISERROR(IF($K19="","",ROUND(($K19/$K$10)*$L$10,2))),"",IF($K19="","",ROUND(($K19/$K$10)*$L$10,2))) | M19: =IF($L19="","",ROUND($L19*$M$10,2)) | Q19: =IF(COUNT($N19:$P19)=0,"",SUM($N19:$P19)) | R19: =IF(ISERROR(IF($Q19="","",ROUND(($Q19/$Q$10)*$R$10,2))),"",IF($Q19="","",ROUND(($Q19/$Q$10)*$R$10,2))) | S19: =IF($R19="","",ROUND($R19*$S$10,2)) | W19: =IF(OR(T19="",$T$10=""),"",(T19/$T$10)*$W$10) | X19: =IF(OR(U19="",$U$10=""),"",(U19/$U$10)*$X$10) | Y19: =IF(OR(V19="",$V$10=""),"",(V19/$V$10)*$Y$10) | Z19: =IF(COUNT($W19:$Y19)=0,"",IFERROR(ROUND((SUM($W19:$Y19)/SUM($W$10:$Y$10))*$Z$10,2),"")) | AA19: =IF($Z19="","",ROUND($Z19*$AA$10,2)) | AB19: =IF(ISERROR(IF($Z19="","",ROUND(SUM($M19,$S19,$AA19),2))),"",IF($Z19="","",ROUND(SUM($M19,$S19,$AA19),2))) | AC19: =IF(ISERROR(IF($Z19="","",VLOOKUP(AB19,NewTransmu,4,TRUE))),"",IF($Z19="","",VLOOKUP(AB19,NewTransmu,4,TRUE))) | AD19: =IF(ISERROR(IF(AC19="","",VLOOKUP(AC19,DESCRIPTORS,4,TRUE))),"",IF(AC19="","",VLOOKUP(AC19,DESCRIPTORS,4,TRUE)))
A20: 9 | B20: ='INPUT DATA'!J17 -> 0 | K20: =IF(COUNT($F20:$J20)=0,"",SUM($F20:$J20)) | L20: =IF(ISERROR(IF($K20="","",ROUND(($K20/$K$10)*$L$10,2))),"",IF($K20="","",ROUND(($K20/$K$10)*$L$10,2))) | M20: =IF($L20="","",ROUND($L20*$M$10,2)) | Q20: =IF(COUNT($N20:$P20)=0,"",SUM($N20:$P20)) | R20: =IF(ISERROR(IF($Q20="","",ROUND(($Q20/$Q$10)*$R$10,2))),"",IF($Q20="","",ROUND(($Q20/$Q$10)*$R$10,2))) | S20: =IF($R20="","",ROUND($R20*$S$10,2)) | W20: =IF(OR(T20="",$T$10=""),"",(T20/$T$10)*$W$10) | X20: =IF(OR(U20="",$U$10=""),"",(U20/$U$10)*$X$10) | Y20: =IF(OR(V20="",$V$10=""),"",(V20/$V$10)*$Y$10) | Z20: =IF(COUNT($W20:$Y20)=0,"",IFERROR(ROUND((SUM($W20:$Y20)/SUM($W$10:$Y$10))*$Z$10,2),"")) | AA20: =IF($Z20="","",ROUND($Z20*$AA$10,2)) | AB20: =IF(ISERROR(IF($Z20="","",ROUND(SUM($M20,$S20,$AA20),2))),"",IF($Z20="","",ROUND(SUM($M20,$S20,$AA20),2))) | AC20: =IF(ISERROR(IF($Z20="","",VLOOKUP(AB20,NewTransmu,4,TRUE))),"",IF($Z20="","",VLOOKUP(AB20,NewTransmu,4,TRUE))) | AD20: =IF(ISERROR(IF(AC20="","",VLOOKUP(AC20,DESCRIPTORS,4,TRUE))),"",IF(AC20="","",VLOOKUP(AC20,DESCRIPTORS,4,TRUE)))
A21: 10 | B21: ='INPUT DATA'!J18 -> 0 | K21: =IF(COUNT($F21:$J21)=0,"",SUM($F21:$J21)) | L21: =IF(ISERROR(IF($K21="","",ROUND(($K21/$K$10)*$L$10,2))),"",IF($K21="","",ROUND(($K21/$K$10)*$L$10,2))) | M21: =IF($L21="","",ROUND($L21*$M$10,2)) | Q21: =IF(COUNT($N21:$P21)=0,"",SUM($N21:$P21)) | R21: =IF(ISERROR(IF($Q21="","",ROUND(($Q21/$Q$10)*$R$10,2))),"",IF($Q21="","",ROUND(($Q21/$Q$10)*$R$10,2))) | S21: =IF($R21="","",ROUND($R21*$S$10,2)) | W21: =IF(OR(T21="",$T$10=""),"",(T21/$T$10)*$W$10) | X21: =IF(OR(U21="",$U$10=""),"",(U21/$U$10)*$X$10) | Y21: =IF(OR(V21="",$V$10=""),"",(V21/$V$10)*$Y$10) | Z21: =IF(COUNT($W21:$Y21)=0,"",IFERROR(ROUND((SUM($W21:$Y21)/SUM($W$10:$Y$10))*$Z$10,2),"")) | AA21: =IF($Z21="","",ROUND($Z21*$AA$10,2)) | AB21: =IF(ISERROR(IF($Z21="","",ROUND(SUM($M21,$S21,$AA21),2))),"",IF($Z21="","",ROUND(SUM($M21,$S21,$AA21),2))) | AC21: =IF(ISERROR(IF($Z21="","",VLOOKUP(AB21,NewTransmu,4,TRUE))),"",IF($Z21="","",VLOOKUP(AB21,NewTransmu,4,TRUE))) | AD21: =IF(ISERROR(IF(AC21="","",VLOOKUP(AC21,DESCRIPTORS,4,TRUE))),"",IF(AC21="","",VLOOKUP(AC21,DESCRIPTORS,4,TRUE)))
A22: 11 | B22: ='INPUT DATA'!J19 -> 0 | K22: =IF(COUNT($F22:$J22)=0,"",SUM($F22:$J22)) | L22: =IF(ISERROR(IF($K22="","",ROUND(($K22/$K$10)*$L$10,2))),"",IF($K22="","",ROUND(($K22/$K$10)*$L$10,2))) | M22: =IF($L22="","",ROUND($L22*$M$10,2)) | Q22: =IF(COUNT($N22:$P22)=0,"",SUM($N22:$P22)) | R22: =IF(ISERROR(IF($Q22="","",ROUND(($Q22/$Q$10)*$R$10,2))),"",IF($Q22="","",ROUND(($Q22/$Q$10)*$R$10,2))) | S22: =IF($R22="","",ROUND($R22*$S$10,2)) | W22: =IF(OR(T22="",$T$10=""),"",(T22/$T$10)*$W$10) | X22: =IF(OR(U22="",$U$10=""),"",(U22/$U$10)*$X$10) | Y22: =IF(OR(V22="",$V$10=""),"",(V22/$V$10)*$Y$10) | Z22: =IF(COUNT($W22:$Y22)=0,"",IFERROR(ROUND((SUM($W22:$Y22)/SUM($W$10:$Y$10))*$Z$10,2),"")) | AA22: =IF($Z22="","",ROUND($Z22*$AA$10,2)) | AB22: =IF(ISERROR(IF($Z22="","",ROUND(SUM($M22,$S22,$AA22),2))),"",IF($Z22="","",ROUND(SUM($M22,$S22,$AA22),2))) | AC22: =IF(ISERROR(IF($Z22="","",VLOOKUP(AB22,NewTransmu,4,TRUE))),"",IF($Z22="","",VLOOKUP(AB22,NewTransmu,4,TRUE))) | AD22: =IF(ISERROR(IF(AC22="","",VLOOKUP(AC22,DESCRIPTORS,4,TRUE))),"",IF(AC22="","",VLOOKUP(AC22,DESCRIPTORS,4,TRUE)))
A23: 12 | B23: ='INPUT DATA'!J20 -> 0 | K23: =IF(COUNT($F23:$J23)=0,"",SUM($F23:$J23)) | L23: =IF(ISERROR(IF($K23="","",ROUND(($K23/$K$10)*$L$10,2))),"",IF($K23="","",ROUND(($K23/$K$10)*$L$10,2))) | M23: =IF($L23="","",ROUND($L23*$M$10,2)) | Q23: =IF(COUNT($N23:$P23)=0,"",SUM($N23:$P23)) | R23: =IF(ISERROR(IF($Q23="","",ROUND(($Q23/$Q$10)*$R$10,2))),"",IF($Q23="","",ROUND(($Q23/$Q$10)*$R$10,2))) | S23: =IF($R23="","",ROUND($R23*$S$10,2)) | W23: =IF(OR(T23="",$T$10=""),"",(T23/$T$10)*$W$10) | X23: =IF(OR(U23="",$U$10=""),"",(U23/$U$10)*$X$10) | Y23: =IF(OR(V23="",$V$10=""),"",(V23/$V$10)*$Y$10) | Z23: =IF(COUNT($W23:$Y23)=0,"",IFERROR(ROUND((SUM($W23:$Y23)/SUM($W$10:$Y$10))*$Z$10,2),"")) | AA23: =IF($Z23="","",ROUND($Z23*$AA$10,2)) | AB23: =IF(ISERROR(IF($Z23="","",ROUND(SUM($M23,$S23,$AA23),2))),"",IF($Z23="","",ROUND(SUM($M23,$S23,$AA23),2))) | AC23: =IF(ISERROR(IF($Z23="","",VLOOKUP(AB23,NewTransmu,4,TRUE))),"",IF($Z23="","",VLOOKUP(AB23,NewTransmu,4,TRUE))) | AD23: =IF(ISERROR(IF(AC23="","",VLOOKUP(AC23,DESCRIPTORS,4,TRUE))),"",IF(AC23="","",VLOOKUP(AC23,DESCRIPTORS,4,TRUE)))
... A61: 50 | B61: ='INPUT DATA'!J58 -> 0 | K61: =IF(COUNT($F61:$J61)=0,"",SUM($F61:$J61)) | L61: =IF(ISERROR(IF($K61="","",ROUND(($K61/$K$10)*$L$10,2))),"",IF($K61="","",ROUND(($K61/$K$10)*$L$10,2))) | M61: =IF($L61="","",ROUND($L61*$M$10,2)) | Q61: =IF(COUNT($N61:$P61)=0,"",SUM($N61:$P61)) | R61: =IF(ISERROR(IF($Q61="","",ROUND(($Q61/$Q$10)*$R$10,2))),"",IF($Q61="","",ROUND(($Q61/$Q$10)*$R$10,2))) | S61: =IF($R61="","",ROUND($R61*$S$10,2)) | W61: =IF(OR(T61="",$T$10=""),"",(T61/$T$10)*$W$10) | X61: =IF(OR(U61="",$U$10=""),"",(U61/$U$10)*$X$10) | Y61: =IF(OR(V61="",$V$10=""),"",(V61/$V$10)*$Y$10) | Z61: =IF(COUNT($W61:$Y61)=0,"",IFERROR(ROUND((SUM($W61:$Y61)/SUM($W$10:$Y$10))*$Z$10,2),"")) | AA61: =IF($Z61="","",ROUND($Z61*$AA$10,2)) | AB61: =IF(ISERROR(IF($Z61="","",ROUND(SUM($M61,$S61,$AA61),2))),"",IF($Z61="","",ROUND(SUM($M61,$S61,$AA61),2))) | AC61: =IF(ISERROR(IF($Z61="","",VLOOKUP(AB61,NewTransmu,4,TRUE))),"",IF($Z61="","",VLOOKUP(AB61,NewTransmu,4,TRUE))) | AD61: =IF(ISERROR(IF(AC61="","",VLOOKUP(AC61,DESCRIPTORS,4,TRUE))),"",IF(AC61="","",VLOOKUP(AC61,DESCRIPTORS,4,TRUE)))
B62: FEMALE
A63: 1 | B63: ='INPUT DATA'!P9 -> 0 | K63: =IF(COUNT($F63:$J63)=0,"",SUM($F63:$J63)) | L63: =IF(ISERROR(IF($K63="","",ROUND(($K63/$K$10)*$L$10,2))),"",IF($K63="","",ROUND(($K63/$K$10)*$L$10,2))) | M63: =IF($L63="","",ROUND($L63*$M$10,2)) | Q63: =IF(COUNT($N63:$P63)=0,"",SUM($N63:$P63)) | R63: =IF(ISERROR(IF($Q63="","",ROUND(($Q63/$Q$10)*$R$10,2))),"",IF($Q63="","",ROUND(($Q63/$Q$10)*$R$10,2))) | S63: =IF($R63="","",ROUND($R63*$S$10,2)) | W63: =IF(OR(T63="",$T$10=""),"",(T63/$T$10)*$W$10) | X63: =IF(OR(U63="",$U$10=""),"",(U63/$U$10)*$X$10) | Y63: =IF(OR(V63="",$V$10=""),"",(V63/$V$10)*$Y$10) | Z63: =IF(COUNT($W63:$Y63)=0,"",IFERROR(ROUND((SUM($W63:$Y63)/SUM($W$10:$Y$10))*$Z$10,2),"")) | AA63: =IF($Z63="","",ROUND($Z63*$AA$10,2)) | AB63: =IF(ISERROR(IF($Z63="","",ROUND(SUM($M63,$S63,$AA63),2))),"",IF($Z63="","",ROUND(SUM($M63,$S63,$AA63),2))) | AC63: =IF(ISERROR(IF($Z63="","",VLOOKUP(AB63,NewTransmu,4,TRUE))),"",IF($Z63="","",VLOOKUP(AB63,NewTransmu,4,TRUE))) | AD63: =IF(ISERROR(IF(AC63="","",VLOOKUP(AC63,DESCRIPTORS,4,TRUE))),"",IF(AC63="","",VLOOKUP(AC63,DESCRIPTORS,4,TRUE)))
A64: 2 | B64: ='INPUT DATA'!P10 -> 0 | K64: =IF(COUNT($F64:$J64)=0,"",SUM($F64:$J64)) | L64: =IF(ISERROR(IF($K64="","",ROUND(($K64/$K$10)*$L$10,2))),"",IF($K64="","",ROUND(($K64/$K$10)*$L$10,2))) | M64: =IF($L64="","",ROUND($L64*$M$10,2)) | Q64: =IF(COUNT($N64:$P64)=0,"",SUM($N64:$P64)) | R64: =IF(ISERROR(IF($Q64="","",ROUND(($Q64/$Q$10)*$R$10,2))),"",IF($Q64="","",ROUND(($Q64/$Q$10)*$R$10,2))) | S64: =IF($R64="","",ROUND($R64*$S$10,2)) | W64: =IF(OR(T64="",$T$10=""),"",(T64/$T$10)*$W$10) | X64: =IF(OR(U64="",$U$10=""),"",(U64/$U$10)*$X$10) | Y64: =IF(OR(V64="",$V$10=""),"",(V64/$V$10)*$Y$10) | Z64: =IF(COUNT($W64:$Y64)=0,"",IFERROR(ROUND((SUM($W64:$Y64)/SUM($W$10:$Y$10))*$Z$10,2),"")) | AA64: =IF($Z64="","",ROUND($Z64*$AA$10,2)) | AB64: =IF(ISERROR(IF($Z64="","",ROUND(SUM($M64,$S64,$AA64),2))),"",IF($Z64="","",ROUND(SUM($M64,$S64,$AA64),2))) | AC64: =IF(ISERROR(IF($Z64="","",VLOOKUP(AB64,NewTransmu,4,TRUE))),"",IF($Z64="","",VLOOKUP(AB64,NewTransmu,4,TRUE))) | AD64: =IF(ISERROR(IF(AC64="","",VLOOKUP(AC64,DESCRIPTORS,4,TRUE))),"",IF(AC64="","",VLOOKUP(AC64,DESCRIPTORS,4,TRUE)))
A65: 3 | B65: ='INPUT DATA'!P11 -> 0 | K65: =IF(COUNT($F65:$J65)=0,"",SUM($F65:$J65)) | L65: =IF(ISERROR(IF($K65="","",ROUND(($K65/$K$10)*$L$10,2))),"",IF($K65="","",ROUND(($K65/$K$10)*$L$10,2))) | M65: =IF($L65="","",ROUND($L65*$M$10,2)) | Q65: =IF(COUNT($N65:$P65)=0,"",SUM($N65:$P65)) | R65: =IF(ISERROR(IF($Q65="","",ROUND(($Q65/$Q$10)*$R$10,2))),"",IF($Q65="","",ROUND(($Q65/$Q$10)*$R$10,2))) | S65: =IF($R65="","",ROUND($R65*$S$10,2)) | W65: =IF(OR(T65="",$T$10=""),"",(T65/$T$10)*$W$10) | X65: =IF(OR(U65="",$U$10=""),"",(U65/$U$10)*$X$10) | Y65: =IF(OR(V65="",$V$10=""),"",(V65/$V$10)*$Y$10) | Z65: =IF(COUNT($W65:$Y65)=0,"",IFERROR(ROUND((SUM($W65:$Y65)/SUM($W$10:$Y$10))*$Z$10,2),"")) | AA65: =IF($Z65="","",ROUND($Z65*$AA$10,2)) | AB65: =IF(ISERROR(IF($Z65="","",ROUND(SUM($M65,$S65,$AA65),2))),"",IF($Z65="","",ROUND(SUM($M65,$S65,$AA65),2))) | AC65: =IF(ISERROR(IF($Z65="","",VLOOKUP(AB65,NewTransmu,4,TRUE))),"",IF($Z65="","",VLOOKUP(AB65,NewTransmu,4,TRUE))) | AD65: =IF(ISERROR(IF(AC65="","",VLOOKUP(AC65,DESCRIPTORS,4,TRUE))),"",IF(AC65="","",VLOOKUP(AC65,DESCRIPTORS,4,TRUE)))
A66: 4 | B66: ='INPUT DATA'!P12 -> 0 | K66: =IF(COUNT($F66:$J66)=0,"",SUM($F66:$J66)) | L66: =IF(ISERROR(IF($K66="","",ROUND(($K66/$K$10)*$L$10,2))),"",IF($K66="","",ROUND(($K66/$K$10)*$L$10,2))) | M66: =IF($L66="","",ROUND($L66*$M$10,2)) | Q66: =IF(COUNT($N66:$P66)=0,"",SUM($N66:$P66)) | R66: =IF(ISERROR(IF($Q66="","",ROUND(($Q66/$Q$10)*$R$10,2))),"",IF($Q66="","",ROUND(($Q66/$Q$10)*$R$10,2))) | S66: =IF($R66="","",ROUND($R66*$S$10,2)) | W66: =IF(OR(T66="",$T$10=""),"",(T66/$T$10)*$W$10) | X66: =IF(OR(U66="",$U$10=""),"",(U66/$U$10)*$X$10) | Y66: =IF(OR(V66="",$V$10=""),"",(V66/$V$10)*$Y$10) | Z66: =IF(COUNT($W66:$Y66)=0,"",IFERROR(ROUND((SUM($W66:$Y66)/SUM($W$10:$Y$10))*$Z$10,2),"")) | AA66: =IF($Z66="","",ROUND($Z66*$AA$10,2)) | AB66: =IF(ISERROR(IF($Z66="","",ROUND(SUM($M66,$S66,$AA66),2))),"",IF($Z66="","",ROUND(SUM($M66,$S66,$AA66),2))) | AC66: =IF(ISERROR(IF($Z66="","",VLOOKUP(AB66,NewTransmu,4,TRUE))),"",IF($Z66="","",VLOOKUP(AB66,NewTransmu,4,TRUE))) | AD66: =IF(ISERROR(IF(AC66="","",VLOOKUP(AC66,DESCRIPTORS,4,TRUE))),"",IF(AC66="","",VLOOKUP(AC66,DESCRIPTORS,4,TRUE)))
A67: 5 | B67: ='INPUT DATA'!P13 -> 0 | K67: =IF(COUNT($F67:$J67)=0,"",SUM($F67:$J67)) | L67: =IF(ISERROR(IF($K67="","",ROUND(($K67/$K$10)*$L$10,2))),"",IF($K67="","",ROUND(($K67/$K$10)*$L$10,2))) | M67: =IF($L67="","",ROUND($L67*$M$10,2)) | Q67: =IF(COUNT($N67:$P67)=0,"",SUM($N67:$P67)) | R67: =IF(ISERROR(IF($Q67="","",ROUND(($Q67/$Q$10)*$R$10,2))),"",IF($Q67="","",ROUND(($Q67/$Q$10)*$R$10,2))) | S67: =IF($R67="","",ROUND($R67*$S$10,2)) | W67: =IF(OR(T67="",$T$10=""),"",(T67/$T$10)*$W$10) | X67: =IF(OR(U67="",$U$10=""),"",(U67/$U$10)*$X$10) | Y67: =IF(OR(V67="",$V$10=""),"",(V67/$V$10)*$Y$10) | Z67: =IF(COUNT($W67:$Y67)=0,"",IFERROR(ROUND((SUM($W67:$Y67)/SUM($W$10:$Y$10))*$Z$10,2),"")) | AA67: =IF($Z67="","",ROUND($Z67*$AA$10,2)) | AB67: =IF(ISERROR(IF($Z67="","",ROUND(SUM($M67,$S67,$AA67),2))),"",IF($Z67="","",ROUND(SUM($M67,$S67,$AA67),2))) | AC67: =IF(ISERROR(IF($Z67="","",VLOOKUP(AB67,NewTransmu,4,TRUE))),"",IF($Z67="","",VLOOKUP(AB67,NewTransmu,4,TRUE))) | AD67: =IF(ISERROR(IF(AC67="","",VLOOKUP(AC67,DESCRIPTORS,4,TRUE))),"",IF(AC67="","",VLOOKUP(AC67,DESCRIPTORS,4,TRUE)))
A68: 6 | B68: ='INPUT DATA'!P14 -> 0 | K68: =IF(COUNT($F68:$J68)=0,"",SUM($F68:$J68)) | L68: =IF(ISERROR(IF($K68="","",ROUND(($K68/$K$10)*$L$10,2))),"",IF($K68="","",ROUND(($K68/$K$10)*$L$10,2))) | M68: =IF($L68="","",ROUND($L68*$M$10,2)) | Q68: =IF(COUNT($N68:$P68)=0,"",SUM($N68:$P68)) | R68: =IF(ISERROR(IF($Q68="","",ROUND(($Q68/$Q$10)*$R$10,2))),"",IF($Q68="","",ROUND(($Q68/$Q$10)*$R$10,2))) | S68: =IF($R68="","",ROUND($R68*$S$10,2)) | W68: =IF(OR(T68="",$T$10=""),"",(T68/$T$10)*$W$10) | X68: =IF(OR(U68="",$U$10=""),"",(U68/$U$10)*$X$10) | Y68: =IF(OR(V68="",$V$10=""),"",(V68/$V$10)*$Y$10) | Z68: =IF(COUNT($W68:$Y68)=0,"",IFERROR(ROUND((SUM($W68:$Y68)/SUM($W$10:$Y$10))*$Z$10,2),"")) | AA68: =IF($Z68="","",ROUND($Z68*$AA$10,2)) | AB68: =IF(ISERROR(IF($Z68="","",ROUND(SUM($M68,$S68,$AA68),2))),"",IF($Z68="","",ROUND(SUM($M68,$S68,$AA68),2))) | AC68: =IF(ISERROR(IF($Z68="","",VLOOKUP(AB68,NewTransmu,4,TRUE))),"",IF($Z68="","",VLOOKUP(AB68,NewTransmu,4,TRUE))) | AD68: =IF(ISERROR(IF(AC68="","",VLOOKUP(AC68,DESCRIPTORS,4,TRUE))),"",IF(AC68="","",VLOOKUP(AC68,DESCRIPTORS,4,TRUE)))
A69: 7 | B69: ='INPUT DATA'!P15 -> 0 | K69: =IF(COUNT($F69:$J69)=0,"",SUM($F69:$J69)) | L69: =IF(ISERROR(IF($K69="","",ROUND(($K69/$K$10)*$L$10,2))),"",IF($K69="","",ROUND(($K69/$K$10)*$L$10,2))) | M69: =IF($L69="","",ROUND($L69*$M$10,2)) | Q69: =IF(COUNT($N69:$P69)=0,"",SUM($N69:$P69)) | R69: =IF(ISERROR(IF($Q69="","",ROUND(($Q69/$Q$10)*$R$10,2))),"",IF($Q69="","",ROUND(($Q69/$Q$10)*$R$10,2))) | S69: =IF($R69="","",ROUND($R69*$S$10,2)) | W69: =IF(OR(T69="",$T$10=""),"",(T69/$T$10)*$W$10) | X69: =IF(OR(U69="",$U$10=""),"",(U69/$U$10)*$X$10) | Y69: =IF(OR(V69="",$V$10=""),"",(V69/$V$10)*$Y$10) | Z69: =IF(COUNT($W69:$Y69)=0,"",IFERROR(ROUND((SUM($W69:$Y69)/SUM($W$10:$Y$10))*$Z$10,2),"")) | AA69: =IF($Z69="","",ROUND($Z69*$AA$10,2)) | AB69: =IF(ISERROR(IF($Z69="","",ROUND(SUM($M69,$S69,$AA69),2))),"",IF($Z69="","",ROUND(SUM($M69,$S69,$AA69),2))) | AC69: =IF(ISERROR(IF($Z69="","",VLOOKUP(AB69,NewTransmu,4,TRUE))),"",IF($Z69="","",VLOOKUP(AB69,NewTransmu,4,TRUE))) | AD69: =IF(ISERROR(IF(AC69="","",VLOOKUP(AC69,DESCRIPTORS,4,TRUE))),"",IF(AC69="","",VLOOKUP(AC69,DESCRIPTORS,4,TRUE)))
A70: 8 | B70: ='INPUT DATA'!P16 -> 0 | K70: =IF(COUNT($F70:$J70)=0,"",SUM($F70:$J70)) | L70: =IF(ISERROR(IF($K70="","",ROUND(($K70/$K$10)*$L$10,2))),"",IF($K70="","",ROUND(($K70/$K$10)*$L$10,2))) | M70: =IF($L70="","",ROUND($L70*$M$10,2)) | Q70: =IF(COUNT($N70:$P70)=0,"",SUM($N70:$P70)) | R70: =IF(ISERROR(IF($Q70="","",ROUND(($Q70/$Q$10)*$R$10,2))),"",IF($Q70="","",ROUND(($Q70/$Q$10)*$R$10,2))) | S70: =IF($R70="","",ROUND($R70*$S$10,2)) | W70: =IF(OR(T70="",$T$10=""),"",(T70/$T$10)*$W$10) | X70: =IF(OR(U70="",$U$10=""),"",(U70/$U$10)*$X$10) | Y70: =IF(OR(V70="",$V$10=""),"",(V70/$V$10)*$Y$10) | Z70: =IF(COUNT($W70:$Y70)=0,"",IFERROR(ROUND((SUM($W70:$Y70)/SUM($W$10:$Y$10))*$Z$10,2),"")) | AA70: =IF($Z70="","",ROUND($Z70*$AA$10,2)) | AB70: =IF(ISERROR(IF($Z70="","",ROUND(SUM($M70,$S70,$AA70),2))),"",IF($Z70="","",ROUND(SUM($M70,$S70,$AA70),2))) | AC70: =IF(ISERROR(IF($Z70="","",VLOOKUP(AB70,NewTransmu,4,TRUE))),"",IF($Z70="","",VLOOKUP(AB70,NewTransmu,4,TRUE))) | AD70: =IF(ISERROR(IF(AC70="","",VLOOKUP(AC70,DESCRIPTORS,4,TRUE))),"",IF(AC70="","",VLOOKUP(AC70,DESCRIPTORS,4,TRUE)))
A71: 9 | B71: ='INPUT DATA'!P17 -> 0 | K71: =IF(COUNT($F71:$J71)=0,"",SUM($F71:$J71)) | L71: =IF(ISERROR(IF($K71="","",ROUND(($K71/$K$10)*$L$10,2))),"",IF($K71="","",ROUND(($K71/$K$10)*$L$10,2))) | M71: =IF($L71="","",ROUND($L71*$M$10,2)) | Q71: =IF(COUNT($N71:$P71)=0,"",SUM($N71:$P71)) | R71: =IF(ISERROR(IF($Q71="","",ROUND(($Q71/$Q$10)*$R$10,2))),"",IF($Q71="","",ROUND(($Q71/$Q$10)*$R$10,2))) | S71: =IF($R71="","",ROUND($R71*$S$10,2)) | W71: =IF(OR(T71="",$T$10=""),"",(T71/$T$10)*$W$10) | X71: =IF(OR(U71="",$U$10=""),"",(U71/$U$10)*$X$10) | Y71: =IF(OR(V71="",$V$10=""),"",(V71/$V$10)*$Y$10) | Z71: =IF(COUNT($W71:$Y71)=0,"",IFERROR(ROUND((SUM($W71:$Y71)/SUM($W$10:$Y$10))*$Z$10,2),"")) | AA71: =IF($Z71="","",ROUND($Z71*$AA$10,2)) | AB71: =IF(ISERROR(IF($Z71="","",ROUND(SUM($M71,$S71,$AA71),2))),"",IF($Z71="","",ROUND(SUM($M71,$S71,$AA71),2))) | AC71: =IF(ISERROR(IF($Z71="","",VLOOKUP(AB71,NewTransmu,4,TRUE))),"",IF($Z71="","",VLOOKUP(AB71,NewTransmu,4,TRUE))) | AD71: =IF(ISERROR(IF(AC71="","",VLOOKUP(AC71,DESCRIPTORS,4,TRUE))),"",IF(AC71="","",VLOOKUP(AC71,DESCRIPTORS,4,TRUE)))
A72: 10 | B72: ='INPUT DATA'!P18 -> 0 | K72: =IF(COUNT($F72:$J72)=0,"",SUM($F72:$J72)) | L72: =IF(ISERROR(IF($K72="","",ROUND(($K72/$K$10)*$L$10,2))),"",IF($K72="","",ROUND(($K72/$K$10)*$L$10,2))) | M72: =IF($L72="","",ROUND($L72*$M$10,2)) | Q72: =IF(COUNT($N72:$P72)=0,"",SUM($N72:$P72)) | R72: =IF(ISERROR(IF($Q72="","",ROUND(($Q72/$Q$10)*$R$10,2))),"",IF($Q72="","",ROUND(($Q72/$Q$10)*$R$10,2))) | S72: =IF($R72="","",ROUND($R72*$S$10,2)) | W72: =IF(OR(T72="",$T$10=""),"",(T72/$T$10)*$W$10) | X72: =IF(OR(U72="",$U$10=""),"",(U72/$U$10)*$X$10) | Y72: =IF(OR(V72="",$V$10=""),"",(V72/$V$10)*$Y$10) | Z72: =IF(COUNT($W72:$Y72)=0,"",IFERROR(ROUND((SUM($W72:$Y72)/SUM($W$10:$Y$10))*$Z$10,2),"")) | AA72: =IF($Z72="","",ROUND($Z72*$AA$10,2)) | AB72: =IF(ISERROR(IF($Z72="","",ROUND(SUM($M72,$S72,$AA72),2))),"",IF($Z72="","",ROUND(SUM($M72,$S72,$AA72),2))) | AC72: =IF(ISERROR(IF($Z72="","",VLOOKUP(AB72,NewTransmu,4,TRUE))),"",IF($Z72="","",VLOOKUP(AB72,NewTransmu,4,TRUE))) | AD72: =IF(ISERROR(IF(AC72="","",VLOOKUP(AC72,DESCRIPTORS,4,TRUE))),"",IF(AC72="","",VLOOKUP(AC72,DESCRIPTORS,4,TRUE)))
A73: 11 | B73: ='INPUT DATA'!P19 -> 0 | K73: =IF(COUNT($F73:$J73)=0,"",SUM($F73:$J73)) | L73: =IF(ISERROR(IF($K73="","",ROUND(($K73/$K$10)*$L$10,2))),"",IF($K73="","",ROUND(($K73/$K$10)*$L$10,2))) | M73: =IF($L73="","",ROUND($L73*$M$10,2)) | Q73: =IF(COUNT($N73:$P73)=0,"",SUM($N73:$P73)) | R73: =IF(ISERROR(IF($Q73="","",ROUND(($Q73/$Q$10)*$R$10,2))),"",IF($Q73="","",ROUND(($Q73/$Q$10)*$R$10,2))) | S73: =IF($R73="","",ROUND($R73*$S$10,2)) | W73: =IF(OR(T73="",$T$10=""),"",(T73/$T$10)*$W$10) | X73: =IF(OR(U73="",$U$10=""),"",(U73/$U$10)*$X$10) | Y73: =IF(OR(V73="",$V$10=""),"",(V73/$V$10)*$Y$10) | Z73: =IF(COUNT($W73:$Y73)=0,"",IFERROR(ROUND((SUM($W73:$Y73)/SUM($W$10:$Y$10))*$Z$10,2),"")) | AA73: =IF($Z73="","",ROUND($Z73*$AA$10,2)) | AB73: =IF(ISERROR(IF($Z73="","",ROUND(SUM($M73,$S73,$AA73),2))),"",IF($Z73="","",ROUND(SUM($M73,$S73,$AA73),2))) | AC73: =IF(ISERROR(IF($Z73="","",VLOOKUP(AB73,NewTransmu,4,TRUE))),"",IF($Z73="","",VLOOKUP(AB73,NewTransmu,4,TRUE))) | AD73: =IF(ISERROR(IF(AC73="","",VLOOKUP(AC73,DESCRIPTORS,4,TRUE))),"",IF(AC73="","",VLOOKUP(AC73,DESCRIPTORS,4,TRUE)))
A74: 12 | B74: ='INPUT DATA'!P20 -> 0 | K74: =IF(COUNT($F74:$J74)=0,"",SUM($F74:$J74)) | L74: =IF(ISERROR(IF($K74="","",ROUND(($K74/$K$10)*$L$10,2))),"",IF($K74="","",ROUND(($K74/$K$10)*$L$10,2))) | M74: =IF($L74="","",ROUND($L74*$M$10,2)) | Q74: =IF(COUNT($N74:$P74)=0,"",SUM($N74:$P74)) | R74: =IF(ISERROR(IF($Q74="","",ROUND(($Q74/$Q$10)*$R$10,2))),"",IF($Q74="","",ROUND(($Q74/$Q$10)*$R$10,2))) | S74: =IF($R74="","",ROUND($R74*$S$10,2)) | W74: =IF(OR(T74="",$T$10=""),"",(T74/$T$10)*$W$10) | X74: =IF(OR(U74="",$U$10=""),"",(U74/$U$10)*$X$10) | Y74: =IF(OR(V74="",$V$10=""),"",(V74/$V$10)*$Y$10) | Z74: =IF(COUNT($W74:$Y74)=0,"",IFERROR(ROUND((SUM($W74:$Y74)/SUM($W$10:$Y$10))*$Z$10,2),"")) | AA74: =IF($Z74="","",ROUND($Z74*$AA$10,2)) | AB74: =IF(ISERROR(IF($Z74="","",ROUND(SUM($M74,$S74,$AA74),2))),"",IF($Z74="","",ROUND(SUM($M74,$S74,$AA74),2))) | AC74: =IF(ISERROR(IF($Z74="","",VLOOKUP(AB74,NewTransmu,4,TRUE))),"",IF($Z74="","",VLOOKUP(AB74,NewTransmu,4,TRUE))) | AD74: =IF(ISERROR(IF(AC74="","",VLOOKUP(AC74,DESCRIPTORS,4,TRUE))),"",IF(AC74="","",VLOOKUP(AC74,DESCRIPTORS,4,TRUE)))
... A112: 50 | B112: ='INPUT DATA'!P58 -> 0 | K112: =IF(COUNT($F112:$J112)=0,"",SUM($F112:$J112)) | L112: =IF(ISERROR(IF($K112="","",ROUND(($K112/$K$10)*$L$10,2))),"",IF($K112="","",ROUND(($K112/$K$10)*$L$10,2))) | M112: =IF($L112="","",ROUND($L112*$M$10,2)) | Q112: =IF(COUNT($N112:$P112)=0,"",SUM($N112:$P112)) | R112: =IF(ISERROR(IF($Q112="","",ROUND(($Q112/$Q$10)*$R$10,2))),"",IF($Q112="","",ROUND(($Q112/$Q$10)*$R$10,2))) | S112: =IF($R112="","",ROUND($R112*$S$10,2)) | W112: =IF(OR(T112="",$T$10=""),"",(T112/$T$10)*$W$10) | X112: =IF(OR(U112="",$U$10=""),"",(U112/$U$10)*$X$10) | Y112: =IF(OR(V112="",$V$10=""),"",(V112/$V$10)*$Y$10) | Z112: =IF(COUNT($W112:$Y112)=0,"",IFERROR(ROUND((SUM($W112:$Y112)/SUM($W$10:$Y$10))*$Z$10,2),"")) | AA112: =IF($Z112="","",ROUND($Z112*$AA$10,2)) | AB112: =IF(ISERROR(IF($Z112="","",ROUND(SUM($M112,$S112,$AA112),2))),"",IF($Z112="","",ROUND(SUM($M112,$S112,$AA112),2))) | AC112: =IF(ISERROR(IF($Z112="","",VLOOKUP(AB112,NewTransmu,4,TRUE))),"",IF($Z112="","",VLOOKUP(AB112,NewTransmu,4,TRUE))) | AD112: =IF(ISERROR(IF(AC112="","",VLOOKUP(AC112,DESCRIPTORS,4,TRUE))),"",IF(AC112="","",VLOOKUP(AC112,DESCRIPTORS,4,TRUE)))
B114: LEVEL OF PROGRESS AND ACHIEVEMENT
B115: Descriptor & Grading | F115: Male | J115: Female | M115: Total
B116: Advancing (90-100) | F116: =COUNTIF( $AD$12:$AD$61, "Advancing" ) -> 0 | J116: =COUNTIF( $AD$63:$AD$112, "Advancing" ) -> 0 | M116: =F116+J116 -> 0 | R116: Prepared By:
B117: Benchmarking (80-89) | F117: =COUNTIF( $AD$12:$AD$61, "Benchmarking" ) -> 0 | J117: =COUNTIF( $AD$63:$AD$112, "Benchmarking" ) -> 0 | M117: =F117+J117 -> 0 | R117: ='INPUT DATA'!E17 -> SAMUEL A. SILVERIO | Z117: ='INPUT DATA'!E20 -> JUANA DELA CRUZ
B118: Connecting (75-79) | F118: =COUNTIF( $AD$12:$AD$61, "Connecting" ) -> 0 | J118: =COUNTIF( $AD$63:$AD$112, "Connecting" ) -> 0 | M118: =F118+J118 -> 0 | R118: ='INPUT DATA'!E18 -> TEACHER VI | Z118: ='INPUT DATA'!E21 -> PRINCIPAL III
B119: Developing (65-74) | F119: =COUNTIF( $AD$12:$AD$61, "Developing" ) -> 0 | J119: =COUNTIF( $AD$63:$AD$112, "Developing" ) -> 0 | M119: =F119+J119 -> 0
B120: Emerging (0-64) | F120: =COUNTIF( $AD$12:$AD$61, "Emerging" ) -> 0 | J120: =COUNTIF( $AD$63:$AD$112, "Emerging" ) -> 0 | M120: =F120+J120 -> 0
B121: Total | F121: =SUM(F116:F120) -> 0 | J121: =SUM(J116:J120) -> 0 | M121: =F121+J121 -> 0

Sheet TERM2
A1: Class Record
B4: REGION | G4: ='INPUT DATA'!E8 -> X | I4: DIVISION | L4: ='INPUT DATA'!E9 -> EDUFILES
B5: SCHOOL NAME | G5: ='INPUT DATA'!E10 -> EFILES NATIONAL HIGH SCHOOL | Q5: SCHOOL ID | S5: ='INPUT DATA'!E11 -> 123456 | V5: SCHOOL YEAR | AB5: ='INPUT DATA'!E12 -> 2026 -2027
A7: TERM 2 | F7: GRADE & SECTION: | J7: ='INPUT DATA'!E14 -> IV - MAKABANSA | N7: TEACHER: | Q7: ='INPUT DATA'!E17 -> SAMUEL A. SILVERIO | X7: SUBJECT: | Z7: ='INPUT DATA'!E15 -> SCIENCE
B8: LEARNERS' NAMES | F8: WRITTEN / ORAL WORKS (20%) | N8: PRODUCT / PERFORMANCE TASKS (50%) | T8: SUMMATIVE TESTS AND TERM EXAMINATIONS (30%) | AB8: INITIAL GRADE | AC8: TERM GRADE | AD8: DESCRIPTOR
F9: 1 | G9: 2 | H9: 3 | I9: 4 | J9: 5 | K9: Total | L9: PS | M9: WS | N9: 1 | O9: 2 | P9: 3 | Q9: Total | R9: PS | S9: WS | T9: ST1 | U9: ST2 | V9: TE | W9: WS ST1 (30%) | X9: WS ST2 (30%) | Y9: WS TE (40%) | Z9: PS ST&TE | AA9: WS ST&TE
B10: HIGHEST POSSIBLE SCORE | K10: =IF(COUNT($F10:$J10)=0,"",SUM($F10:$J10)) | L10: 100 | M10: 0.2 | Q10: =IF(COUNT($N10:$P10)=0,"",SUM($N10:$P10)) | R10: 100 | S10: 0.5 | W10: 30 | X10: 30 | Y10: 40 | Z10: 100 | AA10: 0.3
B11: MALE
A12: 1 | B12: ='INPUT DATA'!J9 -> 0 | K12: =IF(COUNT($F12:$J12)=0,"",SUM($F12:$J12)) | L12: =IF(ISERROR(IF($K12="","",ROUND(($K12/$K$10)*$L$10,2))),"",IF($K12="","",ROUND(($K12/$K$10)*$L$10,2))) | M12: =IF($L12="","",ROUND($L12*$M$10,2)) | Q12: =IF(COUNT($N12:$P12)=0,"",SUM($N12:$P12)) | R12: =IF(ISERROR(IF($Q12="","",ROUND(($Q12/$Q$10)*$R$10,2))),"",IF($Q12="","",ROUND(($Q12/$Q$10)*$R$10,2))) | S12: =IF($R12="","",ROUND($R12*$S$10,2)) | W12: =IF(OR(T12="",$T$10=""),"",(T12/$T$10)*$W$10) | X12: =IF(OR(U12="",$U$10=""),"",(U12/$U$10)*$X$10) | Y12: =IF(OR(V12="",$V$10=""),"",(V12/$V$10)*$Y$10) | Z12: =IF(COUNT($W12:$Y12)=0,"",IFERROR(ROUND((SUM($W12:$Y12)/SUM($W$10:$Y$10))*$Z$10,2),"")) | AA12: =IF($Z12="","",ROUND($Z12*$AA$10,2)) | AB12: =IF(ISERROR(IF($Z12="","",ROUND(SUM($M12,$S12,$AA12),2))),"",IF($Z12="","",ROUND(SUM($M12,$S12,$AA12),2))) | AC12: =IF(ISERROR(IF($Z12="","",VLOOKUP(AB12,NewTransmu,4,TRUE))),"",IF($Z12="","",VLOOKUP(AB12,NewTransmu,4,TRUE))) | AD12: =IF(ISERROR(IF(AC12="","",VLOOKUP(AC12,DESCRIPTORS,4,TRUE))),"",IF(AC12="","",VLOOKUP(AC12,DESCRIPTORS,4,TRUE)))
A13: 2 | B13: ='INPUT DATA'!J10 -> 0 | K13: =IF(COUNT($F13:$J13)=0,"",SUM($F13:$J13)) | L13: =IF(ISERROR(IF($K13="","",ROUND(($K13/$K$10)*$L$10,2))),"",IF($K13="","",ROUND(($K13/$K$10)*$L$10,2))) | M13: =IF($L13="","",ROUND($L13*$M$10,2)) | Q13: =IF(COUNT($N13:$P13)=0,"",SUM($N13:$P13)) | R13: =IF(ISERROR(IF($Q13="","",ROUND(($Q13/$Q$10)*$R$10,2))),"",IF($Q13="","",ROUND(($Q13/$Q$10)*$R$10,2))) | S13: =IF($R13="","",ROUND($R13*$S$10,2)) | W13: =IF(OR(T13="",$T$10=""),"",(T13/$T$10)*$W$10) | X13: =IF(OR(U13="",$U$10=""),"",(U13/$U$10)*$X$10) | Y13: =IF(OR(V13="",$V$10=""),"",(V13/$V$10)*$Y$10) | Z13: =IF(COUNT($W13:$Y13)=0,"",IFERROR(ROUND((SUM($W13:$Y13)/SUM($W$10:$Y$10))*$Z$10,2),"")) | AA13: =IF($Z13="","",ROUND($Z13*$AA$10,2)) | AB13: =IF(ISERROR(IF($Z13="","",ROUND(SUM($M13,$S13,$AA13),2))),"",IF($Z13="","",ROUND(SUM($M13,$S13,$AA13),2))) | AC13: =IF(ISERROR(IF($Z13="","",VLOOKUP(AB13,NewTransmu,4,TRUE))),"",IF($Z13="","",VLOOKUP(AB13,NewTransmu,4,TRUE))) | AD13: =IF(ISERROR(IF(AC13="","",VLOOKUP(AC13,DESCRIPTORS,4,TRUE))),"",IF(AC13="","",VLOOKUP(AC13,DESCRIPTORS,4,TRUE)))
A14: 3 | B14: ='INPUT DATA'!J11 -> 0 | K14: =IF(COUNT($F14:$J14)=0,"",SUM($F14:$J14)) | L14: =IF(ISERROR(IF($K14="","",ROUND(($K14/$K$10)*$L$10,2))),"",IF($K14="","",ROUND(($K14/$K$10)*$L$10,2))) | M14: =IF($L14="","",ROUND($L14*$M$10,2)) | Q14: =IF(COUNT($N14:$P14)=0,"",SUM($N14:$P14)) | R14: =IF(ISERROR(IF($Q14="","",ROUND(($Q14/$Q$10)*$R$10,2))),"",IF($Q14="","",ROUND(($Q14/$Q$10)*$R$10,2))) | S14: =IF($R14="","",ROUND($R14*$S$10,2)) | W14: =IF(OR(T14="",$T$10=""),"",(T14/$T$10)*$W$10) | X14: =IF(OR(U14="",$U$10=""),"",(U14/$U$10)*$X$10) | Y14: =IF(OR(V14="",$V$10=""),"",(V14/$V$10)*$Y$10) | Z14: =IF(COUNT($W14:$Y14)=0,"",IFERROR(ROUND((SUM($W14:$Y14)/SUM($W$10:$Y$10))*$Z$10,2),"")) | AA14: =IF($Z14="","",ROUND($Z14*$AA$10,2)) | AB14: =IF(ISERROR(IF($Z14="","",ROUND(SUM($M14,$S14,$AA14),2))),"",IF($Z14="","",ROUND(SUM($M14,$S14,$AA14),2))) | AC14: =IF(ISERROR(IF($Z14="","",VLOOKUP(AB14,NewTransmu,4,TRUE))),"",IF($Z14="","",VLOOKUP(AB14,NewTransmu,4,TRUE))) | AD14: =IF(ISERROR(IF(AC14="","",VLOOKUP(AC14,DESCRIPTORS,4,TRUE))),"",IF(AC14="","",VLOOKUP(AC14,DESCRIPTORS,4,TRUE)))
A15: 4 | B15: ='INPUT DATA'!J12 -> 0 | K15: =IF(COUNT($F15:$J15)=0,"",SUM($F15:$J15)) | L15: =IF(ISERROR(IF($K15="","",ROUND(($K15/$K$10)*$L$10,2))),"",IF($K15="","",ROUND(($K15/$K$10)*$L$10,2))) | M15: =IF($L15="","",ROUND($L15*$M$10,2)) | Q15: =IF(COUNT($N15:$P15)=0,"",SUM($N15:$P15)) | R15: =IF(ISERROR(IF($Q15="","",ROUND(($Q15/$Q$10)*$R$10,2))),"",IF($Q15="","",ROUND(($Q15/$Q$10)*$R$10,2))) | S15: =IF($R15="","",ROUND($R15*$S$10,2)) | W15: =IF(OR(T15="",$T$10=""),"",(T15/$T$10)*$W$10) | X15: =IF(OR(U15="",$U$10=""),"",(U15/$U$10)*$X$10) | Y15: =IF(OR(V15="",$V$10=""),"",(V15/$V$10)*$Y$10) | Z15: =IF(COUNT($W15:$Y15)=0,"",IFERROR(ROUND((SUM($W15:$Y15)/SUM($W$10:$Y$10))*$Z$10,2),"")) | AA15: =IF($Z15="","",ROUND($Z15*$AA$10,2)) | AB15: =IF(ISERROR(IF($Z15="","",ROUND(SUM($M15,$S15,$AA15),2))),"",IF($Z15="","",ROUND(SUM($M15,$S15,$AA15),2))) | AC15: =IF(ISERROR(IF($Z15="","",VLOOKUP(AB15,NewTransmu,4,TRUE))),"",IF($Z15="","",VLOOKUP(AB15,NewTransmu,4,TRUE))) | AD15: =IF(ISERROR(IF(AC15="","",VLOOKUP(AC15,DESCRIPTORS,4,TRUE))),"",IF(AC15="","",VLOOKUP(AC15,DESCRIPTORS,4,TRUE)))
A16: 5 | B16: ='INPUT DATA'!J13 -> 0 | K16: =IF(COUNT($F16:$J16)=0,"",SUM($F16:$J16)) | L16: =IF(ISERROR(IF($K16="","",ROUND(($K16/$K$10)*$L$10,2))),"",IF($K16="","",ROUND(($K16/$K$10)*$L$10,2))) | M16: =IF($L16="","",ROUND($L16*$M$10,2)) | Q16: =IF(COUNT($N16:$P16)=0,"",SUM($N16:$P16)) | R16: =IF(ISERROR(IF($Q16="","",ROUND(($Q16/$Q$10)*$R$10,2))),"",IF($Q16="","",ROUND(($Q16/$Q$10)*$R$10,2))) | S16: =IF($R16="","",ROUND($R16*$S$10,2)) | W16: =IF(OR(T16="",$T$10=""),"",(T16/$T$10)*$W$10) | X16: =IF(OR(U16="",$U$10=""),"",(U16/$U$10)*$X$10) | Y16: =IF(OR(V16="",$V$10=""),"",(V16/$V$10)*$Y$10) | Z16: =IF(COUNT($W16:$Y16)=0,"",IFERROR(ROUND((SUM($W16:$Y16)/SUM($W$10:$Y$10))*$Z$10,2),"")) | AA16: =IF($Z16="","",ROUND($Z16*$AA$10,2)) | AB16: =IF(ISERROR(IF($Z16="","",ROUND(SUM($M16,$S16,$AA16),2))),"",IF($Z16="","",ROUND(SUM($M16,$S16,$AA16),2))) | AC16: =IF(ISERROR(IF($Z16="","",VLOOKUP(AB16,NewTransmu,4,TRUE))),"",IF($Z16="","",VLOOKUP(AB16,NewTransmu,4,TRUE))) | AD16: =IF(ISERROR(IF(AC16="","",VLOOKUP(AC16,DESCRIPTORS,4,TRUE))),"",IF(AC16="","",VLOOKUP(AC16,DESCRIPTORS,4,TRUE)))
A17: 6 | B17: ='INPUT DATA'!J14 -> 0 | K17: =IF(COUNT($F17:$J17)=0,"",SUM($F17:$J17)) | L17: =IF(ISERROR(IF($K17="","",ROUND(($K17/$K$10)*$L$10,2))),"",IF($K17="","",ROUND(($K17/$K$10)*$L$10,2))) | M17: =IF($L17="","",ROUND($L17*$M$10,2)) | Q17: =IF(COUNT($N17:$P17)=0,"",SUM($N17:$P17)) | R17: =IF(ISERROR(IF($Q17="","",ROUND(($Q17/$Q$10)*$R$10,2))),"",IF($Q17="","",ROUND(($Q17/$Q$10)*$R$10,2))) | S17: =IF($R17="","",ROUND($R17*$S$10,2)) | W17: =IF(OR(T17="",$T$10=""),"",(T17/$T$10)*$W$10) | X17: =IF(OR(U17="",$U$10=""),"",(U17/$U$10)*$X$10) | Y17: =IF(OR(V17="",$V$10=""),"",(V17/$V$10)*$Y$10) | Z17: =IF(COUNT($W17:$Y17)=0,"",IFERROR(ROUND((SUM($W17:$Y17)/SUM($W$10:$Y$10))*$Z$10,2),"")) | AA17: =IF($Z17="","",ROUND($Z17*$AA$10,2)) | AB17: =IF(ISERROR(IF($Z17="","",ROUND(SUM($M17,$S17,$AA17),2))),"",IF($Z17="","",ROUND(SUM($M17,$S17,$AA17),2))) | AC17: =IF(ISERROR(IF($Z17="","",VLOOKUP(AB17,NewTransmu,4,TRUE))),"",IF($Z17="","",VLOOKUP(AB17,NewTransmu,4,TRUE))) | AD17: =IF(ISERROR(IF(AC17="","",VLOOKUP(AC17,DESCRIPTORS,4,TRUE))),"",IF(AC17="","",VLOOKUP(AC17,DESCRIPTORS,4,TRUE)))
A18: 7 | B18: ='INPUT DATA'!J15 -> 0 | K18: =IF(COUNT($F18:$J18)=0,"",SUM($F18:$J18)) | L18: =IF(ISERROR(IF($K18="","",ROUND(($K18/$K$10)*$L$10,2))),"",IF($K18="","",ROUND(($K18/$K$10)*$L$10,2))) | M18: =IF($L18="","",ROUND($L18*$M$10,2)) | Q18: =IF(COUNT($N18:$P18)=0,"",SUM($N18:$P18)) | R18: =IF(ISERROR(IF($Q18="","",ROUND(($Q18/$Q$10)*$R$10,2))),"",IF($Q18="","",ROUND(($Q18/$Q$10)*$R$10,2))) | S18: =IF($R18="","",ROUND($R18*$S$10,2)) | W18: =IF(OR(T18="",$T$10=""),"",(T18/$T$10)*$W$10) | X18: =IF(OR(U18="",$U$10=""),"",(U18/$U$10)*$X$10) | Y18: =IF(OR(V18="",$V$10=""),"",(V18/$V$10)*$Y$10) | Z18: =IF(COUNT($W18:$Y18)=0,"",IFERROR(ROUND((SUM($W18:$Y18)/SUM($W$10:$Y$10))*$Z$10,2),"")) | AA18: =IF($Z18="","",ROUND($Z18*$AA$10,2)) | AB18: =IF(ISERROR(IF($Z18="","",ROUND(SUM($M18,$S18,$AA18),2))),"",IF($Z18="","",ROUND(SUM($M18,$S18,$AA18),2))) | AC18: =IF(ISERROR(IF($Z18="","",VLOOKUP(AB18,NewTransmu,4,TRUE))),"",IF($Z18="","",VLOOKUP(AB18,NewTransmu,4,TRUE))) | AD18: =IF(ISERROR(IF(AC18="","",VLOOKUP(AC18,DESCRIPTORS,4,TRUE))),"",IF(AC18="","",VLOOKUP(AC18,DESCRIPTORS,4,TRUE)))
A19: 8 | B19: ='INPUT DATA'!J16 -> 0 | K19: =IF(COUNT($F19:$J19)=0,"",SUM($F19:$J19)) | L19: =IF(ISERROR(IF($K19="","",ROUND(($K19/$K$10)*$L$10,2))),"",IF($K19="","",ROUND(($K19/$K$10)*$L$10,2))) | M19: =IF($L19="","",ROUND($L19*$M$10,2)) | Q19: =IF(COUNT($N19:$P19)=0,"",SUM($N19:$P19)) | R19: =IF(ISERROR(IF($Q19="","",ROUND(($Q19/$Q$10)*$R$10,2))),"",IF($Q19="","",ROUND(($Q19/$Q$10)*$R$10,2))) | S19: =IF($R19="","",ROUND($R19*$S$10,2)) | W19: =IF(OR(T19="",$T$10=""),"",(T19/$T$10)*$W$10) | X19: =IF(OR(U19="",$U$10=""),"",(U19/$U$10)*$X$10) | Y19: =IF(OR(V19="",$V$10=""),"",(V19/$V$10)*$Y$10) | Z19: =IF(COUNT($W19:$Y19)=0,"",IFERROR(ROUND((SUM($W19:$Y19)/SUM($W$10:$Y$10))*$Z$10,2),"")) | AA19: =IF($Z19="","",ROUND($Z19*$AA$10,2)) | AB19: =IF(ISERROR(IF($Z19="","",ROUND(SUM($M19,$S19,$AA19),2))),"",IF($Z19="","",ROUND(SUM($M19,$S19,$AA19),2))) | AC19: =IF(ISERROR(IF($Z19="","",VLOOKUP(AB19,NewTransmu,4,TRUE))),"",IF($Z19="","",VLOOKUP(AB19,NewTransmu,4,TRUE))) | AD19: =IF(ISERROR(IF(AC19="","",VLOOKUP(AC19,DESCRIPTORS,4,TRUE))),"",IF(AC19="","",VLOOKUP(AC19,DESCRIPTORS,4,TRUE)))
A20: 9 | B20: ='INPUT DATA'!J17 -> 0 | K20: =IF(COUNT($F20:$J20)=0,"",SUM($F20:$J20)) | L20: =IF(ISERROR(IF($K20="","",ROUND(($K20/$K$10)*$L$10,2))),"",IF($K20="","",ROUND(($K20/$K$10)*$L$10,2))) | M20: =IF($L20="","",ROUND($L20*$M$10,2)) | Q20: =IF(COUNT($N20:$P20)=0,"",SUM($N20:$P20)) | R20: =IF(ISERROR(IF($Q20="","",ROUND(($Q20/$Q$10)*$R$10,2))),"",IF($Q20="","",ROUND(($Q20/$Q$10)*$R$10,2))) | S20: =IF($R20="","",ROUND($R20*$S$10,2)) | W20: =IF(OR(T20="",$T$10=""),"",(T20/$T$10)*$W$10) | X20: =IF(OR(U20="",$U$10=""),"",(U20/$U$10)*$X$10) | Y20: =IF(OR(V20="",$V$10=""),"",(V20/$V$10)*$Y$10) | Z20: =IF(COUNT($W20:$Y20)=0,"",IFERROR(ROUND((SUM($W20:$Y20)/SUM($W$10:$Y$10))*$Z$10,2),"")) | AA20: =IF($Z20="","",ROUND($Z20*$AA$10,2)) | AB20: =IF(ISERROR(IF($Z20="","",ROUND(SUM($M20,$S20,$AA20),2))),"",IF($Z20="","",ROUND(SUM($M20,$S20,$AA20),2))) | AC20: =IF(ISERROR(IF($Z20="","",VLOOKUP(AB20,NewTransmu,4,TRUE))),"",IF($Z20="","",VLOOKUP(AB20,NewTransmu,4,TRUE))) | AD20: =IF(ISERROR(IF(AC20="","",VLOOKUP(AC20,DESCRIPTORS,4,TRUE))),"",IF(AC20="","",VLOOKUP(AC20,DESCRIPTORS,4,TRUE)))
A21: 10 | B21: ='INPUT DATA'!J18 -> 0 | K21: =IF(COUNT($F21:$J21)=0,"",SUM($F21:$J21)) | L21: =IF(ISERROR(IF($K21="","",ROUND(($K21/$K$10)*$L$10,2))),"",IF($K21="","",ROUND(($K21/$K$10)*$L$10,2))) | M21: =IF($L21="","",ROUND($L21*$M$10,2)) | Q21: =IF(COUNT($N21:$P21)=0,"",SUM($N21:$P21)) | R21: =IF(ISERROR(IF($Q21="","",ROUND(($Q21/$Q$10)*$R$10,2))),"",IF($Q21="","",ROUND(($Q21/$Q$10)*$R$10,2))) | S21: =IF($R21="","",ROUND($R21*$S$10,2)) | W21: =IF(OR(T21="",$T$10=""),"",(T21/$T$10)*$W$10) | X21: =IF(OR(U21="",$U$10=""),"",(U21/$U$10)*$X$10) | Y21: =IF(OR(V21="",$V$10=""),"",(V21/$V$10)*$Y$10) | Z21: =IF(COUNT($W21:$Y21)=0,"",IFERROR(ROUND((SUM($W21:$Y21)/SUM($W$10:$Y$10))*$Z$10,2),"")) | AA21: =IF($Z21="","",ROUND($Z21*$AA$10,2)) | AB21: =IF(ISERROR(IF($Z21="","",ROUND(SUM($M21,$S21,$AA21),2))),"",IF($Z21="","",ROUND(SUM($M21,$S21,$AA21),2))) | AC21: =IF(ISERROR(IF($Z21="","",VLOOKUP(AB21,NewTransmu,4,TRUE))),"",IF($Z21="","",VLOOKUP(AB21,NewTransmu,4,TRUE))) | AD21: =IF(ISERROR(IF(AC21="","",VLOOKUP(AC21,DESCRIPTORS,4,TRUE))),"",IF(AC21="","",VLOOKUP(AC21,DESCRIPTORS,4,TRUE)))
A22: 11 | B22: ='INPUT DATA'!J19 -> 0 | K22: =IF(COUNT($F22:$J22)=0,"",SUM($F22:$J22)) | L22: =IF(ISERROR(IF($K22="","",ROUND(($K22/$K$10)*$L$10,2))),"",IF($K22="","",ROUND(($K22/$K$10)*$L$10,2))) | M22: =IF($L22="","",ROUND($L22*$M$10,2)) | Q22: =IF(COUNT($N22:$P22)=0,"",SUM($N22:$P22)) | R22: =IF(ISERROR(IF($Q22="","",ROUND(($Q22/$Q$10)*$R$10,2))),"",IF($Q22="","",ROUND(($Q22/$Q$10)*$R$10,2))) | S22: =IF($R22="","",ROUND($R22*$S$10,2)) | W22: =IF(OR(T22="",$T$10=""),"",(T22/$T$10)*$W$10) | X22: =IF(OR(U22="",$U$10=""),"",(U22/$U$10)*$X$10) | Y22: =IF(OR(V22="",$V$10=""),"",(V22/$V$10)*$Y$10) | Z22: =IF(COUNT($W22:$Y22)=0,"",IFERROR(ROUND((SUM($W22:$Y22)/SUM($W$10:$Y$10))*$Z$10,2),"")) | AA22: =IF($Z22="","",ROUND($Z22*$AA$10,2)) | AB22: =IF(ISERROR(IF($Z22="","",ROUND(SUM($M22,$S22,$AA22),2))),"",IF($Z22="","",ROUND(SUM($M22,$S22,$AA22),2))) | AC22: =IF(ISERROR(IF($Z22="","",VLOOKUP(AB22,NewTransmu,4,TRUE))),"",IF($Z22="","",VLOOKUP(AB22,NewTransmu,4,TRUE))) | AD22: =IF(ISERROR(IF(AC22="","",VLOOKUP(AC22,DESCRIPTORS,4,TRUE))),"",IF(AC22="","",VLOOKUP(AC22,DESCRIPTORS,4,TRUE)))
A23: 12 | B23: ='INPUT DATA'!J20 -> 0 | K23: =IF(COUNT($F23:$J23)=0,"",SUM($F23:$J23)) | L23: =IF(ISERROR(IF($K23="","",ROUND(($K23/$K$10)*$L$10,2))),"",IF($K23="","",ROUND(($K23/$K$10)*$L$10,2))) | M23: =IF($L23="","",ROUND($L23*$M$10,2)) | Q23: =IF(COUNT($N23:$P23)=0,"",SUM($N23:$P23)) | R23: =IF(ISERROR(IF($Q23="","",ROUND(($Q23/$Q$10)*$R$10,2))),"",IF($Q23="","",ROUND(($Q23/$Q$10)*$R$10,2))) | S23: =IF($R23="","",ROUND($R23*$S$10,2)) | W23: =IF(OR(T23="",$T$10=""),"",(T23/$T$10)*$W$10) | X23: =IF(OR(U23="",$U$10=""),"",(U23/$U$10)*$X$10) | Y23: =IF(OR(V23="",$V$10=""),"",(V23/$V$10)*$Y$10) | Z23: =IF(COUNT($W23:$Y23)=0,"",IFERROR(ROUND((SUM($W23:$Y23)/SUM($W$10:$Y$10))*$Z$10,2),"")) | AA23: =IF($Z23="","",ROUND($Z23*$AA$10,2)) | AB23: =IF(ISERROR(IF($Z23="","",ROUND(SUM($M23,$S23,$AA23),2))),"",IF($Z23="","",ROUND(SUM($M23,$S23,$AA23),2))) | AC23: =IF(ISERROR(IF($Z23="","",VLOOKUP(AB23,NewTransmu,4,TRUE))),"",IF($Z23="","",VLOOKUP(AB23,NewTransmu,4,TRUE))) | AD23: =IF(ISERROR(IF(AC23="","",VLOOKUP(AC23,DESCRIPTORS,4,TRUE))),"",IF(AC23="","",VLOOKUP(AC23,DESCRIPTORS,4,TRUE)))
... A61: 50 | B61: ='INPUT DATA'!J58 -> 0 | K61: =IF(COUNT($F61:$J61)=0,"",SUM($F61:$J61)) | L61: =IF(ISERROR(IF($K61="","",ROUND(($K61/$K$10)*$L$10,2))),"",IF($K61="","",ROUND(($K61/$K$10)*$L$10,2))) | M61: =IF($L61="","",ROUND($L61*$M$10,2)) | Q61: =IF(COUNT($N61:$P61)=0,"",SUM($N61:$P61)) | R61: =IF(ISERROR(IF($Q61="","",ROUND(($Q61/$Q$10)*$R$10,2))),"",IF($Q61="","",ROUND(($Q61/$Q$10)*$R$10,2))) | S61: =IF($R61="","",ROUND($R61*$S$10,2)) | W61: =IF(OR(T61="",$T$10=""),"",(T61/$T$10)*$W$10) | X61: =IF(OR(U61="",$U$10=""),"",(U61/$U$10)*$X$10) | Y61: =IF(OR(V61="",$V$10=""),"",(V61/$V$10)*$Y$10) | Z61: =IF(COUNT($W61:$Y61)=0,"",IFERROR(ROUND((SUM($W61:$Y61)/SUM($W$10:$Y$10))*$Z$10,2),"")) | AA61: =IF($Z61="","",ROUND($Z61*$AA$10,2)) | AB61: =IF(ISERROR(IF($Z61="","",ROUND(SUM($M61,$S61,$AA61),2))),"",IF($Z61="","",ROUND(SUM($M61,$S61,$AA61),2))) | AC61: =IF(ISERROR(IF($Z61="","",VLOOKUP(AB61,NewTransmu,4,TRUE))),"",IF($Z61="","",VLOOKUP(AB61,NewTransmu,4,TRUE))) | AD61: =IF(ISERROR(IF(AC61="","",VLOOKUP(AC61,DESCRIPTORS,4,TRUE))),"",IF(AC61="","",VLOOKUP(AC61,DESCRIPTORS,4,TRUE)))
B62: FEMALE
A63: 1 | B63: ='INPUT DATA'!P9 -> 0 | K63: =IF(COUNT($F63:$J63)=0,"",SUM($F63:$J63)) | L63: =IF(ISERROR(IF($K63="","",ROUND(($K63/$K$10)*$L$10,2))),"",IF($K63="","",ROUND(($K63/$K$10)*$L$10,2))) | M63: =IF($L63="","",ROUND($L63*$M$10,2)) | Q63: =IF(COUNT($N63:$P63)=0,"",SUM($N63:$P63)) | R63: =IF(ISERROR(IF($Q63="","",ROUND(($Q63/$Q$10)*$R$10,2))),"",IF($Q63="","",ROUND(($Q63/$Q$10)*$R$10,2))) | S63: =IF($R63="","",ROUND($R63*$S$10,2)) | W63: =IF(OR(T63="",$T$10=""),"",(T63/$T$10)*$W$10) | X63: =IF(OR(U63="",$U$10=""),"",(U63/$U$10)*$X$10) | Y63: =IF(OR(V63="",$V$10=""),"",(V63/$V$10)*$Y$10) | Z63: =IF(COUNT($W63:$Y63)=0,"",IFERROR(ROUND((SUM($W63:$Y63)/SUM($W$10:$Y$10))*$Z$10,2),"")) | AA63: =IF($Z63="","",ROUND($Z63*$AA$10,2)) | AB63: =IF(ISERROR(IF($Z63="","",ROUND(SUM($M63,$S63,$AA63),2))),"",IF($Z63="","",ROUND(SUM($M63,$S63,$AA63),2))) | AC63: =IF(ISERROR(IF($Z63="","",VLOOKUP(AB63,NewTransmu,4,TRUE))),"",IF($Z63="","",VLOOKUP(AB63,NewTransmu,4,TRUE))) | AD63: =IF(ISERROR(IF(AC63="","",VLOOKUP(AC63,DESCRIPTORS,4,TRUE))),"",IF(AC63="","",VLOOKUP(AC63,DESCRIPTORS,4,TRUE)))
A64: 2 | B64: ='INPUT DATA'!P10 -> 0 | K64: =IF(COUNT($F64:$J64)=0,"",SUM($F64:$J64)) | L64: =IF(ISERROR(IF($K64="","",ROUND(($K64/$K$10)*$L$10,2))),"",IF($K64="","",ROUND(($K64/$K$10)*$L$10,2))) | M64: =IF($L64="","",ROUND($L64*$M$10,2)) | Q64: =IF(COUNT($N64:$P64)=0,"",SUM($N64:$P64)) | R64: =IF(ISERROR(IF($Q64="","",ROUND(($Q64/$Q$10)*$R$10,2))),"",IF($Q64="","",ROUND(($Q64/$Q$10)*$R$10,2))) | S64: =IF($R64="","",ROUND($R64*$S$10,2)) | W64: =IF(OR(T64="",$T$10=""),"",(T64/$T$10)*$W$10) | X64: =IF(OR(U64="",$U$10=""),"",(U64/$U$10)*$X$10) | Y64: =IF(OR(V64="",$V$10=""),"",(V64/$V$10)*$Y$10) | Z64: =IF(COUNT($W64:$Y64)=0,"",IFERROR(ROUND((SUM($W64:$Y64)/SUM($W$10:$Y$10))*$Z$10,2),"")) | AA64: =IF($Z64="","",ROUND($Z64*$AA$10,2)) | AB64: =IF(ISERROR(IF($Z64="","",ROUND(SUM($M64,$S64,$AA64),2))),"",IF($Z64="","",ROUND(SUM($M64,$S64,$AA64),2))) | AC64: =IF(ISERROR(IF($Z64="","",VLOOKUP(AB64,NewTransmu,4,TRUE))),"",IF($Z64="","",VLOOKUP(AB64,NewTransmu,4,TRUE))) | AD64: =IF(ISERROR(IF(AC64="","",VLOOKUP(AC64,DESCRIPTORS,4,TRUE))),"",IF(AC64="","",VLOOKUP(AC64,DESCRIPTORS,4,TRUE)))
A65: 3 | B65: ='INPUT DATA'!P11 -> 0 | K65: =IF(COUNT($F65:$J65)=0,"",SUM($F65:$J65)) | L65: =IF(ISERROR(IF($K65="","",ROUND(($K65/$K$10)*$L$10,2))),"",IF($K65="","",ROUND(($K65/$K$10)*$L$10,2))) | M65: =IF($L65="","",ROUND($L65*$M$10,2)) | Q65: =IF(COUNT($N65:$P65)=0,"",SUM($N65:$P65)) | R65: =IF(ISERROR(IF($Q65="","",ROUND(($Q65/$Q$10)*$R$10,2))),"",IF($Q65="","",ROUND(($Q65/$Q$10)*$R$10,2))) | S65: =IF($R65="","",ROUND($R65*$S$10,2)) | W65: =IF(OR(T65="",$T$10=""),"",(T65/$T$10)*$W$10) | X65: =IF(OR(U65="",$U$10=""),"",(U65/$U$10)*$X$10) | Y65: =IF(OR(V65="",$V$10=""),"",(V65/$V$10)*$Y$10) | Z65: =IF(COUNT($W65:$Y65)=0,"",IFERROR(ROUND((SUM($W65:$Y65)/SUM($W$10:$Y$10))*$Z$10,2),"")) | AA65: =IF($Z65="","",ROUND($Z65*$AA$10,2)) | AB65: =IF(ISERROR(IF($Z65="","",ROUND(SUM($M65,$S65,$AA65),2))),"",IF($Z65="","",ROUND(SUM($M65,$S65,$AA65),2))) | AC65: =IF(ISERROR(IF($Z65="","",VLOOKUP(AB65,NewTransmu,4,TRUE))),"",IF($Z65="","",VLOOKUP(AB65,NewTransmu,4,TRUE))) | AD65: =IF(ISERROR(IF(AC65="","",VLOOKUP(AC65,DESCRIPTORS,4,TRUE))),"",IF(AC65="","",VLOOKUP(AC65,DESCRIPTORS,4,TRUE)))
A66: 4 | B66: ='INPUT DATA'!P12 -> 0 | K66: =IF(COUNT($F66:$J66)=0,"",SUM($F66:$J66)) | L66: =IF(ISERROR(IF($K66="","",ROUND(($K66/$K$10)*$L$10,2))),"",IF($K66="","",ROUND(($K66/$K$10)*$L$10,2))) | M66: =IF($L66="","",ROUND($L66*$M$10,2)) | Q66: =IF(COUNT($N66:$P66)=0,"",SUM($N66:$P66)) | R66: =IF(ISERROR(IF($Q66="","",ROUND(($Q66/$Q$10)*$R$10,2))),"",IF($Q66="","",ROUND(($Q66/$Q$10)*$R$10,2))) | S66: =IF($R66="","",ROUND($R66*$S$10,2)) | W66: =IF(OR(T66="",$T$10=""),"",(T66/$T$10)*$W$10) | X66: =IF(OR(U66="",$U$10=""),"",(U66/$U$10)*$X$10) | Y66: =IF(OR(V66="",$V$10=""),"",(V66/$V$10)*$Y$10) | Z66: =IF(COUNT($W66:$Y66)=0,"",IFERROR(ROUND((SUM($W66:$Y66)/SUM($W$10:$Y$10))*$Z$10,2),"")) | AA66: =IF($Z66="","",ROUND($Z66*$AA$10,2)) | AB66: =IF(ISERROR(IF($Z66="","",ROUND(SUM($M66,$S66,$AA66),2))),"",IF($Z66="","",ROUND(SUM($M66,$S66,$AA66),2))) | AC66: =IF(ISERROR(IF($Z66="","",VLOOKUP(AB66,NewTransmu,4,TRUE))),"",IF($Z66="","",VLOOKUP(AB66,NewTransmu,4,TRUE))) | AD66: =IF(ISERROR(IF(AC66="","",VLOOKUP(AC66,DESCRIPTORS,4,TRUE))),"",IF(AC66="","",VLOOKUP(AC66,DESCRIPTORS,4,TRUE)))
A67: 5 | B67: ='INPUT DATA'!P13 -> 0 | K67: =IF(COUNT($F67:$J67)=0,"",SUM($F67:$J67)) | L67: =IF(ISERROR(IF($K67="","",ROUND(($K67/$K$10)*$L$10,2))),"",IF($K67="","",ROUND(($K67/$K$10)*$L$10,2))) | M67: =IF($L67="","",ROUND($L67*$M$10,2)) | Q67: =IF(COUNT($N67:$P67)=0,"",SUM($N67:$P67)) | R67: =IF(ISERROR(IF($Q67="","",ROUND(($Q67/$Q$10)*$R$10,2))),"",IF($Q67="","",ROUND(($Q67/$Q$10)*$R$10,2))) | S67: =IF($R67="","",ROUND($R67*$S$10,2)) | W67: =IF(OR(T67="",$T$10=""),"",(T67/$T$10)*$W$10) | X67: =IF(OR(U67="",$U$10=""),"",(U67/$U$10)*$X$10) | Y67: =IF(OR(V67="",$V$10=""),"",(V67/$V$10)*$Y$10) | Z67: =IF(COUNT($W67:$Y67)=0,"",IFERROR(ROUND((SUM($W67:$Y67)/SUM($W$10:$Y$10))*$Z$10,2),"")) | AA67: =IF($Z67="","",ROUND($Z67*$AA$10,2)) | AB67: =IF(ISERROR(IF($Z67="","",ROUND(SUM($M67,$S67,$AA67),2))),"",IF($Z67="","",ROUND(SUM($M67,$S67,$AA67),2))) | AC67: =IF(ISERROR(IF($Z67="","",VLOOKUP(AB67,NewTransmu,4,TRUE))),"",IF($Z67="","",VLOOKUP(AB67,NewTransmu,4,TRUE))) | AD67: =IF(ISERROR(IF(AC67="","",VLOOKUP(AC67,DESCRIPTORS,4,TRUE))),"",IF(AC67="","",VLOOKUP(AC67,DESCRIPTORS,4,TRUE)))
A68: 6 | B68: ='INPUT DATA'!P14 -> 0 | K68: =IF(COUNT($F68:$J68)=0,"",SUM($F68:$J68)) | L68: =IF(ISERROR(IF($K68="","",ROUND(($K68/$K$10)*$L$10,2))),"",IF($K68="","",ROUND(($K68/$K$10)*$L$10,2))) | M68: =IF($L68="","",ROUND($L68*$M$10,2)) | Q68: =IF(COUNT($N68:$P68)=0,"",SUM($N68:$P68)) | R68: =IF(ISERROR(IF($Q68="","",ROUND(($Q68/$Q$10)*$R$10,2))),"",IF($Q68="","",ROUND(($Q68/$Q$10)*$R$10,2))) | S68: =IF($R68="","",ROUND($R68*$S$10,2)) | W68: =IF(OR(T68="",$T$10=""),"",(T68/$T$10)*$W$10) | X68: =IF(OR(U68="",$U$10=""),"",(U68/$U$10)*$X$10) | Y68: =IF(OR(V68="",$V$10=""),"",(V68/$V$10)*$Y$10) | Z68: =IF(COUNT($W68:$Y68)=0,"",IFERROR(ROUND((SUM($W68:$Y68)/SUM($W$10:$Y$10))*$Z$10,2),"")) | AA68: =IF($Z68="","",ROUND($Z68*$AA$10,2)) | AB68: =IF(ISERROR(IF($Z68="","",ROUND(SUM($M68,$S68,$AA68),2))),"",IF($Z68="","",ROUND(SUM($M68,$S68,$AA68),2))) | AC68: =IF(ISERROR(IF($Z68="","",VLOOKUP(AB68,NewTransmu,4,TRUE))),"",IF($Z68="","",VLOOKUP(AB68,NewTransmu,4,TRUE))) | AD68: =IF(ISERROR(IF(AC68="","",VLOOKUP(AC68,DESCRIPTORS,4,TRUE))),"",IF(AC68="","",VLOOKUP(AC68,DESCRIPTORS,4,TRUE)))
A69: 7 | B69: ='INPUT DATA'!P15 -> 0 | K69: =IF(COUNT($F69:$J69)=0,"",SUM($F69:$J69)) | L69: =IF(ISERROR(IF($K69="","",ROUND(($K69/$K$10)*$L$10,2))),"",IF($K69="","",ROUND(($K69/$K$10)*$L$10,2))) | M69: =IF($L69="","",ROUND($L69*$M$10,2)) | Q69: =IF(COUNT($N69:$P69)=0,"",SUM($N69:$P69)) | R69: =IF(ISERROR(IF($Q69="","",ROUND(($Q69/$Q$10)*$R$10,2))),"",IF($Q69="","",ROUND(($Q69/$Q$10)*$R$10,2))) | S69: =IF($R69="","",ROUND($R69*$S$10,2)) | W69: =IF(OR(T69="",$T$10=""),"",(T69/$T$10)*$W$10) | X69: =IF(OR(U69="",$U$10=""),"",(U69/$U$10)*$X$10) | Y69: =IF(OR(V69="",$V$10=""),"",(V69/$V$10)*$Y$10) | Z69: =IF(COUNT($W69:$Y69)=0,"",IFERROR(ROUND((SUM($W69:$Y69)/SUM($W$10:$Y$10))*$Z$10,2),"")) | AA69: =IF($Z69="","",ROUND($Z69*$AA$10,2)) | AB69: =IF(ISERROR(IF($Z69="","",ROUND(SUM($M69,$S69,$AA69),2))),"",IF($Z69="","",ROUND(SUM($M69,$S69,$AA69),2))) | AC69: =IF(ISERROR(IF($Z69="","",VLOOKUP(AB69,NewTransmu,4,TRUE))),"",IF($Z69="","",VLOOKUP(AB69,NewTransmu,4,TRUE))) | AD69: =IF(ISERROR(IF(AC69="","",VLOOKUP(AC69,DESCRIPTORS,4,TRUE))),"",IF(AC69="","",VLOOKUP(AC69,DESCRIPTORS,4,TRUE)))
A70: 8 | B70: ='INPUT DATA'!P16 -> 0 | K70: =IF(COUNT($F70:$J70)=0,"",SUM($F70:$J70)) | L70: =IF(ISERROR(IF($K70="","",ROUND(($K70/$K$10)*$L$10,2))),"",IF($K70="","",ROUND(($K70/$K$10)*$L$10,2))) | M70: =IF($L70="","",ROUND($L70*$M$10,2)) | Q70: =IF(COUNT($N70:$P70)=0,"",SUM($N70:$P70)) | R70: =IF(ISERROR(IF($Q70="","",ROUND(($Q70/$Q$10)*$R$10,2))),"",IF($Q70="","",ROUND(($Q70/$Q$10)*$R$10,2))) | S70: =IF($R70="","",ROUND($R70*$S$10,2)) | W70: =IF(OR(T70="",$T$10=""),"",(T70/$T$10)*$W$10) | X70: =IF(OR(U70="",$U$10=""),"",(U70/$U$10)*$X$10) | Y70: =IF(OR(V70="",$V$10=""),"",(V70/$V$10)*$Y$10) | Z70: =IF(COUNT($W70:$Y70)=0,"",IFERROR(ROUND((SUM($W70:$Y70)/SUM($W$10:$Y$10))*$Z$10,2),"")) | AA70: =IF($Z70="","",ROUND($Z70*$AA$10,2)) | AB70: =IF(ISERROR(IF($Z70="","",ROUND(SUM($M70,$S70,$AA70),2))),"",IF($Z70="","",ROUND(SUM($M70,$S70,$AA70),2))) | AC70: =IF(ISERROR(IF($Z70="","",VLOOKUP(AB70,NewTransmu,4,TRUE))),"",IF($Z70="","",VLOOKUP(AB70,NewTransmu,4,TRUE))) | AD70: =IF(ISERROR(IF(AC70="","",VLOOKUP(AC70,DESCRIPTORS,4,TRUE))),"",IF(AC70="","",VLOOKUP(AC70,DESCRIPTORS,4,TRUE)))
A71: 9 | B71: ='INPUT DATA'!P17 -> 0 | K71: =IF(COUNT($F71:$J71)=0,"",SUM($F71:$J71)) | L71: =IF(ISERROR(IF($K71="","",ROUND(($K71/$K$10)*$L$10,2))),"",IF($K71="","",ROUND(($K71/$K$10)*$L$10,2))) | M71: =IF($L71="","",ROUND($L71*$M$10,2)) | Q71: =IF(COUNT($N71:$P71)=0,"",SUM($N71:$P71)) | R71: =IF(ISERROR(IF($Q71="","",ROUND(($Q71/$Q$10)*$R$10,2))),"",IF($Q71="","",ROUND(($Q71/$Q$10)*$R$10,2))) | S71: =IF($R71="","",ROUND($R71*$S$10,2)) | W71: =IF(OR(T71="",$T$10=""),"",(T71/$T$10)*$W$10) | X71: =IF(OR(U71="",$U$10=""),"",(U71/$U$10)*$X$10) | Y71: =IF(OR(V71="",$V$10=""),"",(V71/$V$10)*$Y$10) | Z71: =IF(COUNT($W71:$Y71)=0,"",IFERROR(ROUND((SUM($W71:$Y71)/SUM($W$10:$Y$10))*$Z$10,2),"")) | AA71: =IF($Z71="","",ROUND($Z71*$AA$10,2)) | AB71: =IF(ISERROR(IF($Z71="","",ROUND(SUM($M71,$S71,$AA71),2))),"",IF($Z71="","",ROUND(SUM($M71,$S71,$AA71),2))) | AC71: =IF(ISERROR(IF($Z71="","",VLOOKUP(AB71,NewTransmu,4,TRUE))),"",IF($Z71="","",VLOOKUP(AB71,NewTransmu,4,TRUE))) | AD71: =IF(ISERROR(IF(AC71="","",VLOOKUP(AC71,DESCRIPTORS,4,TRUE))),"",IF(AC71="","",VLOOKUP(AC71,DESCRIPTORS,4,TRUE)))
A72: 10 | B72: ='INPUT DATA'!P18 -> 0 | K72: =IF(COUNT($F72:$J72)=0,"",SUM($F72:$J72)) | L72: =IF(ISERROR(IF($K72="","",ROUND(($K72/$K$10)*$L$10,2))),"",IF($K72="","",ROUND(($K72/$K$10)*$L$10,2))) | M72: =IF($L72="","",ROUND($L72*$M$10,2)) | Q72: =IF(COUNT($N72:$P72)=0,"",SUM($N72:$P72)) | R72: =IF(ISERROR(IF($Q72="","",ROUND(($Q72/$Q$10)*$R$10,2))),"",IF($Q72="","",ROUND(($Q72/$Q$10)*$R$10,2))) | S72: =IF($R72="","",ROUND($R72*$S$10,2)) | W72: =IF(OR(T72="",$T$10=""),"",(T72/$T$10)*$W$10) | X72: =IF(OR(U72="",$U$10=""),"",(U72/$U$10)*$X$10) | Y72: =IF(OR(V72="",$V$10=""),"",(V72/$V$10)*$Y$10) | Z72: =IF(COUNT($W72:$Y72)=0,"",IFERROR(ROUND((SUM($W72:$Y72)/SUM($W$10:$Y$10))*$Z$10,2),"")) | AA72: =IF($Z72="","",ROUND($Z72*$AA$10,2)) | AB72: =IF(ISERROR(IF($Z72="","",ROUND(SUM($M72,$S72,$AA72),2))),"",IF($Z72="","",ROUND(SUM($M72,$S72,$AA72),2))) | AC72: =IF(ISERROR(IF($Z72="","",VLOOKUP(AB72,NewTransmu,4,TRUE))),"",IF($Z72="","",VLOOKUP(AB72,NewTransmu,4,TRUE))) | AD72: =IF(ISERROR(IF(AC72="","",VLOOKUP(AC72,DESCRIPTORS,4,TRUE))),"",IF(AC72="","",VLOOKUP(AC72,DESCRIPTORS,4,TRUE)))
A73: 11 | B73: ='INPUT DATA'!P19 -> 0 | K73: =IF(COUNT($F73:$J73)=0,"",SUM($F73:$J73)) | L73: =IF(ISERROR(IF($K73="","",ROUND(($K73/$K$10)*$L$10,2))),"",IF($K73="","",ROUND(($K73/$K$10)*$L$10,2))) | M73: =IF($L73="","",ROUND($L73*$M$10,2)) | Q73: =IF(COUNT($N73:$P73)=0,"",SUM($N73:$P73)) | R73: =IF(ISERROR(IF($Q73="","",ROUND(($Q73/$Q$10)*$R$10,2))),"",IF($Q73="","",ROUND(($Q73/$Q$10)*$R$10,2))) | S73: =IF($R73="","",ROUND($R73*$S$10,2)) | W73: =IF(OR(T73="",$T$10=""),"",(T73/$T$10)*$W$10) | X73: =IF(OR(U73="",$U$10=""),"",(U73/$U$10)*$X$10) | Y73: =IF(OR(V73="",$V$10=""),"",(V73/$V$10)*$Y$10) | Z73: =IF(COUNT($W73:$Y73)=0,"",IFERROR(ROUND((SUM($W73:$Y73)/SUM($W$10:$Y$10))*$Z$10,2),"")) | AA73: =IF($Z73="","",ROUND($Z73*$AA$10,2)) | AB73: =IF(ISERROR(IF($Z73="","",ROUND(SUM($M73,$S73,$AA73),2))),"",IF($Z73="","",ROUND(SUM($M73,$S73,$AA73),2))) | AC73: =IF(ISERROR(IF($Z73="","",VLOOKUP(AB73,NewTransmu,4,TRUE))),"",IF($Z73="","",VLOOKUP(AB73,NewTransmu,4,TRUE))) | AD73: =IF(ISERROR(IF(AC73="","",VLOOKUP(AC73,DESCRIPTORS,4,TRUE))),"",IF(AC73="","",VLOOKUP(AC73,DESCRIPTORS,4,TRUE)))
A74: 12 | B74: ='INPUT DATA'!P20 -> 0 | K74: =IF(COUNT($F74:$J74)=0,"",SUM($F74:$J74)) | L74: =IF(ISERROR(IF($K74="","",ROUND(($K74/$K$10)*$L$10,2))),"",IF($K74="","",ROUND(($K74/$K$10)*$L$10,2))) | M74: =IF($L74="","",ROUND($L74*$M$10,2)) | Q74: =IF(COUNT($N74:$P74)=0,"",SUM($N74:$P74)) | R74: =IF(ISERROR(IF($Q74="","",ROUND(($Q74/$Q$10)*$R$10,2))),"",IF($Q74="","",ROUND(($Q74/$Q$10)*$R$10,2))) | S74: =IF($R74="","",ROUND($R74*$S$10,2)) | W74: =IF(OR(T74="",$T$10=""),"",(T74/$T$10)*$W$10) | X74: =IF(OR(U74="",$U$10=""),"",(U74/$U$10)*$X$10) | Y74: =IF(OR(V74="",$V$10=""),"",(V74/$V$10)*$Y$10) | Z74: =IF(COUNT($W74:$Y74)=0,"",IFERROR(ROUND((SUM($W74:$Y74)/SUM($W$10:$Y$10))*$Z$10,2),"")) | AA74: =IF($Z74="","",ROUND($Z74*$AA$10,2)) | AB74: =IF(ISERROR(IF($Z74="","",ROUND(SUM($M74,$S74,$AA74),2))),"",IF($Z74="","",ROUND(SUM($M74,$S74,$AA74),2))) | AC74: =IF(ISERROR(IF($Z74="","",VLOOKUP(AB74,NewTransmu,4,TRUE))),"",IF($Z74="","",VLOOKUP(AB74,NewTransmu,4,TRUE))) | AD74: =IF(ISERROR(IF(AC74="","",VLOOKUP(AC74,DESCRIPTORS,4,TRUE))),"",IF(AC74="","",VLOOKUP(AC74,DESCRIPTORS,4,TRUE)))
... A112: 50 | B112: ='INPUT DATA'!P58 -> 0 | K112: =IF(COUNT($F112:$J112)=0,"",SUM($F112:$J112)) | L112: =IF(ISERROR(IF($K112="","",ROUND(($K112/$K$10)*$L$10,2))),"",IF($K112="","",ROUND(($K112/$K$10)*$L$10,2))) | M112: =IF($L112="","",ROUND($L112*$M$10,2)) | Q112: =IF(COUNT($N112:$P112)=0,"",SUM($N112:$P112)) | R112: =IF(ISERROR(IF($Q112="","",ROUND(($Q112/$Q$10)*$R$10,2))),"",IF($Q112="","",ROUND(($Q112/$Q$10)*$R$10,2))) | S112: =IF($R112="","",ROUND($R112*$S$10,2)) | W112: =IF(OR(T112="",$T$10=""),"",(T112/$T$10)*$W$10) | X112: =IF(OR(U112="",$U$10=""),"",(U112/$U$10)*$X$10) | Y112: =IF(OR(V112="",$V$10=""),"",(V112/$V$10)*$Y$10) | Z112: =IF(COUNT($W112:$Y112)=0,"",IFERROR(ROUND((SUM($W112:$Y112)/SUM($W$10:$Y$10))*$Z$10,2),"")) | AA112: =IF($Z112="","",ROUND($Z112*$AA$10,2)) | AB112: =IF(ISERROR(IF($Z112="","",ROUND(SUM($M112,$S112,$AA112),2))),"",IF($Z112="","",ROUND(SUM($M112,$S112,$AA112),2))) | AC112: =IF(ISERROR(IF($Z112="","",VLOOKUP(AB112,NewTransmu,4,TRUE))),"",IF($Z112="","",VLOOKUP(AB112,NewTransmu,4,TRUE))) | AD112: =IF(ISERROR(IF(AC112="","",VLOOKUP(AC112,DESCRIPTORS,4,TRUE))),"",IF(AC112="","",VLOOKUP(AC112,DESCRIPTORS,4,TRUE)))
B114: LEVEL OF PROGRESS AND ACHIEVEMENT
B115: Descriptor & Grading | F115: Male | J115: Female | M115: Total
B116: Advancing (90-100) | F116: =COUNTIF( $AD$12:$AD$61, "Advancing" ) -> 0 | J116: =COUNTIF( $AD$63:$AD$112, "Advancing" ) -> 0 | M116: =F116+J116 -> 0 | R116: Prepared By:
B117: Benchmarking (80-89) | F117: =COUNTIF( $AD$12:$AD$61, "Benchmarking" ) -> 0 | J117: =COUNTIF( $AD$63:$AD$112, "Benchmarking" ) -> 0 | M117: =F117+J117 -> 0 | R117: ='INPUT DATA'!E17 -> SAMUEL A. SILVERIO | Z117: ='INPUT DATA'!E20 -> JUANA DELA CRUZ
B118: Connecting (75-79) | F118: =COUNTIF( $AD$12:$AD$61, "Connecting" ) -> 0 | J118: =COUNTIF( $AD$63:$AD$112, "Connecting" ) -> 0 | M118: =F118+J118 -> 0 | R118: ='INPUT DATA'!E18 -> TEACHER VI | Z118: ='INPUT DATA'!E21 -> PRINCIPAL III
B119: Developing (65-74) | F119: =COUNTIF( $AD$12:$AD$61, "Developing" ) -> 0 | J119: =COUNTIF( $AD$63:$AD$112, "Developing" ) -> 0 | M119: =F119+J119 -> 0
B120: Emerging (0-64) | F120: =COUNTIF( $AD$12:$AD$61, "Emerging" ) -> 0 | J120: =COUNTIF( $AD$63:$AD$112, "Emerging" ) -> 0 | M120: =F120+J120 -> 0
B121: Total | F121: =SUM(F116:F120) -> 0 | J121: =SUM(J116:J120) -> 0 | M121: =F121+J121 -> 0

Sheet TERM3
A1: Class Record
B4: REGION | G4: ='INPUT DATA'!E8 -> X | I4: DIVISION | L4: ='INPUT DATA'!E9 -> EDUFILES
B5: SCHOOL NAME | G5: ='INPUT DATA'!E10 -> EFILES NATIONAL HIGH SCHOOL | Q5: SCHOOL ID | S5: ='INPUT DATA'!E11 -> 123456 | V5: SCHOOL YEAR | AB5: ='INPUT DATA'!E12 -> 2026 -2027
A7: TERM 3 | F7: GRADE & SECTION: | J7: ='INPUT DATA'!E14 -> IV - MAKABANSA | N7: TEACHER: | Q7: ='INPUT DATA'!E17 -> SAMUEL A. SILVERIO | X7: SUBJECT: | Z7: ='INPUT DATA'!E15 -> SCIENCE
B8: LEARNERS' NAMES | F8: WRITTEN / ORAL WORKS (20%) | N8: PRODUCT / PERFORMANCE TASKS (50%) | T8: SUMMATIVE TESTS AND TERM EXAMINATIONS (30%) | AB8: INITIAL GRADE | AC8: TERM GRADE | AD8: DESCRIPTOR
F9: 1 | G9: 2 | H9: 3 | I9: 4 | J9: 5 | K9: Total | L9: PS | M9: WS | N9: 1 | O9: 2 | P9: 3 | Q9: Total | R9: PS | S9: WS | T9: ST1 | U9: ST2 | V9: TE | W9: WS ST1 (30%) | X9: WS ST2 (30%) | Y9: WS TE (40%) | Z9: PS ST&TE | AA9: WS ST&TE
B10: HIGHEST POSSIBLE SCORE | K10: =IF(COUNT($F10:$J10)=0,"",SUM($F10:$J10)) | L10: 100 | M10: 0.2 | Q10: =IF(COUNT($N10:$P10)=0,"",SUM($N10:$P10)) | R10: 100 | S10: 0.5 | W10: 30 | X10: 30 | Y10: 40 | Z10: 100 | AA10: 0.3
B11: MALE
A12: 1 | B12: ='INPUT DATA'!J9 -> 0 | K12: =IF(COUNT($F12:$J12)=0,"",SUM($F12:$J12)) | L12: =IF(ISERROR(IF($K12="","",ROUND(($K12/$K$10)*$L$10,2))),"",IF($K12="","",ROUND(($K12/$K$10)*$L$10,2))) | M12: =IF($L12="","",ROUND($L12*$M$10,2)) | Q12: =IF(COUNT($N12:$P12)=0,"",SUM($N12:$P12)) | R12: =IF(ISERROR(IF($Q12="","",ROUND(($Q12/$Q$10)*$R$10,2))),"",IF($Q12="","",ROUND(($Q12/$Q$10)*$R$10,2))) | S12: =IF($R12="","",ROUND($R12*$S$10,2)) | W12: =IF(OR(T12="",$T$10=""),"",(T12/$T$10)*$W$10) | X12: =IF(OR(U12="",$U$10=""),"",(U12/$U$10)*$X$10) | Y12: =IF(OR(V12="",$V$10=""),"",(V12/$V$10)*$Y$10) | Z12: =IF(COUNT($W12:$Y12)=0,"",IFERROR(ROUND((SUM($W12:$Y12)/SUM($W$10:$Y$10))*$Z$10,2),"")) | AA12: =IF($Z12="","",ROUND($Z12*$AA$10,2)) | AB12: =IF(ISERROR(IF($Z12="","",ROUND(SUM($M12,$S12,$AA12),2))),"",IF($Z12="","",ROUND(SUM($M12,$S12,$AA12),2))) | AC12: =IF(ISERROR(IF($Z12="","",VLOOKUP(AB12,NewTransmu,4,TRUE))),"",IF($Z12="","",VLOOKUP(AB12,NewTransmu,4,TRUE))) | AD12: =IF(ISERROR(IF(AC12="","",VLOOKUP(AC12,DESCRIPTORS,4,TRUE))),"",IF(AC12="","",VLOOKUP(AC12,DESCRIPTORS,4,TRUE)))
A13: 2 | B13: ='INPUT DATA'!J10 -> 0 | K13: =IF(COUNT($F13:$J13)=0,"",SUM($F13:$J13)) | L13: =IF(ISERROR(IF($K13="","",ROUND(($K13/$K$10)*$L$10,2))),"",IF($K13="","",ROUND(($K13/$K$10)*$L$10,2))) | M13: =IF($L13="","",ROUND($L13*$M$10,2)) | Q13: =IF(COUNT($N13:$P13)=0,"",SUM($N13:$P13)) | R13: =IF(ISERROR(IF($Q13="","",ROUND(($Q13/$Q$10)*$R$10,2))),"",IF($Q13="","",ROUND(($Q13/$Q$10)*$R$10,2))) | S13: =IF($R13="","",ROUND($R13*$S$10,2)) | W13: =IF(OR(T13="",$T$10=""),"",(T13/$T$10)*$W$10) | X13: =IF(OR(U13="",$U$10=""),"",(U13/$U$10)*$X$10) | Y13: =IF(OR(V13="",$V$10=""),"",(V13/$V$10)*$Y$10) | Z13: =IF(COUNT($W13:$Y13)=0,"",IFERROR(ROUND((SUM($W13:$Y13)/SUM($W$10:$Y$10))*$Z$10,2),"")) | AA13: =IF($Z13="","",ROUND($Z13*$AA$10,2)) | AB13: =IF(ISERROR(IF($Z13="","",ROUND(SUM($M13,$S13,$AA13),2))),"",IF($Z13="","",ROUND(SUM($M13,$S13,$AA13),2))) | AC13: =IF(ISERROR(IF($Z13="","",VLOOKUP(AB13,NewTransmu,4,TRUE))),"",IF($Z13="","",VLOOKUP(AB13,NewTransmu,4,TRUE))) | AD13: =IF(ISERROR(IF(AC13="","",VLOOKUP(AC13,DESCRIPTORS,4,TRUE))),"",IF(AC13="","",VLOOKUP(AC13,DESCRIPTORS,4,TRUE)))
A14: 3 | B14: ='INPUT DATA'!J11 -> 0 | K14: =IF(COUNT($F14:$J14)=0,"",SUM($F14:$J14)) | L14: =IF(ISERROR(IF($K14="","",ROUND(($K14/$K$10)*$L$10,2))),"",IF($K14="","",ROUND(($K14/$K$10)*$L$10,2))) | M14: =IF($L14="","",ROUND($L14*$M$10,2)) | Q14: =IF(COUNT($N14:$P14)=0,"",SUM($N14:$P14)) | R14: =IF(ISERROR(IF($Q14="","",ROUND(($Q14/$Q$10)*$R$10,2))),"",IF($Q14="","",ROUND(($Q14/$Q$10)*$R$10,2))) | S14: =IF($R14="","",ROUND($R14*$S$10,2)) | W14: =IF(OR(T14="",$T$10=""),"",(T14/$T$10)*$W$10) | X14: =IF(OR(U14="",$U$10=""),"",(U14/$U$10)*$X$10) | Y14: =IF(OR(V14="",$V$10=""),"",(V14/$V$10)*$Y$10) | Z14: =IF(COUNT($W14:$Y14)=0,"",IFERROR(ROUND((SUM($W14:$Y14)/SUM($W$10:$Y$10))*$Z$10,2),"")) | AA14: =IF($Z14="","",ROUND($Z14*$AA$10,2)) | AB14: =IF(ISERROR(IF($Z14="","",ROUND(SUM($M14,$S14,$AA14),2))),"",IF($Z14="","",ROUND(SUM($M14,$S14,$AA14),2))) | AC14: =IF(ISERROR(IF($Z14="","",VLOOKUP(AB14,NewTransmu,4,TRUE))),"",IF($Z14="","",VLOOKUP(AB14,NewTransmu,4,TRUE))) | AD14: =IF(ISERROR(IF(AC14="","",VLOOKUP(AC14,DESCRIPTORS,4,TRUE))),"",IF(AC14="","",VLOOKUP(AC14,DESCRIPTORS,4,TRUE)))
A15: 4 | B15: ='INPUT DATA'!J12 -> 0 | K15: =IF(COUNT($F15:$J15)=0,"",SUM($F15:$J15)) | L15: =IF(ISERROR(IF($K15="","",ROUND(($K15/$K$10)*$L$10,2))),"",IF($K15="","",ROUND(($K15/$K$10)*$L$10,2))) | M15: =IF($L15="","",ROUND($L15*$M$10,2)) | Q15: =IF(COUNT($N15:$P15)=0,"",SUM($N15:$P15)) | R15: =IF(ISERROR(IF($Q15="","",ROUND(($Q15/$Q$10)*$R$10,2))),"",IF($Q15="","",ROUND(($Q15/$Q$10)*$R$10,2))) | S15: =IF($R15="","",ROUND($R15*$S$10,2)) | W15: =IF(OR(T15="",$T$10=""),"",(T15/$T$10)*$W$10) | X15: =IF(OR(U15="",$U$10=""),"",(U15/$U$10)*$X$10) | Y15: =IF(OR(V15="",$V$10=""),"",(V15/$V$10)*$Y$10) | Z15: =IF(COUNT($W15:$Y15)=0,"",IFERROR(ROUND((SUM($W15:$Y15)/SUM($W$10:$Y$10))*$Z$10,2),"")) | AA15: =IF($Z15="","",ROUND($Z15*$AA$10,2)) | AB15: =IF(ISERROR(IF($Z15="","",ROUND(SUM($M15,$S15,$AA15),2))),"",IF($Z15="","",ROUND(SUM($M15,$S15,$AA15),2))) | AC15: =IF(ISERROR(IF($Z15="","",VLOOKUP(AB15,NewTransmu,4,TRUE))),"",IF($Z15="","",VLOOKUP(AB15,NewTransmu,4,TRUE))) | AD15: =IF(ISERROR(IF(AC15="","",VLOOKUP(AC15,DESCRIPTORS,4,TRUE))),"",IF(AC15="","",VLOOKUP(AC15,DESCRIPTORS,4,TRUE)))
A16: 5 | B16: ='INPUT DATA'!J13 -> 0 | K16: =IF(COUNT($F16:$J16)=0,"",SUM($F16:$J16)) | L16: =IF(ISERROR(IF($K16="","",ROUND(($K16/$K$10)*$L$10,2))),"",IF($K16="","",ROUND(($K16/$K$10)*$L$10,2))) | M16: =IF($L16="","",ROUND($L16*$M$10,2)) | Q16: =IF(COUNT($N16:$P16)=0,"",SUM($N16:$P16)) | R16: =IF(ISERROR(IF($Q16="","",ROUND(($Q16/$Q$10)*$R$10,2))),"",IF($Q16="","",ROUND(($Q16/$Q$10)*$R$10,2))) | S16: =IF($R16="","",ROUND($R16*$S$10,2)) | W16: =IF(OR(T16="",$T$10=""),"",(T16/$T$10)*$W$10) | X16: =IF(OR(U16="",$U$10=""),"",(U16/$U$10)*$X$10) | Y16: =IF(OR(V16="",$V$10=""),"",(V16/$V$10)*$Y$10) | Z16: =IF(COUNT($W16:$Y16)=0,"",IFERROR(ROUND((SUM($W16:$Y16)/SUM($W$10:$Y$10))*$Z$10,2),"")) | AA16: =IF($Z16="","",ROUND($Z16*$AA$10,2)) | AB16: =IF(ISERROR(IF($Z16="","",ROUND(SUM($M16,$S16,$AA16),2))),"",IF($Z16="","",ROUND(SUM($M16,$S16,$AA16),2))) | AC16: =IF(ISERROR(IF($Z16="","",VLOOKUP(AB16,NewTransmu,4,TRUE))),"",IF($Z16="","",VLOOKUP(AB16,NewTransmu,4,TRUE))) | AD16: =IF(ISERROR(IF(AC16="","",VLOOKUP(AC16,DESCRIPTORS,4,TRUE))),"",IF(AC16="","",VLOOKUP(AC16,DESCRIPTORS,4,TRUE)))
A17: 6 | B17: ='INPUT DATA'!J14 -> 0 | K17: =IF(COUNT($F17:$J17)=0,"",SUM($F17:$J17)) | L17: =IF(ISERROR(IF($K17="","",ROUND(($K17/$K$10)*$L$10,2))),"",IF($K17="","",ROUND(($K17/$K$10)*$L$10,2))) | M17: =IF($L17="","",ROUND($L17*$M$10,2)) | Q17: =IF(COUNT($N17:$P17)=0,"",SUM($N17:$P17)) | R17: =IF(ISERROR(IF($Q17="","",ROUND(($Q17/$Q$10)*$R$10,2))),"",IF($Q17="","",ROUND(($Q17/$Q$10)*$R$10,2))) | S17: =IF($R17="","",ROUND($R17*$S$10,2)) | W17: =IF(OR(T17="",$T$10=""),"",(T17/$T$10)*$W$10) | X17: =IF(OR(U17="",$U$10=""),"",(U17/$U$10)*$X$10) | Y17: =IF(OR(V17="",$V$10=""),"",(V17/$V$10)*$Y$10) | Z17: =IF(COUNT($W17:$Y17)=0,"",IFERROR(ROUND((SUM($W17:$Y17)/SUM($W$10:$Y$10))*$Z$10,2),"")) | AA17: =IF($Z17="","",ROUND($Z17*$AA$10,2)) | AB17: =IF(ISERROR(IF($Z17="","",ROUND(SUM($M17,$S17,$AA17),2))),"",IF($Z17="","",ROUND(SUM($M17,$S17,$AA17),2))) | AC17: =IF(ISERROR(IF($Z17="","",VLOOKUP(AB17,NewTransmu,4,TRUE))),"",IF($Z17="","",VLOOKUP(AB17,NewTransmu,4,TRUE))) | AD17: =IF(ISERROR(IF(AC17="","",VLOOKUP(AC17,DESCRIPTORS,4,TRUE))),"",IF(AC17="","",VLOOKUP(AC17,DESCRIPTORS,4,TRUE)))
A18: 7 | B18: ='INPUT DATA'!J15 -> 0 | K18: =IF(COUNT($F18:$J18)=0,"",SUM($F18:$J18)) | L18: =IF(ISERROR(IF($K18="","",ROUND(($K18/$K$10)*$L$10,2))),"",IF($K18="","",ROUND(($K18/$K$10)*$L$10,2))) | M18: =IF($L18="","",ROUND($L18*$M$10,2)) | Q18: =IF(COUNT($N18:$P18)=0,"",SUM($N18:$P18)) | R18: =IF(ISERROR(IF($Q18="","",ROUND(($Q18/$Q$10)*$R$10,2))),"",IF($Q18="","",ROUND(($Q18/$Q$10)*$R$10,2))) | S18: =IF($R18="","",ROUND($R18*$S$10,2)) | W18: =IF(OR(T18="",$T$10=""),"",(T18/$T$10)*$W$10) | X18: =IF(OR(U18="",$U$10=""),"",(U18/$U$10)*$X$10) | Y18: =IF(OR(V18="",$V$10=""),"",(V18/$V$10)*$Y$10) | Z18: =IF(COUNT($W18:$Y18)=0,"",IFERROR(ROUND((SUM($W18:$Y18)/SUM($W$10:$Y$10))*$Z$10,2),"")) | AA18: =IF($Z18="","",ROUND($Z18*$AA$10,2)) | AB18: =IF(ISERROR(IF($Z18="","",ROUND(SUM($M18,$S18,$AA18),2))),"",IF($Z18="","",ROUND(SUM($M18,$S18,$AA18),2))) | AC18: =IF(ISERROR(IF($Z18="","",VLOOKUP(AB18,NewTransmu,4,TRUE))),"",IF($Z18="","",VLOOKUP(AB18,NewTransmu,4,TRUE))) | AD18: =IF(ISERROR(IF(AC18="","",VLOOKUP(AC18,DESCRIPTORS,4,TRUE))),"",IF(AC18="","",VLOOKUP(AC18,DESCRIPTORS,4,TRUE)))
A19: 8 | B19: ='INPUT DATA'!J16 -> 0 | K19: =IF(COUNT($F19:$J19)=0,"",SUM($F19:$J19)) | L19: =IF(ISERROR(IF($K19="","",ROUND(($K19/$K$10)*$L$10,2))),"",IF($K19="","",ROUND(($K19/$K$10)*$L$10,2))) | M19: =IF($L19="","",ROUND($L19*$M$10,2)) | Q19: =IF(COUNT($N19:$P19)=0,"",SUM($N19:$P19)) | R19: =IF(ISERROR(IF($Q19="","",ROUND(($Q19/$Q$10)*$R$10,2))),"",IF($Q19="","",ROUND(($Q19/$Q$10)*$R$10,2))) | S19: =IF($R19="","",ROUND($R19*$S$10,2)) | W19: =IF(OR(T19="",$T$10=""),"",(T19/$T$10)*$W$10) | X19: =IF(OR(U19="",$U$10=""),"",(U19/$U$10)*$X$10) | Y19: =IF(OR(V19="",$V$10=""),"",(V19/$V$10)*$Y$10) | Z19: =IF(COUNT($W19:$Y19)=0,"",IFERROR(ROUND((SUM($W19:$Y19)/SUM($W$10:$Y$10))*$Z$10,2),"")) | AA19: =IF($Z19="","",ROUND($Z19*$AA$10,2)) | AB19: =IF(ISERROR(IF($Z19="","",ROUND(SUM($M19,$S19,$AA19),2))),"",IF($Z19="","",ROUND(SUM($M19,$S19,$AA19),2))) | AC19: =IF(ISERROR(IF($Z19="","",VLOOKUP(AB19,NewTransmu,4,TRUE))),"",IF($Z19="","",VLOOKUP(AB19,NewTransmu,4,TRUE))) | AD19: =IF(ISERROR(IF(AC19="","",VLOOKUP(AC19,DESCRIPTORS,4,TRUE))),"",IF(AC19="","",VLOOKUP(AC19,DESCRIPTORS,4,TRUE)))
A20: 9 | B20: ='INPUT DATA'!J17 -> 0 | K20: =IF(COUNT($F20:$J20)=0,"",SUM($F20:$J20)) | L20: =IF(ISERROR(IF($K20="","",ROUND(($K20/$K$10)*$L$10,2))),"",IF($K20="","",ROUND(($K20/$K$10)*$L$10,2))) | M20: =IF($L20="","",ROUND($L20*$M$10,2)) | Q20: =IF(COUNT($N20:$P20)=0,"",SUM($N20:$P20)) | R20: =IF(ISERROR(IF($Q20="","",ROUND(($Q20/$Q$10)*$R$10,2))),"",IF($Q20="","",ROUND(($Q20/$Q$10)*$R$10,2))) | S20: =IF($R20="","",ROUND($R20*$S$10,2)) | W20: =IF(OR(T20="",$T$10=""),"",(T20/$T$10)*$W$10) | X20: =IF(OR(U20="",$U$10=""),"",(U20/$U$10)*$X$10) | Y20: =IF(OR(V20="",$V$10=""),"",(V20/$V$10)*$Y$10) | Z20: =IF(COUNT($W20:$Y20)=0,"",IFERROR(ROUND((SUM($W20:$Y20)/SUM($W$10:$Y$10))*$Z$10,2),"")) | AA20: =IF($Z20="","",ROUND($Z20*$AA$10,2)) | AB20: =IF(ISERROR(IF($Z20="","",ROUND(SUM($M20,$S20,$AA20),2))),"",IF($Z20="","",ROUND(SUM($M20,$S20,$AA20),2))) | AC20: =IF(ISERROR(IF($Z20="","",VLOOKUP(AB20,NewTransmu,4,TRUE))),"",IF($Z20="","",VLOOKUP(AB20,NewTransmu,4,TRUE))) | AD20: =IF(ISERROR(IF(AC20="","",VLOOKUP(AC20,DESCRIPTORS,4,TRUE))),"",IF(AC20="","",VLOOKUP(AC20,DESCRIPTORS,4,TRUE)))
A21: 10 | B21: ='INPUT DATA'!J18 -> 0 | K21: =IF(COUNT($F21:$J21)=0,"",SUM($F21:$J21)) | L21: =IF(ISERROR(IF($K21="","",ROUND(($K21/$K$10)*$L$10,2))),"",IF($K21="","",ROUND(($K21/$K$10)*$L$10,2))) | M21: =IF($L21="","",ROUND($L21*$M$10,2)) | Q21: =IF(COUNT($N21:$P21)=0,"",SUM($N21:$P21)) | R21: =IF(ISERROR(IF($Q21="","",ROUND(($Q21/$Q$10)*$R$10,2))),"",IF($Q21="","",ROUND(($Q21/$Q$10)*$R$10,2))) | S21: =IF($R21="","",ROUND($R21*$S$10,2)) | W21: =IF(OR(T21="",$T$10=""),"",(T21/$T$10)*$W$10) | X21: =IF(OR(U21="",$U$10=""),"",(U21/$U$10)*$X$10) | Y21: =IF(OR(V21="",$V$10=""),"",(V21/$V$10)*$Y$10) | Z21: =IF(COUNT($W21:$Y21)=0,"",IFERROR(ROUND((SUM($W21:$Y21)/SUM($W$10:$Y$10))*$Z$10,2),"")) | AA21: =IF($Z21="","",ROUND($Z21*$AA$10,2)) | AB21: =IF(ISERROR(IF($Z21="","",ROUND(SUM($M21,$S21,$AA21),2))),"",IF($Z21="","",ROUND(SUM($M21,$S21,$AA21),2))) | AC21: =IF(ISERROR(IF($Z21="","",VLOOKUP(AB21,NewTransmu,4,TRUE))),"",IF($Z21="","",VLOOKUP(AB21,NewTransmu,4,TRUE))) | AD21: =IF(ISERROR(IF(AC21="","",VLOOKUP(AC21,DESCRIPTORS,4,TRUE))),"",IF(AC21="","",VLOOKUP(AC21,DESCRIPTORS,4,TRUE)))
A22: 11 | B22: ='INPUT DATA'!J19 -> 0 | K22: =IF(COUNT($F22:$J22)=0,"",SUM($F22:$J22)) | L22: =IF(ISERROR(IF($K22="","",ROUND(($K22/$K$10)*$L$10,2))),"",IF($K22="","",ROUND(($K22/$K$10)*$L$10,2))) | M22: =IF($L22="","",ROUND($L22*$M$10,2)) | Q22: =IF(COUNT($N22:$P22)=0,"",SUM($N22:$P22)) | R22: =IF(ISERROR(IF($Q22="","",ROUND(($Q22/$Q$10)*$R$10,2))),"",IF($Q22="","",ROUND(($Q22/$Q$10)*$R$10,2))) | S22: =IF($R22="","",ROUND($R22*$S$10,2)) | W22: =IF(OR(T22="",$T$10=""),"",(T22/$T$10)*$W$10) | X22: =IF(OR(U22="",$U$10=""),"",(U22/$U$10)*$X$10) | Y22: =IF(OR(V22="",$V$10=""),"",(V22/$V$10)*$Y$10) | Z22: =IF(COUNT($W22:$Y22)=0,"",IFERROR(ROUND((SUM($W22:$Y22)/SUM($W$10:$Y$10))*$Z$10,2),"")) | AA22: =IF($Z22="","",ROUND($Z22*$AA$10,2)) | AB22: =IF(ISERROR(IF($Z22="","",ROUND(SUM($M22,$S22,$AA22),2))),"",IF($Z22="","",ROUND(SUM($M22,$S22,$AA22),2))) | AC22: =IF(ISERROR(IF($Z22="","",VLOOKUP(AB22,NewTransmu,4,TRUE))),"",IF($Z22="","",VLOOKUP(AB22,NewTransmu,4,TRUE))) | AD22: =IF(ISERROR(IF(AC22="","",VLOOKUP(AC22,DESCRIPTORS,4,TRUE))),"",IF(AC22="","",VLOOKUP(AC22,DESCRIPTORS,4,TRUE)))
A23: 12 | B23: ='INPUT DATA'!J20 -> 0 | K23: =IF(COUNT($F23:$J23)=0,"",SUM($F23:$J23)) | L23: =IF(ISERROR(IF($K23="","",ROUND(($K23/$K$10)*$L$10,2))),"",IF($K23="","",ROUND(($K23/$K$10)*$L$10,2))) | M23: =IF($L23="","",ROUND($L23*$M$10,2)) | Q23: =IF(COUNT($N23:$P23)=0,"",SUM($N23:$P23)) | R23: =IF(ISERROR(IF($Q23="","",ROUND(($Q23/$Q$10)*$R$10,2))),"",IF($Q23="","",ROUND(($Q23/$Q$10)*$R$10,2))) | S23: =IF($R23="","",ROUND($R23*$S$10,2)) | W23: =IF(OR(T23="",$T$10=""),"",(T23/$T$10)*$W$10) | X23: =IF(OR(U23="",$U$10=""),"",(U23/$U$10)*$X$10) | Y23: =IF(OR(V23="",$V$10=""),"",(V23/$V$10)*$Y$10) | Z23: =IF(COUNT($W23:$Y23)=0,"",IFERROR(ROUND((SUM($W23:$Y23)/SUM($W$10:$Y$10))*$Z$10,2),"")) | AA23: =IF($Z23="","",ROUND($Z23*$AA$10,2)) | AB23: =IF(ISERROR(IF($Z23="","",ROUND(SUM($M23,$S23,$AA23),2))),"",IF($Z23="","",ROUND(SUM($M23,$S23,$AA23),2))) | AC23: =IF(ISERROR(IF($Z23="","",VLOOKUP(AB23,NewTransmu,4,TRUE))),"",IF($Z23="","",VLOOKUP(AB23,NewTransmu,4,TRUE))) | AD23: =IF(ISERROR(IF(AC23="","",VLOOKUP(AC23,DESCRIPTORS,4,TRUE))),"",IF(AC23="","",VLOOKUP(AC23,DESCRIPTORS,4,TRUE)))
... A61: 50 | B61: ='INPUT DATA'!J58 -> 0 | K61: =IF(COUNT($F61:$J61)=0,"",SUM($F61:$J61)) | L61: =IF(ISERROR(IF($K61="","",ROUND(($K61/$K$10)*$L$10,2))),"",IF($K61="","",ROUND(($K61/$K$10)*$L$10,2))) | M61: =IF($L61="","",ROUND($L61*$M$10,2)) | Q61: =IF(COUNT($N61:$P61)=0,"",SUM($N61:$P61)) | R61: =IF(ISERROR(IF($Q61="","",ROUND(($Q61/$Q$10)*$R$10,2))),"",IF($Q61="","",ROUND(($Q61/$Q$10)*$R$10,2))) | S61: =IF($R61="","",ROUND($R61*$S$10,2)) | W61: =IF(OR(T61="",$T$10=""),"",(T61/$T$10)*$W$10) | X61: =IF(OR(U61="",$U$10=""),"",(U61/$U$10)*$X$10) | Y61: =IF(OR(V61="",$V$10=""),"",(V61/$V$10)*$Y$10) | Z61: =IF(COUNT($W61:$Y61)=0,"",IFERROR(ROUND((SUM($W61:$Y61)/SUM($W$10:$Y$10))*$Z$10,2),"")) | AA61: =IF($Z61="","",ROUND($Z61*$AA$10,2)) | AB61: =IF(ISERROR(IF($Z61="","",ROUND(SUM($M61,$S61,$AA61),2))),"",IF($Z61="","",ROUND(SUM($M61,$S61,$AA61),2))) | AC61: =IF(ISERROR(IF($Z61="","",VLOOKUP(AB61,NewTransmu,4,TRUE))),"",IF($Z61="","",VLOOKUP(AB61,NewTransmu,4,TRUE))) | AD61: =IF(ISERROR(IF(AC61="","",VLOOKUP(AC61,DESCRIPTORS,4,TRUE))),"",IF(AC61="","",VLOOKUP(AC61,DESCRIPTORS,4,TRUE)))
B62: FEMALE
A63: 1 | B63: ='INPUT DATA'!P9 -> 0 | K63: =IF(COUNT($F63:$J63)=0,"",SUM($F63:$J63)) | L63: =IF(ISERROR(IF($K63="","",ROUND(($K63/$K$10)*$L$10,2))),"",IF($K63="","",ROUND(($K63/$K$10)*$L$10,2))) | M63: =IF($L63="","",ROUND($L63*$M$10,2)) | Q63: =IF(COUNT($N63:$P63)=0,"",SUM($N63:$P63)) | R63: =IF(ISERROR(IF($Q63="","",ROUND(($Q63/$Q$10)*$R$10,2))),"",IF($Q63="","",ROUND(($Q63/$Q$10)*$R$10,2))) | S63: =IF($R63="","",ROUND($R63*$S$10,2)) | W63: =IF(OR(T63="",$T$10=""),"",(T63/$T$10)*$W$10) | X63: =IF(OR(U63="",$U$10=""),"",(U63/$U$10)*$X$10) | Y63: =IF(OR(V63="",$V$10=""),"",(V63/$V$10)*$Y$10) | Z63: =IF(COUNT($W63:$Y63)=0,"",IFERROR(ROUND((SUM($W63:$Y63)/SUM($W$10:$Y$10))*$Z$10,2),"")) | AA63: =IF($Z63="","",ROUND($Z63*$AA$10,2)) | AB63: =IF(ISERROR(IF($Z63="","",ROUND(SUM($M63,$S63,$AA63),2))),"",IF($Z63="","",ROUND(SUM($M63,$S63,$AA63),2))) | AC63: =IF(ISERROR(IF($Z63="","",VLOOKUP(AB63,NewTransmu,4,TRUE))),"",IF($Z63="","",VLOOKUP(AB63,NewTransmu,4,TRUE))) | AD63: =IF(ISERROR(IF(AC63="","",VLOOKUP(AC63,DESCRIPTORS,4,TRUE))),"",IF(AC63="","",VLOOKUP(AC63,DESCRIPTORS,4,TRUE)))
A64: 2 | B64: ='INPUT DATA'!P10 -> 0 | K64: =IF(COUNT($F64:$J64)=0,"",SUM($F64:$J64)) | L64: =IF(ISERROR(IF($K64="","",ROUND(($K64/$K$10)*$L$10,2))),"",IF($K64="","",ROUND(($K64/$K$10)*$L$10,2))) | M64: =IF($L64="","",ROUND($L64*$M$10,2)) | Q64: =IF(COUNT($N64:$P64)=0,"",SUM($N64:$P64)) | R64: =IF(ISERROR(IF($Q64="","",ROUND(($Q64/$Q$10)*$R$10,2))),"",IF($Q64="","",ROUND(($Q64/$Q$10)*$R$10,2))) | S64: =IF($R64="","",ROUND($R64*$S$10,2)) | W64: =IF(OR(T64="",$T$10=""),"",(T64/$T$10)*$W$10) | X64: =IF(OR(U64="",$U$10=""),"",(U64/$U$10)*$X$10) | Y64: =IF(OR(V64="",$V$10=""),"",(V64/$V$10)*$Y$10) | Z64: =IF(COUNT($W64:$Y64)=0,"",IFERROR(ROUND((SUM($W64:$Y64)/SUM($W$10:$Y$10))*$Z$10,2),"")) | AA64: =IF($Z64="","",ROUND($Z64*$AA$10,2)) | AB64: =IF(ISERROR(IF($Z64="","",ROUND(SUM($M64,$S64,$AA64),2))),"",IF($Z64="","",ROUND(SUM($M64,$S64,$AA64),2))) | AC64: =IF(ISERROR(IF($Z64="","",VLOOKUP(AB64,NewTransmu,4,TRUE))),"",IF($Z64="","",VLOOKUP(AB64,NewTransmu,4,TRUE))) | AD64: =IF(ISERROR(IF(AC64="","",VLOOKUP(AC64,DESCRIPTORS,4,TRUE))),"",IF(AC64="","",VLOOKUP(AC64,DESCRIPTORS,4,TRUE)))
A65: 3 | B65: ='INPUT DATA'!P11 -> 0 | K65: =IF(COUNT($F65:$J65)=0,"",SUM($F65:$J65)) | L65: =IF(ISERROR(IF($K65="","",ROUND(($K65/$K$10)*$L$10,2))),"",IF($K65="","",ROUND(($K65/$K$10)*$L$10,2))) | M65: =IF($L65="","",ROUND($L65*$M$10,2)) | Q65: =IF(COUNT($N65:$P65)=0,"",SUM($N65:$P65)) | R65: =IF(ISERROR(IF($Q65="","",ROUND(($Q65/$Q$10)*$R$10,2))),"",IF($Q65="","",ROUND(($Q65/$Q$10)*$R$10,2))) | S65: =IF($R65="","",ROUND($R65*$S$10,2)) | W65: =IF(OR(T65="",$T$10=""),"",(T65/$T$10)*$W$10) | X65: =IF(OR(U65="",$U$10=""),"",(U65/$U$10)*$X$10) | Y65: =IF(OR(V65="",$V$10=""),"",(V65/$V$10)*$Y$10) | Z65: =IF(COUNT($W65:$Y65)=0,"",IFERROR(ROUND((SUM($W65:$Y65)/SUM($W$10:$Y$10))*$Z$10,2),"")) | AA65: =IF($Z65="","",ROUND($Z65*$AA$10,2)) | AB65: =IF(ISERROR(IF($Z65="","",ROUND(SUM($M65,$S65,$AA65),2))),"",IF($Z65="","",ROUND(SUM($M65,$S65,$AA65),2))) | AC65: =IF(ISERROR(IF($Z65="","",VLOOKUP(AB65,NewTransmu,4,TRUE))),"",IF($Z65="","",VLOOKUP(AB65,NewTransmu,4,TRUE))) | AD65: =IF(ISERROR(IF(AC65="","",VLOOKUP(AC65,DESCRIPTORS,4,TRUE))),"",IF(AC65="","",VLOOKUP(AC65,DESCRIPTORS,4,TRUE)))
A66: 4 | B66: ='INPUT DATA'!P12 -> 0 | K66: =IF(COUNT($F66:$J66)=0,"",SUM($F66:$J66)) | L66: =IF(ISERROR(IF($K66="","",ROUND(($K66/$K$10)*$L$10,2))),"",IF($K66="","",ROUND(($K66/$K$10)*$L$10,2))) | M66: =IF($L66="","",ROUND($L66*$M$10,2)) | Q66: =IF(COUNT($N66:$P66)=0,"",SUM($N66:$P66)) | R66: =IF(ISERROR(IF($Q66="","",ROUND(($Q66/$Q$10)*$R$10,2))),"",IF($Q66="","",ROUND(($Q66/$Q$10)*$R$10,2))) | S66: =IF($R66="","",ROUND($R66*$S$10,2)) | W66: =IF(OR(T66="",$T$10=""),"",(T66/$T$10)*$W$10) | X66: =IF(OR(U66="",$U$10=""),"",(U66/$U$10)*$X$10) | Y66: =IF(OR(V66="",$V$10=""),"",(V66/$V$10)*$Y$10) | Z66: =IF(COUNT($W66:$Y66)=0,"",IFERROR(ROUND((SUM($W66:$Y66)/SUM($W$10:$Y$10))*$Z$10,2),"")) | AA66: =IF($Z66="","",ROUND($Z66*$AA$10,2)) | AB66: =IF(ISERROR(IF($Z66="","",ROUND(SUM($M66,$S66,$AA66),2))),"",IF($Z66="","",ROUND(SUM($M66,$S66,$AA66),2))) | AC66: =IF(ISERROR(IF($Z66="","",VLOOKUP(AB66,NewTransmu,4,TRUE))),"",IF($Z66="","",VLOOKUP(AB66,NewTransmu,4,TRUE))) | AD66: =IF(ISERROR(IF(AC66="","",VLOOKUP(AC66,DESCRIPTORS,4,TRUE))),"",IF(AC66="","",VLOOKUP(AC66,DESCRIPTORS,4,TRUE)))
A67: 5 | B67: ='INPUT DATA'!P13 -> 0 | K67: =IF(COUNT($F67:$J67)=0,"",SUM($F67:$J67)) | L67: =IF(ISERROR(IF($K67="","",ROUND(($K67/$K$10)*$L$10,2))),"",IF($K67="","",ROUND(($K67/$K$10)*$L$10,2))) | M67: =IF($L67="","",ROUND($L67*$M$10,2)) | Q67: =IF(COUNT($N67:$P67)=0,"",SUM($N67:$P67)) | R67: =IF(ISERROR(IF($Q67="","",ROUND(($Q67/$Q$10)*$R$10,2))),"",IF($Q67="","",ROUND(($Q67/$Q$10)*$R$10,2))) | S67: =IF($R67="","",ROUND($R67*$S$10,2)) | W67: =IF(OR(T67="",$T$10=""),"",(T67/$T$10)*$W$10) | X67: =IF(OR(U67="",$U$10=""),"",(U67/$U$10)*$X$10) | Y67: =IF(OR(V67="",$V$10=""),"",(V67/$V$10)*$Y$10) | Z67: =IF(COUNT($W67:$Y67)=0,"",IFERROR(ROUND((SUM($W67:$Y67)/SUM($W$10:$Y$10))*$Z$10,2),"")) | AA67: =IF($Z67="","",ROUND($Z67*$AA$10,2)) | AB67: =IF(ISERROR(IF($Z67="","",ROUND(SUM($M67,$S67,$AA67),2))),"",IF($Z67="","",ROUND(SUM($M67,$S67,$AA67),2))) | AC67: =IF(ISERROR(IF($Z67="","",VLOOKUP(AB67,NewTransmu,4,TRUE))),"",IF($Z67="","",VLOOKUP(AB67,NewTransmu,4,TRUE))) | AD67: =IF(ISERROR(IF(AC67="","",VLOOKUP(AC67,DESCRIPTORS,4,TRUE))),"",IF(AC67="","",VLOOKUP(AC67,DESCRIPTORS,4,TRUE)))
A68: 6 | B68: ='INPUT DATA'!P14 -> 0 | K68: =IF(COUNT($F68:$J68)=0,"",SUM($F68:$J68)) | L68: =IF(ISERROR(IF($K68="","",ROUND(($K68/$K$10)*$L$10,2))),"",IF($K68="","",ROUND(($K68/$K$10)*$L$10,2))) | M68: =IF($L68="","",ROUND($L68*$M$10,2)) | Q68: =IF(COUNT($N68:$P68)=0,"",SUM($N68:$P68)) | R68: =IF(ISERROR(IF($Q68="","",ROUND(($Q68/$Q$10)*$R$10,2))),"",IF($Q68="","",ROUND(($Q68/$Q$10)*$R$10,2))) | S68: =IF($R68="","",ROUND($R68*$S$10,2)) | W68: =IF(OR(T68="",$T$10=""),"",(T68/$T$10)*$W$10) | X68: =IF(OR(U68="",$U$10=""),"",(U68/$U$10)*$X$10) | Y68: =IF(OR(V68="",$V$10=""),"",(V68/$V$10)*$Y$10) | Z68: =IF(COUNT($W68:$Y68)=0,"",IFERROR(ROUND((SUM($W68:$Y68)/SUM($W$10:$Y$10))*$Z$10,2),"")) | AA68: =IF($Z68="","",ROUND($Z68*$AA$10,2)) | AB68: =IF(ISERROR(IF($Z68="","",ROUND(SUM($M68,$S68,$AA68),2))),"",IF($Z68="","",ROUND(SUM($M68,$S68,$AA68),2))) | AC68: =IF(ISERROR(IF($Z68="","",VLOOKUP(AB68,NewTransmu,4,TRUE))),"",IF($Z68="","",VLOOKUP(AB68,NewTransmu,4,TRUE))) | AD68: =IF(ISERROR(IF(AC68="","",VLOOKUP(AC68,DESCRIPTORS,4,TRUE))),"",IF(AC68="","",VLOOKUP(AC68,DESCRIPTORS,4,TRUE)))
A69: 7 | B69: ='INPUT DATA'!P15 -> 0 | K69: =IF(COUNT($F69:$J69)=0,"",SUM($F69:$J69)) | L69: =IF(ISERROR(IF($K69="","",ROUND(($K69/$K$10)*$L$10,2))),"",IF($K69="","",ROUND(($K69/$K$10)*$L$10,2))) | M69: =IF($L69="","",ROUND($L69*$M$10,2)) | Q69: =IF(COUNT($N69:$P69)=0,"",SUM($N69:$P69)) | R69: =IF(ISERROR(IF($Q69="","",ROUND(($Q69/$Q$10)*$R$10,2))),"",IF($Q69="","",ROUND(($Q69/$Q$10)*$R$10,2))) | S69: =IF($R69="","",ROUND($R69*$S$10,2)) | W69: =IF(OR(T69="",$T$10=""),"",(T69/$T$10)*$W$10) | X69: =IF(OR(U69="",$U$10=""),"",(U69/$U$10)*$X$10) | Y69: =IF(OR(V69="",$V$10=""),"",(V69/$V$10)*$Y$10) | Z69: =IF(COUNT($W69:$Y69)=0,"",IFERROR(ROUND((SUM($W69:$Y69)/SUM($W$10:$Y$10))*$Z$10,2),"")) | AA69: =IF($Z69="","",ROUND($Z69*$AA$10,2)) | AB69: =IF(ISERROR(IF($Z69="","",ROUND(SUM($M69,$S69,$AA69),2))),"",IF($Z69="","",ROUND(SUM($M69,$S69,$AA69),2))) | AC69: =IF(ISERROR(IF($Z69="","",VLOOKUP(AB69,NewTransmu,4,TRUE))),"",IF($Z69="","",VLOOKUP(AB69,NewTransmu,4,TRUE))) | AD69: =IF(ISERROR(IF(AC69="","",VLOOKUP(AC69,DESCRIPTORS,4,TRUE))),"",IF(AC69="","",VLOOKUP(AC69,DESCRIPTORS,4,TRUE)))
A70: 8 | B70: ='INPUT DATA'!P16 -> 0 | K70: =IF(COUNT($F70:$J70)=0,"",SUM($F70:$J70)) | L70: =IF(ISERROR(IF($K70="","",ROUND(($K70/$K$10)*$L$10,2))),"",IF($K70="","",ROUND(($K70/$K$10)*$L$10,2))) | M70: =IF($L70="","",ROUND($L70*$M$10,2)) | Q70: =IF(COUNT($N70:$P70)=0,"",SUM($N70:$P70)) | R70: =IF(ISERROR(IF($Q70="","",ROUND(($Q70/$Q$10)*$R$10,2))),"",IF($Q70="","",ROUND(($Q70/$Q$10)*$R$10,2))) | S70: =IF($R70="","",ROUND($R70*$S$10,2)) | W70: =IF(OR(T70="",$T$10=""),"",(T70/$T$10)*$W$10) | X70: =IF(OR(U70="",$U$10=""),"",(U70/$U$10)*$X$10) | Y70: =IF(OR(V70="",$V$10=""),"",(V70/$V$10)*$Y$10) | Z70: =IF(COUNT($W70:$Y70)=0,"",IFERROR(ROUND((SUM($W70:$Y70)/SUM($W$10:$Y$10))*$Z$10,2),"")) | AA70: =IF($Z70="","",ROUND($Z70*$AA$10,2)) | AB70: =IF(ISERROR(IF($Z70="","",ROUND(SUM($M70,$S70,$AA70),2))),"",IF($Z70="","",ROUND(SUM($M70,$S70,$AA70),2))) | AC70: =IF(ISERROR(IF($Z70="","",VLOOKUP(AB70,NewTransmu,4,TRUE))),"",IF($Z70="","",VLOOKUP(AB70,NewTransmu,4,TRUE))) | AD70: =IF(ISERROR(IF(AC70="","",VLOOKUP(AC70,DESCRIPTORS,4,TRUE))),"",IF(AC70="","",VLOOKUP(AC70,DESCRIPTORS,4,TRUE)))
A71: 9 | B71: ='INPUT DATA'!P17 -> 0 | K71: =IF(COUNT($F71:$J71)=0,"",SUM($F71:$J71)) | L71: =IF(ISERROR(IF($K71="","",ROUND(($K71/$K$10)*$L$10,2))),"",IF($K71="","",ROUND(($K71/$K$10)*$L$10,2))) | M71: =IF($L71="","",ROUND($L71*$M$10,2)) | Q71: =IF(COUNT($N71:$P71)=0,"",SUM($N71:$P71)) | R71: =IF(ISERROR(IF($Q71="","",ROUND(($Q71/$Q$10)*$R$10,2))),"",IF($Q71="","",ROUND(($Q71/$Q$10)*$R$10,2))) | S71: =IF($R71="","",ROUND($R71*$S$10,2)) | W71: =IF(OR(T71="",$T$10=""),"",(T71/$T$10)*$W$10) | X71: =IF(OR(U71="",$U$10=""),"",(U71/$U$10)*$X$10) | Y71: =IF(OR(V71="",$V$10=""),"",(V71/$V$10)*$Y$10) | Z71: =IF(COUNT($W71:$Y71)=0,"",IFERROR(ROUND((SUM($W71:$Y71)/SUM($W$10:$Y$10))*$Z$10,2),"")) | AA71: =IF($Z71="","",ROUND($Z71*$AA$10,2)) | AB71: =IF(ISERROR(IF($Z71="","",ROUND(SUM($M71,$S71,$AA71),2))),"",IF($Z71="","",ROUND(SUM($M71,$S71,$AA71),2))) | AC71: =IF(ISERROR(IF($Z71="","",VLOOKUP(AB71,NewTransmu,4,TRUE))),"",IF($Z71="","",VLOOKUP(AB71,NewTransmu,4,TRUE))) | AD71: =IF(ISERROR(IF(AC71="","",VLOOKUP(AC71,DESCRIPTORS,4,TRUE))),"",IF(AC71="","",VLOOKUP(AC71,DESCRIPTORS,4,TRUE)))
A72: 10 | B72: ='INPUT DATA'!P18 -> 0 | K72: =IF(COUNT($F72:$J72)=0,"",SUM($F72:$J72)) | L72: =IF(ISERROR(IF($K72="","",ROUND(($K72/$K$10)*$L$10,2))),"",IF($K72="","",ROUND(($K72/$K$10)*$L$10,2))) | M72: =IF($L72="","",ROUND($L72*$M$10,2)) | Q72: =IF(COUNT($N72:$P72)=0,"",SUM($N72:$P72)) | R72: =IF(ISERROR(IF($Q72="","",ROUND(($Q72/$Q$10)*$R$10,2))),"",IF($Q72="","",ROUND(($Q72/$Q$10)*$R$10,2))) | S72: =IF($R72="","",ROUND($R72*$S$10,2)) | W72: =IF(OR(T72="",$T$10=""),"",(T72/$T$10)*$W$10) | X72: =IF(OR(U72="",$U$10=""),"",(U72/$U$10)*$X$10) | Y72: =IF(OR(V72="",$V$10=""),"",(V72/$V$10)*$Y$10) | Z72: =IF(COUNT($W72:$Y72)=0,"",IFERROR(ROUND((SUM($W72:$Y72)/SUM($W$10:$Y$10))*$Z$10,2),"")) | AA72: =IF($Z72="","",ROUND($Z72*$AA$10,2)) | AB72: =IF(ISERROR(IF($Z72="","",ROUND(SUM($M72,$S72,$AA72),2))),"",IF($Z72="","",ROUND(SUM($M72,$S72,$AA72),2))) | AC72: =IF(ISERROR(IF($Z72="","",VLOOKUP(AB72,NewTransmu,4,TRUE))),"",IF($Z72="","",VLOOKUP(AB72,NewTransmu,4,TRUE))) | AD72: =IF(ISERROR(IF(AC72="","",VLOOKUP(AC72,DESCRIPTORS,4,TRUE))),"",IF(AC72="","",VLOOKUP(AC72,DESCRIPTORS,4,TRUE)))
A73: 11 | B73: ='INPUT DATA'!P19 -> 0 | K73: =IF(COUNT($F73:$J73)=0,"",SUM($F73:$J73)) | L73: =IF(ISERROR(IF($K73="","",ROUND(($K73/$K$10)*$L$10,2))),"",IF($K73="","",ROUND(($K73/$K$10)*$L$10,2))) | M73: =IF($L73="","",ROUND($L73*$M$10,2)) | Q73: =IF(COUNT($N73:$P73)=0,"",SUM($N73:$P73)) | R73: =IF(ISERROR(IF($Q73="","",ROUND(($Q73/$Q$10)*$R$10,2))),"",IF($Q73="","",ROUND(($Q73/$Q$10)*$R$10,2))) | S73: =IF($R73="","",ROUND($R73*$S$10,2)) | W73: =IF(OR(T73="",$T$10=""),"",(T73/$T$10)*$W$10) | X73: =IF(OR(U73="",$U$10=""),"",(U73/$U$10)*$X$10) | Y73: =IF(OR(V73="",$V$10=""),"",(V73/$V$10)*$Y$10) | Z73: =IF(COUNT($W73:$Y73)=0,"",IFERROR(ROUND((SUM($W73:$Y73)/SUM($W$10:$Y$10))*$Z$10,2),"")) | AA73: =IF($Z73="","",ROUND($Z73*$AA$10,2)) | AB73: =IF(ISERROR(IF($Z73="","",ROUND(SUM($M73,$S73,$AA73),2))),"",IF($Z73="","",ROUND(SUM($M73,$S73,$AA73),2))) | AC73: =IF(ISERROR(IF($Z73="","",VLOOKUP(AB73,NewTransmu,4,TRUE))),"",IF($Z73="","",VLOOKUP(AB73,NewTransmu,4,TRUE))) | AD73: =IF(ISERROR(IF(AC73="","",VLOOKUP(AC73,DESCRIPTORS,4,TRUE))),"",IF(AC73="","",VLOOKUP(AC73,DESCRIPTORS,4,TRUE)))
A74: 12 | B74: ='INPUT DATA'!P20 -> 0 | K74: =IF(COUNT($F74:$J74)=0,"",SUM($F74:$J74)) | L74: =IF(ISERROR(IF($K74="","",ROUND(($K74/$K$10)*$L$10,2))),"",IF($K74="","",ROUND(($K74/$K$10)*$L$10,2))) | M74: =IF($L74="","",ROUND($L74*$M$10,2)) | Q74: =IF(COUNT($N74:$P74)=0,"",SUM($N74:$P74)) | R74: =IF(ISERROR(IF($Q74="","",ROUND(($Q74/$Q$10)*$R$10,2))),"",IF($Q74="","",ROUND(($Q74/$Q$10)*$R$10,2))) | S74: =IF($R74="","",ROUND($R74*$S$10,2)) | W74: =IF(OR(T74="",$T$10=""),"",(T74/$T$10)*$W$10) | X74: =IF(OR(U74="",$U$10=""),"",(U74/$U$10)*$X$10) | Y74: =IF(OR(V74="",$V$10=""),"",(V74/$V$10)*$Y$10) | Z74: =IF(COUNT($W74:$Y74)=0,"",IFERROR(ROUND((SUM($W74:$Y74)/SUM($W$10:$Y$10))*$Z$10,2),"")) | AA74: =IF($Z74="","",ROUND($Z74*$AA$10,2)) | AB74: =IF(ISERROR(IF($Z74="","",ROUND(SUM($M74,$S74,$AA74),2))),"",IF($Z74="","",ROUND(SUM($M74,$S74,$AA74),2))) | AC74: =IF(ISERROR(IF($Z74="","",VLOOKUP(AB74,NewTransmu,4,TRUE))),"",IF($Z74="","",VLOOKUP(AB74,NewTransmu,4,TRUE))) | AD74: =IF(ISERROR(IF(AC74="","",VLOOKUP(AC74,DESCRIPTORS,4,TRUE))),"",IF(AC74="","",VLOOKUP(AC74,DESCRIPTORS,4,TRUE)))
... A112: 50 | B112: ='INPUT DATA'!P58 -> 0 | K112: =IF(COUNT($F112:$J112)=0,"",SUM($F112:$J112)) | L112: =IF(ISERROR(IF($K112="","",ROUND(($K112/$K$10)*$L$10,2))),"",IF($K112="","",ROUND(($K112/$K$10)*$L$10,2))) | M112: =IF($L112="","",ROUND($L112*$M$10,2)) | Q112: =IF(COUNT($N112:$P112)=0,"",SUM($N112:$P112)) | R112: =IF(ISERROR(IF($Q112="","",ROUND(($Q112/$Q$10)*$R$10,2))),"",IF($Q112="","",ROUND(($Q112/$Q$10)*$R$10,2))) | S112: =IF($R112="","",ROUND($R112*$S$10,2)) | W112: =IF(OR(T112="",$T$10=""),"",(T112/$T$10)*$W$10) | X112: =IF(OR(U112="",$U$10=""),"",(U112/$U$10)*$X$10) | Y112: =IF(OR(V112="",$V$10=""),"",(V112/$V$10)*$Y$10) | Z112: =IF(COUNT($W112:$Y112)=0,"",IFERROR(ROUND((SUM($W112:$Y112)/SUM($W$10:$Y$10))*$Z$10,2),"")) | AA112: =IF($Z112="","",ROUND($Z112*$AA$10,2)) | AB112: =IF(ISERROR(IF($Z112="","",ROUND(SUM($M112,$S112,$AA112),2))),"",IF($Z112="","",ROUND(SUM($M112,$S112,$AA112),2))) | AC112: =IF(ISERROR(IF($Z112="","",VLOOKUP(AB112,NewTransmu,4,TRUE))),"",IF($Z112="","",VLOOKUP(AB112,NewTransmu,4,TRUE))) | AD112: =IF(ISERROR(IF(AC112="","",VLOOKUP(AC112,DESCRIPTORS,4,TRUE))),"",IF(AC112="","",VLOOKUP(AC112,DESCRIPTORS,4,TRUE)))
B114: LEVEL OF PROGRESS AND ACHIEVEMENT
B115: Descriptor & Grading | F115: Male | J115: Female | M115: Total
B116: Advancing (90-100) | F116: =COUNTIF( $AD$12:$AD$61, "Advancing" ) -> 0 | J116: =COUNTIF( $AD$63:$AD$112, "Advancing" ) -> 0 | M116: =F116+J116 -> 0 | R116: Prepared By:
B117: Benchmarking (80-89) | F117: =COUNTIF( $AD$12:$AD$61, "Benchmarking" ) -> 0 | J117: =COUNTIF( $AD$63:$AD$112, "Benchmarking" ) -> 0 | M117: =F117+J117 -> 0 | R117: ='INPUT DATA'!E17 -> SAMUEL A. SILVERIO | Z117: ='INPUT DATA'!E20 -> JUANA DELA CRUZ
B118: Connecting (75-79) | F118: =COUNTIF( $AD$12:$AD$61, "Connecting" ) -> 0 | J118: =COUNTIF( $AD$63:$AD$112, "Connecting" ) -> 0 | M118: =F118+J118 -> 0 | R118: ='INPUT DATA'!E18 -> TEACHER VI | Z118: ='INPUT DATA'!E21 -> PRINCIPAL III
B119: Developing (65-74) | F119: =COUNTIF( $AD$12:$AD$61, "Developing" ) -> 0 | J119: =COUNTIF( $AD$63:$AD$112, "Developing" ) -> 0 | M119: =F119+J119 -> 0
B120: Emerging (0-64) | F120: =COUNTIF( $AD$12:$AD$61, "Emerging" ) -> 0 | J120: =COUNTIF( $AD$63:$AD$112, "Emerging" ) -> 0 | M120: =F120+J120 -> 0
B121: Total | F121: =SUM(F116:F120) -> 0 | J121: =SUM(J116:J120) -> 0 | M121: =F121+J121 -> 0

Sheet SUMMARY OF GRADES
A1: Summary of Term Grades
B5: REGION | G5: ='INPUT DATA'!E8 -> X | L5: DIVISION | O5: ='INPUT DATA'!E9 -> EDUFILES
B6: SCHOOL NAME | G6: ='INPUT DATA'!E10 -> EFILES NATIONAL HIGH SCHOOL | S6: SCHOOL ID | W6: ='INPUT DATA'!E11 -> 123456
B8: LEARNERS' NAMES | F8: GRADE & SECTION: | K8: ='INPUT DATA'!E14 -> IV - MAKABANSA | S8: SCHOOL YEAR: | W8: ='INPUT DATA'!E12 -> 2026 -2027
F9: TEACHER: | K9: ='INPUT DATA'!E17 -> SAMUEL A. SILVERIO | S9: SUBJECT: | W9: ='INPUT DATA'!E15 -> SCIENCE
F10: TERM 1 | J10: TERM 2 | N10: TERM 3 | R10: FINAL GRADE | V10: DESCRIPTOR | Z10: REMARK
B12: MALE
A13: 1 | B13: ='INPUT DATA'!J9 -> 0 | F13: =TERM1!AC12 | J13: =TERM2!AC12 | N13: =TERM3!AC12 | R13: =IF(OR(F13="",J13="",N13=""),"",IF(ISERROR(ROUND(AVERAGE(F13,J13,N13),0)),"",ROUND(AVERAGE(F13,J13,N13),0))) | V13: =IF(ISERROR(IF(R13="","",VLOOKUP(R13,DESCRIPTORS,4,TRUE))),"",IF(R13="","",VLOOKUP(R13,DESCRIPTORS,4,TRUE))) | Z13: =IF(OR($F13="",$J13="",$N13="",$R13=""),"",IF($R13>=75,"PASSED","FAILED"))
A14: 2 | B14: ='INPUT DATA'!J10 -> 0 | F14: =TERM1!AC13 | J14: =TERM2!AC13 | N14: =TERM3!AC13 | R14: =IF(OR(F14="",J14="",N14=""),"",IF(ISERROR(ROUND(AVERAGE(F14,J14,N14),0)),"",ROUND(AVERAGE(F14,J14,N14),0))) | V14: =IF(ISERROR(IF(R14="","",VLOOKUP(R14,DESCRIPTORS,4,TRUE))),"",IF(R14="","",VLOOKUP(R14,DESCRIPTORS,4,TRUE))) | Z14: =IF(OR($F14="",$J14="",$N14="",$R14=""),"",IF($R14>=75,"PASSED","FAILED"))
A15: 3 | B15: ='INPUT DATA'!J11 -> 0 | F15: =TERM1!AC14 | J15: =TERM2!AC14 | N15: =TERM3!AC14 | R15: =IF(OR(F15="",J15="",N15=""),"",IF(ISERROR(ROUND(AVERAGE(F15,J15,N15),0)),"",ROUND(AVERAGE(F15,J15,N15),0))) | V15: =IF(ISERROR(IF(R15="","",VLOOKUP(R15,DESCRIPTORS,4,TRUE))),"",IF(R15="","",VLOOKUP(R15,DESCRIPTORS,4,TRUE))) | Z15: =IF(OR($F15="",$J15="",$N15="",$R15=""),"",IF($R15>=75,"PASSED","FAILED"))
A16: 4 | B16: ='INPUT DATA'!J12 -> 0 | F16: =TERM1!AC15 | J16: =TERM2!AC15 | N16: =TERM3!AC15 | R16: =IF(OR(F16="",J16="",N16=""),"",IF(ISERROR(ROUND(AVERAGE(F16,J16,N16),0)),"",ROUND(AVERAGE(F16,J16,N16),0))) | V16: =IF(ISERROR(IF(R16="","",VLOOKUP(R16,DESCRIPTORS,4,TRUE))),"",IF(R16="","",VLOOKUP(R16,DESCRIPTORS,4,TRUE))) | Z16: =IF(OR($F16="",$J16="",$N16="",$R16=""),"",IF($R16>=75,"PASSED","FAILED"))
A17: 5 | B17: ='INPUT DATA'!J13 -> 0 | F17: =TERM1!AC16 | J17: =TERM2!AC16 | N17: =TERM3!AC16 | R17: =IF(OR(F17="",J17="",N17=""),"",IF(ISERROR(ROUND(AVERAGE(F17,J17,N17),0)),"",ROUND(AVERAGE(F17,J17,N17),0))) | V17: =IF(ISERROR(IF(R17="","",VLOOKUP(R17,DESCRIPTORS,4,TRUE))),"",IF(R17="","",VLOOKUP(R17,DESCRIPTORS,4,TRUE))) | Z17: =IF(OR($F17="",$J17="",$N17="",$R17=""),"",IF($R17>=75,"PASSED","FAILED"))
A18: 6 | B18: ='INPUT DATA'!J14 -> 0 | F18: =TERM1!AC17 | J18: =TERM2!AC17 | N18: =TERM3!AC17 | R18: =IF(OR(F18="",J18="",N18=""),"",IF(ISERROR(ROUND(AVERAGE(F18,J18,N18),0)),"",ROUND(AVERAGE(F18,J18,N18),0))) | V18: =IF(ISERROR(IF(R18="","",VLOOKUP(R18,DESCRIPTORS,4,TRUE))),"",IF(R18="","",VLOOKUP(R18,DESCRIPTORS,4,TRUE))) | Z18: =IF(OR($F18="",$J18="",$N18="",$R18=""),"",IF($R18>=75,"PASSED","FAILED"))
A19: 7 | B19: ='INPUT DATA'!J15 -> 0 | F19: =TERM1!AC18 | J19: =TERM2!AC18 | N19: =TERM3!AC18 | R19: =IF(OR(F19="",J19="",N19=""),"",IF(ISERROR(ROUND(AVERAGE(F19,J19,N19),0)),"",ROUND(AVERAGE(F19,J19,N19),0))) | V19: =IF(ISERROR(IF(R19="","",VLOOKUP(R19,DESCRIPTORS,4,TRUE))),"",IF(R19="","",VLOOKUP(R19,DESCRIPTORS,4,TRUE))) | Z19: =IF(OR($F19="",$J19="",$N19="",$R19=""),"",IF($R19>=75,"PASSED","FAILED"))
A20: 8 | B20: ='INPUT DATA'!J16 -> 0 | D20: 0 | F20: =TERM1!AC19 | J20: =TERM2!AC19 | N20: =TERM3!AC19 | R20: =IF(OR(F20="",J20="",N20=""),"",IF(ISERROR(ROUND(AVERAGE(F20,J20,N20),0)),"",ROUND(AVERAGE(F20,J20,N20),0))) | V20: =IF(ISERROR(IF(R20="","",VLOOKUP(R20,DESCRIPTORS,4,TRUE))),"",IF(R20="","",VLOOKUP(R20,DESCRIPTORS,4,TRUE))) | Z20: =IF(OR($F20="",$J20="",$N20="",$R20=""),"",IF($R20>=75,"PASSED","FAILED"))
A21: 9 | B21: ='INPUT DATA'!J17 -> 0 | F21: =TERM1!AC20 | J21: =TERM2!AC20 | N21: =TERM3!AC20 | R21: =IF(OR(F21="",J21="",N21=""),"",IF(ISERROR(ROUND(AVERAGE(F21,J21,N21),0)),"",ROUND(AVERAGE(F21,J21,N21),0))) | V21: =IF(ISERROR(IF(R21="","",VLOOKUP(R21,DESCRIPTORS,4,TRUE))),"",IF(R21="","",VLOOKUP(R21,DESCRIPTORS,4,TRUE))) | Z21: =IF(OR($F21="",$J21="",$N21="",$R21=""),"",IF($R21>=75,"PASSED","FAILED"))
A22: 10 | B22: ='INPUT DATA'!J18 -> 0 | F22: =TERM1!AC21 | J22: =TERM2!AC21 | N22: =TERM3!AC21 | R22: =IF(OR(F22="",J22="",N22=""),"",IF(ISERROR(ROUND(AVERAGE(F22,J22,N22),0)),"",ROUND(AVERAGE(F22,J22,N22),0))) | V22: =IF(ISERROR(IF(R22="","",VLOOKUP(R22,DESCRIPTORS,4,TRUE))),"",IF(R22="","",VLOOKUP(R22,DESCRIPTORS,4,TRUE))) | Z22: =IF(OR($F22="",$J22="",$N22="",$R22=""),"",IF($R22>=75,"PASSED","FAILED"))
A23: 11 | B23: ='INPUT DATA'!J19 -> 0 | D23: 0 | F23: =TERM1!AC22 | J23: =TERM2!AC22 | N23: =TERM3!AC22 | R23: =IF(OR(F23="",J23="",N23=""),"",IF(ISERROR(ROUND(AVERAGE(F23,J23,N23),0)),"",ROUND(AVERAGE(F23,J23,N23),0))) | V23: =IF(ISERROR(IF(R23="","",VLOOKUP(R23,DESCRIPTORS,4,TRUE))),"",IF(R23="","",VLOOKUP(R23,DESCRIPTORS,4,TRUE))) | Z23: =IF(OR($F23="",$J23="",$N23="",$R23=""),"",IF($R23>=75,"PASSED","FAILED"))
A24: 12 | B24: ='INPUT DATA'!J20 -> 0 | F24: =TERM1!AC23 | J24: =TERM2!AC23 | N24: =TERM3!AC23 | R24: =IF(OR(F24="",J24="",N24=""),"",IF(ISERROR(ROUND(AVERAGE(F24,J24,N24),0)),"",ROUND(AVERAGE(F24,J24,N24),0))) | V24: =IF(ISERROR(IF(R24="","",VLOOKUP(R24,DESCRIPTORS,4,TRUE))),"",IF(R24="","",VLOOKUP(R24,DESCRIPTORS,4,TRUE))) | Z24: =IF(OR($F24="",$J24="",$N24="",$R24=""),"",IF($R24>=75,"PASSED","FAILED"))
A25: 13 | B25: ='INPUT DATA'!J21 -> 0 | F25: =TERM1!AC24 | J25: =TERM2!AC24 | N25: =TERM3!AC24 | R25: =IF(OR(F25="",J25="",N25=""),"",IF(ISERROR(ROUND(AVERAGE(F25,J25,N25),0)),"",ROUND(AVERAGE(F25,J25,N25),0))) | V25: =IF(ISERROR(IF(R25="","",VLOOKUP(R25,DESCRIPTORS,4,TRUE))),"",IF(R25="","",VLOOKUP(R25,DESCRIPTORS,4,TRUE))) | Z25: =IF(OR($F25="",$J25="",$N25="",$R25=""),"",IF($R25>=75,"PASSED","FAILED"))
A26: 14 | B26: ='INPUT DATA'!J22 -> 0 | F26: =TERM1!AC25 | J26: =TERM2!AC25 | N26: =TERM3!AC25 | R26: =IF(OR(F26="",J26="",N26=""),"",IF(ISERROR(ROUND(AVERAGE(F26,J26,N26),0)),"",ROUND(AVERAGE(F26,J26,N26),0))) | V26: =IF(ISERROR(IF(R26="","",VLOOKUP(R26,DESCRIPTORS,4,TRUE))),"",IF(R26="","",VLOOKUP(R26,DESCRIPTORS,4,TRUE))) | Z26: =IF(OR($F26="",$J26="",$N26="",$R26=""),"",IF($R26>=75,"PASSED","FAILED"))
A27: 15 | B27: ='INPUT DATA'!J23 -> 0 | F27: =TERM1!AC26 | J27: =TERM2!AC26 | N27: =TERM3!AC26 | R27: =IF(OR(F27="",J27="",N27=""),"",IF(ISERROR(ROUND(AVERAGE(F27,J27,N27),0)),"",ROUND(AVERAGE(F27,J27,N27),0))) | V27: =IF(ISERROR(IF(R27="","",VLOOKUP(R27,DESCRIPTORS,4,TRUE))),"",IF(R27="","",VLOOKUP(R27,DESCRIPTORS,4,TRUE))) | Z27: =IF(OR($F27="",$J27="",$N27="",$R27=""),"",IF($R27>=75,"PASSED","FAILED"))
A28: 16 | B28: ='INPUT DATA'!J24 -> 0 | F28: =TERM1!AC27 | J28: =TERM2!AC27 | N28: =TERM3!AC27 | R28: =IF(OR(F28="",J28="",N28=""),"",IF(ISERROR(ROUND(AVERAGE(F28,J28,N28),0)),"",ROUND(AVERAGE(F28,J28,N28),0))) | V28: =IF(ISERROR(IF(R28="","",VLOOKUP(R28,DESCRIPTORS,4,TRUE))),"",IF(R28="","",VLOOKUP(R28,DESCRIPTORS,4,TRUE))) | Z28: =IF(OR($F28="",$J28="",$N28="",$R28=""),"",IF($R28>=75,"PASSED","FAILED"))
A29: 17 | B29: ='INPUT DATA'!J25 -> 0 | F29: =TERM1!AC28 | J29: =TERM2!AC28 | N29: =TERM3!AC28 | R29: =IF(OR(F29="",J29="",N29=""),"",IF(ISERROR(ROUND(AVERAGE(F29,J29,N29),0)),"",ROUND(AVERAGE(F29,J29,N29),0))) | V29: =IF(ISERROR(IF(R29="","",VLOOKUP(R29,DESCRIPTORS,4,TRUE))),"",IF(R29="","",VLOOKUP(R29,DESCRIPTORS,4,TRUE))) | Z29: =IF(OR($F29="",$J29="",$N29="",$R29=""),"",IF($R29>=75,"PASSED","FAILED"))
A30: 18 | B30: ='INPUT DATA'!J26 -> 0 | F30: =TERM1!AC29 | J30: =TERM2!AC29 | N30: =TERM3!AC29 | R30: =IF(OR(F30="",J30="",N30=""),"",IF(ISERROR(ROUND(AVERAGE(F30,J30,N30),0)),"",ROUND(AVERAGE(F30,J30,N30),0))) | V30: =IF(ISERROR(IF(R30="","",VLOOKUP(R30,DESCRIPTORS,4,TRUE))),"",IF(R30="","",VLOOKUP(R30,DESCRIPTORS,4,TRUE))) | Z30: =IF(OR($F30="",$J30="",$N30="",$R30=""),"",IF($R30>=75,"PASSED","FAILED"))
A31: 19 | B31: ='INPUT DATA'!J27 -> 0 | F31: =TERM1!AC30 | J31: =TERM2!AC30 | N31: =TERM3!AC30 | R31: =IF(OR(F31="",J31="",N31=""),"",IF(ISERROR(ROUND(AVERAGE(F31,J31,N31),0)),"",ROUND(AVERAGE(F31,J31,N31),0))) | V31: =IF(ISERROR(IF(R31="","",VLOOKUP(R31,DESCRIPTORS,4,TRUE))),"",IF(R31="","",VLOOKUP(R31,DESCRIPTORS,4,TRUE))) | Z31: =IF(OR($F31="",$J31="",$N31="",$R31=""),"",IF($R31>=75,"PASSED","FAILED"))
A32: 20 | B32: ='INPUT DATA'!J28 -> 0 | F32: =TERM1!AC31 | J32: =TERM2!AC31 | N32: =TERM3!AC31 | R32: =IF(OR(F32="",J32="",N32=""),"",IF(ISERROR(ROUND(AVERAGE(F32,J32,N32),0)),"",ROUND(AVERAGE(F32,J32,N32),0))) | V32: =IF(ISERROR(IF(R32="","",VLOOKUP(R32,DESCRIPTORS,4,TRUE))),"",IF(R32="","",VLOOKUP(R32,DESCRIPTORS,4,TRUE))) | Z32: =IF(OR($F32="",$J32="",$N32="",$R32=""),"",IF($R32>=75,"PASSED","FAILED"))
A33: 21 | B33: ='INPUT DATA'!J29 -> 0 | F33: =TERM1!AC32 | J33: =TERM2!AC32 | N33: =TERM3!AC32 | R33: =IF(OR(F33="",J33="",N33=""),"",IF(ISERROR(ROUND(AVERAGE(F33,J33,N33),0)),"",ROUND(AVERAGE(F33,J33,N33),0))) | V33: =IF(ISERROR(IF(R33="","",VLOOKUP(R33,DESCRIPTORS,4,TRUE))),"",IF(R33="","",VLOOKUP(R33,DESCRIPTORS,4,TRUE))) | Z33: =IF(OR($F33="",$J33="",$N33="",$R33=""),"",IF($R33>=75,"PASSED","FAILED"))
A34: 22 | B34: ='INPUT DATA'!J30 -> 0 | F34: =TERM1!AC33 | J34: =TERM2!AC33 | N34: =TERM3!AC33 | R34: =IF(OR(F34="",J34="",N34=""),"",IF(ISERROR(ROUND(AVERAGE(F34,J34,N34),0)),"",ROUND(AVERAGE(F34,J34,N34),0))) | V34: =IF(ISERROR(IF(R34="","",VLOOKUP(R34,DESCRIPTORS,4,TRUE))),"",IF(R34="","",VLOOKUP(R34,DESCRIPTORS,4,TRUE))) | Z34: =IF(OR($F34="",$J34="",$N34="",$R34=""),"",IF($R34>=75,"PASSED","FAILED"))
A35: 23 | B35: ='INPUT DATA'!J31 -> 0 | F35: =TERM1!AC34 | J35: =TERM2!AC34 | N35: =TERM3!AC34 | R35: =IF(OR(F35="",J35="",N35=""),"",IF(ISERROR(ROUND(AVERAGE(F35,J35,N35),0)),"",ROUND(AVERAGE(F35,J35,N35),0))) | V35: =IF(ISERROR(IF(R35="","",VLOOKUP(R35,DESCRIPTORS,4,TRUE))),"",IF(R35="","",VLOOKUP(R35,DESCRIPTORS,4,TRUE))) | Z35: =IF(OR($F35="",$J35="",$N35="",$R35=""),"",IF($R35>=75,"PASSED","FAILED"))
... A61: 49 | B61: ='INPUT DATA'!J57 -> 0 | F61: =TERM1!AC60 | J61: =TERM2!AC60 | N61: =TERM3!AC60 | R61: =IF(OR(F61="",J61="",N61=""),"",IF(ISERROR(ROUND(AVERAGE(F61,J61,N61),0)),"",ROUND(AVERAGE(F61,J61,N61),0))) | V61: =IF(ISERROR(IF(R61="","",VLOOKUP(R61,DESCRIPTORS,4,TRUE))),"",IF(R61="","",VLOOKUP(R61,DESCRIPTORS,4,TRUE))) | Z61: =IF(OR($F61="",$J61="",$N61="",$R61=""),"",IF($R61>=75,"PASSED","FAILED"))
A62: 50 | B62: ='INPUT DATA'!J58 -> 0 | C62: 0 | F62: =TERM1!AC61 | J62: =TERM2!AC61 | N62: =TERM3!AC61 | R62: =IF(OR(F62="",J62="",N62=""),"",IF(ISERROR(ROUND(AVERAGE(F62,J62,N62),0)),"",ROUND(AVERAGE(F62,J62,N62),0))) | V62: =IF(ISERROR(IF(R62="","",VLOOKUP(R62,DESCRIPTORS,4,TRUE))),"",IF(R62="","",VLOOKUP(R62,DESCRIPTORS,4,TRUE))) | Z62: =IF(OR($F62="",$J62="",$N62="",$R62=""),"",IF($R62>=75,"PASSED","FAILED"))
B63: FEMALE | V63: =IF(OR(F63="",J63="",N63="",R63=""),"",IF(ISERROR(ROUND(AVERAGE(F63,J63,N63,R63),0)),"",ROUND(AVERAGE(F63,J63,N63,R63),0))) | Z63: =IF(OR($F63="",$J63="",$N63="",$R63="",$V63=""),"",IF($V63>=75,"PASSED","FAILED"))
A64: 1 | B64: ='INPUT DATA'!P9 -> 0 | F64: =TERM1!AC63 | J64: =TERM2!AC63 | N64: =TERM3!AC63 | R64: =IF(OR(F64="",J64="",N64=""),"",IF(ISERROR(ROUND(AVERAGE(F64,J64,N64),0)),"",ROUND(AVERAGE(F64,J64,N64),0))) | V64: =IF(ISERROR(IF(R64="","",VLOOKUP(R64,DESCRIPTORS,4,TRUE))),"",IF(R64="","",VLOOKUP(R64,DESCRIPTORS,4,TRUE))) | Z64: =IF(OR($F64="",$J64="",$N64="",$R64=""),"",IF($R64>=75,"PASSED","FAILED"))
A65: 2 | B65: ='INPUT DATA'!P10 -> 0 | F65: =TERM1!AC64 | J65: =TERM2!AC64 | N65: =TERM3!AC64 | R65: =IF(OR(F65="",J65="",N65=""),"",IF(ISERROR(ROUND(AVERAGE(F65,J65,N65),0)),"",ROUND(AVERAGE(F65,J65,N65),0))) | V65: =IF(ISERROR(IF(R65="","",VLOOKUP(R65,DESCRIPTORS,4,TRUE))),"",IF(R65="","",VLOOKUP(R65,DESCRIPTORS,4,TRUE))) | Z65: =IF(OR($F65="",$J65="",$N65="",$R65=""),"",IF($R65>=75,"PASSED","FAILED"))
A66: 3 | B66: ='INPUT DATA'!P11 -> 0 | F66: =TERM1!AC65 | J66: =TERM2!AC65 | N66: =TERM3!AC65 | R66: =IF(OR(F66="",J66="",N66=""),"",IF(ISERROR(ROUND(AVERAGE(F66,J66,N66),0)),"",ROUND(AVERAGE(F66,J66,N66),0))) | V66: =IF(ISERROR(IF(R66="","",VLOOKUP(R66,DESCRIPTORS,4,TRUE))),"",IF(R66="","",VLOOKUP(R66,DESCRIPTORS,4,TRUE))) | Z66: =IF(OR($F66="",$J66="",$N66="",$R66=""),"",IF($R66>=75,"PASSED","FAILED"))
A67: 4 | B67: ='INPUT DATA'!P12 -> 0 | F67: =TERM1!AC66 | J67: =TERM2!AC66 | N67: =TERM3!AC66 | R67: =IF(OR(F67="",J67="",N67=""),"",IF(ISERROR(ROUND(AVERAGE(F67,J67,N67),0)),"",ROUND(AVERAGE(F67,J67,N67),0))) | V67: =IF(ISERROR(IF(R67="","",VLOOKUP(R67,DESCRIPTORS,4,TRUE))),"",IF(R67="","",VLOOKUP(R67,DESCRIPTORS,4,TRUE))) | Z67: =IF(OR($F67="",$J67="",$N67="",$R67=""),"",IF($R67>=75,"PASSED","FAILED"))
A68: 5 | B68: ='INPUT DATA'!P13 -> 0 | F68: =TERM1!AC67 | J68: =TERM2!AC67 | N68: =TERM3!AC67 | R68: =IF(OR(F68="",J68="",N68=""),"",IF(ISERROR(ROUND(AVERAGE(F68,J68,N68),0)),"",ROUND(AVERAGE(F68,J68,N68),0))) | V68: =IF(ISERROR(IF(R68="","",VLOOKUP(R68,DESCRIPTORS,4,TRUE))),"",IF(R68="","",VLOOKUP(R68,DESCRIPTORS,4,TRUE))) | Z68: =IF(OR($F68="",$J68="",$N68="",$R68=""),"",IF($R68>=75,"PASSED","FAILED"))
A69: 6 | B69: ='INPUT DATA'!P14 -> 0 | F69: =TERM1!AC68 | J69: =TERM2!AC68 | N69: =TERM3!AC68 | R69: =IF(OR(F69="",J69="",N69=""),"",IF(ISERROR(ROUND(AVERAGE(F69,J69,N69),0)),"",ROUND(AVERAGE(F69,J69,N69),0))) | V69: =IF(ISERROR(IF(R69="","",VLOOKUP(R69,DESCRIPTORS,4,TRUE))),"",IF(R69="","",VLOOKUP(R69,DESCRIPTORS,4,TRUE))) | Z69: =IF(OR($F69="",$J69="",$N69="",$R69=""),"",IF($R69>=75,"PASSED","FAILED"))
A70: 7 | B70: ='INPUT DATA'!P15 -> 0 | F70: =TERM1!AC69 | J70: =TERM2!AC69 | N70: =TERM3!AC69 | R70: =IF(OR(F70="",J70="",N70=""),"",IF(ISERROR(ROUND(AVERAGE(F70,J70,N70),0)),"",ROUND(AVERAGE(F70,J70,N70),0))) | V70: =IF(ISERROR(IF(R70="","",VLOOKUP(R70,DESCRIPTORS,4,TRUE))),"",IF(R70="","",VLOOKUP(R70,DESCRIPTORS,4,TRUE))) | Z70: =IF(OR($F70="",$J70="",$N70="",$R70=""),"",IF($R70>=75,"PASSED","FAILED"))
A71: 8 | B71: ='INPUT DATA'!P16 -> 0 | F71: =TERM1!AC70 | J71: =TERM2!AC70 | N71: =TERM3!AC70 | R71: =IF(OR(F71="",J71="",N71=""),"",IF(ISERROR(ROUND(AVERAGE(F71,J71,N71),0)),"",ROUND(AVERAGE(F71,J71,N71),0))) | V71: =IF(ISERROR(IF(R71="","",VLOOKUP(R71,DESCRIPTORS,4,TRUE))),"",IF(R71="","",VLOOKUP(R71,DESCRIPTORS,4,TRUE))) | Z71: =IF(OR($F71="",$J71="",$N71="",$R71=""),"",IF($R71>=75,"PASSED","FAILED"))
A72: 9 | B72: ='INPUT DATA'!P17 -> 0 | F72: =TERM1!AC71 | J72: =TERM2!AC71 | N72: =TERM3!AC71 | R72: =IF(OR(F72="",J72="",N72=""),"",IF(ISERROR(ROUND(AVERAGE(F72,J72,N72),0)),"",ROUND(AVERAGE(F72,J72,N72),0))) | V72: =IF(ISERROR(IF(R72="","",VLOOKUP(R72,DESCRIPTORS,4,TRUE))),"",IF(R72="","",VLOOKUP(R72,DESCRIPTORS,4,TRUE))) | Z72: =IF(OR($F72="",$J72="",$N72="",$R72=""),"",IF($R72>=75,"PASSED","FAILED"))
A73: 10 | B73: ='INPUT DATA'!P18 -> 0 | F73: =TERM1!AC72 | J73: =TERM2!AC72 | N73: =TERM3!AC72 | R73: =IF(OR(F73="",J73="",N73=""),"",IF(ISERROR(ROUND(AVERAGE(F73,J73,N73),0)),"",ROUND(AVERAGE(F73,J73,N73),0))) | V73: =IF(ISERROR(IF(R73="","",VLOOKUP(R73,DESCRIPTORS,4,TRUE))),"",IF(R73="","",VLOOKUP(R73,DESCRIPTORS,4,TRUE))) | Z73: =IF(OR($F73="",$J73="",$N73="",$R73=""),"",IF($R73>=75,"PASSED","FAILED"))
A74: 11 | B74: ='INPUT DATA'!P19 -> 0 | F74: =TERM1!AC73 | J74: =TERM2!AC73 | N74: =TERM3!AC73 | R74: =IF(OR(F74="",J74="",N74=""),"",IF(ISERROR(ROUND(AVERAGE(F74,J74,N74),0)),"",ROUND(AVERAGE(F74,J74,N74),0))) | V74: =IF(ISERROR(IF(R74="","",VLOOKUP(R74,DESCRIPTORS,4,TRUE))),"",IF(R74="","",VLOOKUP(R74,DESCRIPTORS,4,TRUE))) | Z74: =IF(OR($F74="",$J74="",$N74="",$R74=""),"",IF($R74>=75,"PASSED","FAILED"))
A75: 12 | B75: ='INPUT DATA'!P20 -> 0 | F75: =TERM1!AC74 | J75: =TERM2!AC74 | N75: =TERM3!AC74 | R75: =IF(OR(F75="",J75="",N75=""),"",IF(ISERROR(ROUND(AVERAGE(F75,J75,N75),0)),"",ROUND(AVERAGE(F75,J75,N75),0))) | V75: =IF(ISERROR(IF(R75="","",VLOOKUP(R75,DESCRIPTORS,4,TRUE))),"",IF(R75="","",VLOOKUP(R75,DESCRIPTORS,4,TRUE))) | Z75: =IF(OR($F75="",$J75="",$N75="",$R75=""),"",IF($R75>=75,"PASSED","FAILED"))
... A113: 50 | B113: ='INPUT DATA'!P58 -> 0 | F113: =TERM1!AC112 | J113: =TERM2!AC112 | N113: =TERM3!AC112 | R113: =IF(OR(F113="",J113="",N113=""),"",IF(ISERROR(ROUND(AVERAGE(F113,J113,N113),0)),"",ROUND(AVERAGE(F113,J113,N113),0))) | V113: =IF(ISERROR(IF(R113="","",VLOOKUP(R113,DESCRIPTORS,4,TRUE))),"",IF(R113="","",VLOOKUP(R113,DESCRIPTORS,4,TRUE))) | Z113: =IF(OR($F113="",$J113="",$N113="",$R113=""),"",IF($R113>=75,"PASSED","FAILED"))
B115: LEVEL OF PROGRESS AND ACHIEVEMENT
B116: Descriptor & Grading | F116: Male | J116: Female | M116: Total
B117: Advancing (90-100) | F117: =COUNTIF( $V$12:$V$61, "Advancing" ) -> 0 | J117: =COUNTIF( $V$63:$V$112, "Advancing" ) -> 0 | M117: =F117+J117 -> 0 | R117: Prepared By: | W117: Noted:
B118: Benchmarking (80-89) | F118: =COUNTIF( $V$12:$V$61, "Benchmarking" ) -> 0 | J118: =COUNTIF( $V$63:$V$112, "Benchmarking" ) -> 0 | M118: =F118+J118 -> 0 | Q118: ='INPUT DATA'!E17 -> SAMUEL A. SILVERIO | X118: ='INPUT DATA'!E20 -> JUANA DELA CRUZ
B119: Connecting (75-79) | F119: =COUNTIF( $V$12:$V$61, "Connecting" ) -> 0 | J119: =COUNTIF( $V$63:$V$112, "Connecting" ) -> 0 | M119: =F119+J119 -> 0 | Q119: ='INPUT DATA'!E18 -> TEACHER VI | X119: ='INPUT DATA'!E21 -> PRINCIPAL III
B120: Developing (65-74) | F120: =COUNTIF( $V$12:$V$61, "Developing" ) -> 0 | J120: =COUNTIF( $V$63:$V$112, "Developing" ) -> 0 | M120: =F120+J120 -> 0
B121: Emerging (0-64) | F121: =COUNTIF( $V$12:$V$61, "Emerging" ) -> 0 | J121: =COUNTIF( $V$63:$V$112, "Emerging" ) -> 0 | M121: =F121+J121 -> 0
B122: Total | F122: =SUM(F117:F121) -> 0 | J122: =SUM(J117:J121) -> 0 | M122: =F122+J122 -> 0

Sheet Helper (Do Not Delete)
B2: SUBJECT | C2: WWs | D2: PTs | E2: STs-TE | F2: TOTAL | H2: TRANSMUTATION TABLE | T2: DESCRIPTORS
B3: FILIPINO | C3: 0.2 | D3: 0.5 | E3: 0.3 | F3: =SUM(C3:E3) -> 1 | H3: 0 | I3: - | J3: 4.67 | K3: 60 | T3: 0 | U3: - | V3: 64 | W3: Emerging
B4: ENGLISH | C4: 0.2 | D4: 0.5 | E4: 0.3 | F4: =SUM(C4:E4) -> 1 | H4: 4.68 | I4: - | J4: 9.34 | K4: 61 | T4: 65 | U4: - | V4: 74 | W4: Developing
B5: MATHEMATICS | C5: 0.2 | D5: 0.5 | E5: 0.3 | F5: =SUM(C5:E5) -> 1 | H5: 9.35 | I5: - | J5: 14 | K5: 62 | T5: 75 | U5: - | V5: 79 | W5: Connecting
B6: SCIENCE | C6: 0.2 | D6: 0.5 | E6: 0.3 | F6: =SUM(C6:E6) -> 1 | H6: 14.01 | I6: - | J6: 18.67 | K6: 63 | T6: 80 | U6: - | V6: 89 | W6: Benchmarking
B7: ARALING PANLIPUNAN | C7: 0.2 | D7: 0.5 | E7: 0.3 | F7: =SUM(C7:E7) -> 1 | H7: 18.68 | I7: - | J7: 23.34 | K7: 64 | T7: 90 | U7: - | V7: 100 | W7: Advancing
B8: GMRC | C8: 0.2 | D8: 0.5 | E8: 0.3 | F8: =SUM(C8:E8) -> 1 | H8: 23.35 | I8: - | J8: 28 | K8: 65
B9: EPP | C9: 0.2 | D9: 0.6 | E9: 0.2 | F9: =SUM(C9:E9) -> 1 | H9: 28.01 | I9: - | J9: 32.67 | K9: 66
B10: TLE | C10: 0.2 | D10: 0.6 | E10: 0.2 | F10: =SUM(C10:E10) -> 1 | H10: 32.68 | I10: - | J10: 37.33 | K10: 67
B11: VALUES EDUCATION | C11: 0.2 | D11: 0.5 | E11: 0.3 | F11: =SUM(C11:E11) -> 1 | H11: 37.34 | I11: - | J11: 42 | K11: 68
H12: 42.01 | I12: - | J12: 46.66 | K12: 69
H13: 46.67 | I13: - | J13: 51.33 | K13: 70
H14: 51.34 | I14: - | J14: 56 | K14: 71
H15: 56.01 | I15: - | J15: 60.66 | K15: 72
H16: 60.67 | I16: - | J16: 65.33 | K16: 73
H17: 65.34 | I17: - | J17: 69.99 | K17: 74
H18: 70 | I18: - | J18: 71.17 | K18: 75
H19: 71.18 | I19: - | J19: 72.35 | K19: 76
H20: 72.36 | I20: - | J20: 73.53 | K20: 77
H21: 73.54 | I21: - | J21: 74.71 | K21: 78
H22: 74.72 | I22: - | J22: 75.89 | K22: 79
H23: 75.9 | I23: - | J23: 77.07 | K23: 80
... H43: 99.5 | I43: - | J43: 100 | K43: 100
